prompt,source url,query,published_time,modified_time,author
"I am aware of my strengths and skills, which have helped me on my path to where I am today. I feel grateful for…",https://positivepsychology.com/journaling-for-mindfulness/,mindfulness journaling prompts,2020-07-08,2025-06-11,"Alicia Nortje, Ph.D."
"I think of the people who are important to me. These people are my family and/or my friends. I reflect on how they affect my life and how I feel when I spend time with them. With these thoughts in mind, I am grateful for…",https://positivepsychology.com/journaling-for-mindfulness/,mindfulness journaling prompts,2020-07-08,2025-06-11,"Alicia Nortje, Ph.D."
"I think of the home that I live in, and I reflect on how it provides my family and me with a safe, secure, stable place for us to live. I feel grateful for…",https://positivepsychology.com/journaling-for-mindfulness/,mindfulness journaling prompts,2020-07-08,2025-06-11,"Alicia Nortje, Ph.D."
"I think of the work that I perform in my career or at home. I reflect on how it affects my life, including my physical and emotional wellbeing. With these thoughts in mind, I feel grateful for…",https://positivepsychology.com/journaling-for-mindfulness/,mindfulness journaling prompts,2020-07-08,2025-06-11,"Alicia Nortje, Ph.D."
"I think of the area where I live. I think of the shops where we buy food, the people we have met, and the experiences we have had. I feel grateful for…",https://positivepsychology.com/journaling-for-mindfulness/,mindfulness journaling prompts,2020-07-08,2025-06-11,"Alicia Nortje, Ph.D."
Name three actions that made you feel loved today.,https://positivepsychology.com/journaling-for-mindfulness/,mindfulness journaling prompts,2020-07-08,2025-06-11,"Alicia Nortje, Ph.D."
Name three things that challenged you today.,https://positivepsychology.com/journaling-for-mindfulness/,mindfulness journaling prompts,2020-07-08,2025-06-11,"Alicia Nortje, Ph.D."
Name three events that made you feel productive today.,https://positivepsychology.com/journaling-for-mindfulness/,mindfulness journaling prompts,2020-07-08,2025-06-11,"Alicia Nortje, Ph.D."
Name three urges that you resisted today.,https://positivepsychology.com/journaling-for-mindfulness/,mindfulness journaling prompts,2020-07-08,2025-06-11,"Alicia Nortje, Ph.D."
Name three thoughts that made you smile today.,https://positivepsychology.com/journaling-for-mindfulness/,mindfulness journaling prompts,2020-07-08,2025-06-11,"Alicia Nortje, Ph.D."
Name three things that you learned today.,https://positivepsychology.com/journaling-for-mindfulness/,mindfulness journaling prompts,2020-07-08,2025-06-11,"Alicia Nortje, Ph.D."
Name three experiences that made you feel brave today.,https://positivepsychology.com/journaling-for-mindfulness/,mindfulness journaling prompts,2020-07-08,2025-06-11,"Alicia Nortje, Ph.D."
Name three beautiful things that you heard today.,https://positivepsychology.com/journaling-for-mindfulness/,mindfulness journaling prompts,2020-07-08,2025-06-11,"Alicia Nortje, Ph.D."
Name three beautiful things that you saw today.,https://positivepsychology.com/journaling-for-mindfulness/,mindfulness journaling prompts,2020-07-08,2025-06-11,"Alicia Nortje, Ph.D."
What am I looking forward to today?,https://positivepsychology.com/journaling-for-mindfulness/,mindfulness journaling prompts,2020-07-08,2025-06-11,"Alicia Nortje, Ph.D."
What might challenge me today?,https://positivepsychology.com/journaling-for-mindfulness/,mindfulness journaling prompts,2020-07-08,2025-06-11,"Alicia Nortje, Ph.D."
What positive things happened today?,https://positivepsychology.com/journaling-for-mindfulness/,mindfulness journaling prompts,2020-07-08,2025-06-11,"Alicia Nortje, Ph.D."
What will I do if I feel anxious/stressed/worried today?,https://positivepsychology.com/journaling-for-mindfulness/,mindfulness journaling prompts,2020-07-08,2025-06-11,"Alicia Nortje, Ph.D."
What’s one thing you’re grateful for today?,https://reia.store/blogs/journal/5-minute-mindfulness-journal-prompts-to-feel-refreshed-and-grounded?srsltid=AfmBOorQrBUeyjc0CNOCTWguMfRxnsdp0ITaSxqqCbRopj4tmJyHV0cZ,mindfulness journaling prompts,2024-12-05,2024-12-05,Monica Hide
What do you need most right now?,https://reia.store/blogs/journal/5-minute-mindfulness-journal-prompts-to-feel-refreshed-and-grounded?srsltid=AfmBOorQrBUeyjc0CNOCTWguMfRxnsdp0ITaSxqqCbRopj4tmJyHV0cZ,mindfulness journaling prompts,2024-12-05,2024-12-05,Monica Hide
What am I grateful for today?,https://positivepsychology.com/journaling-for-mindfulness/,mindfulness journaling prompts,2020-07-08,2025-06-11,"Alicia Nortje, Ph.D."
"What, if anything, went wrong today?",https://positivepsychology.com/journaling-for-mindfulness/,mindfulness journaling prompts,2020-07-08,2025-06-11,"Alicia Nortje, Ph.D."
What will I do differently tomorrow?,https://positivepsychology.com/journaling-for-mindfulness/,mindfulness journaling prompts,2020-07-08,2025-06-11,"Alicia Nortje, Ph.D."
What’s one moment from today (or yesterday) that made you smile?,https://reia.store/blogs/journal/5-minute-mindfulness-journal-prompts-to-feel-refreshed-and-grounded?srsltid=AfmBOorQrBUeyjc0CNOCTWguMfRxnsdp0ITaSxqqCbRopj4tmJyHV0cZ,mindfulness journaling prompts,2024-12-05,2024-12-05,Monica Hide
What’s one thing you want to carry into tomorrow?,https://reia.store/blogs/journal/5-minute-mindfulness-journal-prompts-to-feel-refreshed-and-grounded?srsltid=AfmBOorQrBUeyjc0CNOCTWguMfRxnsdp0ITaSxqqCbRopj4tmJyHV0cZ,mindfulness journaling prompts,2024-12-05,2024-12-05,Monica Hide
What’s one thing you can let go of today?,https://reia.store/blogs/journal/5-minute-mindfulness-journal-prompts-to-feel-refreshed-and-grounded?srsltid=AfmBOorQrBUeyjc0CNOCTWguMfRxnsdp0ITaSxqqCbRopj4tmJyHV0cZ,mindfulness journaling prompts,2024-12-05,2024-12-05,Monica Hide
How would you spend your perfect day off? What makes that perfect for you?,https://mindfulhealthsolutions.com/20-journaling-prompts-for-mental-health/,mindfulness journaling prompts,2024-06-07,n/a,wadmin
Describe yourself in ten words. Why do those words come to mind?,https://mindfulhealthsolutions.com/20-journaling-prompts-for-mental-health/,mindfulness journaling prompts,2024-06-07,n/a,wadmin
What is your favorite form of self-care? Why?,https://mindfulhealthsolutions.com/20-journaling-prompts-for-mental-health/,mindfulness journaling prompts,2024-06-07,n/a,wadmin
What makes you feel the most inspired?,https://mindfulhealthsolutions.com/20-journaling-prompts-for-mental-health/,mindfulness journaling prompts,2024-06-07,n/a,wadmin
What can you do today to take better care of yourself?,https://mindfulhealthsolutions.com/20-journaling-prompts-for-mental-health/,mindfulness journaling prompts,2024-06-07,n/a,wadmin
What comes to mind first when you think of what makes you feel safe?,https://mindfulhealthsolutions.com/20-journaling-prompts-for-mental-health/,mindfulness journaling prompts,2024-06-07,n/a,wadmin
What are five things about yourself you want people to know?,https://mindfulhealthsolutions.com/20-journaling-prompts-for-mental-health/,mindfulness journaling prompts,2024-06-07,n/a,wadmin
What’s something that makes you feel warm inside?,https://mindfulhealthsolutions.com/20-journaling-prompts-for-mental-health/,mindfulness journaling prompts,2024-06-07,n/a,wadmin
"What’s your first coping mechanism that comes to mind? Do you think it’s helpful or harmful, and why?",https://mindfulhealthsolutions.com/20-journaling-prompts-for-mental-health/,mindfulness journaling prompts,2024-06-07,n/a,wadmin
"If you were to improve something about your life, what would that be? Why?",https://mindfulhealthsolutions.com/20-journaling-prompts-for-mental-health/,mindfulness journaling prompts,2024-06-07,n/a,wadmin
Explain what’s hardest for you in as many words as it takes.,https://mindfulhealthsolutions.com/20-journaling-prompts-for-mental-health/,mindfulness journaling prompts,2024-06-07,n/a,wadmin
"Write a letter to your younger self, talking about mental health. What would you want to tell them?",https://mindfulhealthsolutions.com/20-journaling-prompts-for-mental-health/,mindfulness journaling prompts,2024-06-07,n/a,wadmin
What do you think is holding you back?,https://mindfulhealthsolutions.com/20-journaling-prompts-for-mental-health/,mindfulness journaling prompts,2024-06-07,n/a,wadmin
How are you helping yourself when things are hard?,https://mindfulhealthsolutions.com/20-journaling-prompts-for-mental-health/,mindfulness journaling prompts,2024-06-07,n/a,wadmin
Write a list of 10 things you want to be able to remember during your most difficult times.,https://mindfulhealthsolutions.com/20-journaling-prompts-for-mental-health/,mindfulness journaling prompts,2024-06-07,n/a,wadmin
Write a love letter to yourself.,https://mindfulhealthsolutions.com/20-journaling-prompts-for-mental-health/,mindfulness journaling prompts,2024-06-07,n/a,wadmin
"Which of the four elements (Earth, Air, Water, Fire) do you identify with? Explain why.",https://mindfulhealthsolutions.com/20-journaling-prompts-for-mental-health/,mindfulness journaling prompts,2024-06-07,n/a,wadmin
Do you allow yourself to feel the emotions you need to feel? Why or why not?,https://mindfulhealthsolutions.com/20-journaling-prompts-for-mental-health/,mindfulness journaling prompts,2024-06-07,n/a,wadmin
Describe an outfit that makes you feel entirely comfortable in your skin.,https://mindfulhealthsolutions.com/20-journaling-prompts-for-mental-health/,mindfulness journaling prompts,2024-06-07,n/a,wadmin
"When you worry, what do you tend to worry about most?",https://www.silkandsonder.com/blogs/news/journaling-prompts-for-mindfulness?srsltid=AfmBOoorLsOxcAHoYA4dQRBUkVItryZGpZxtY7zRV-bmjLjk0ln-yZzG,mindfulness journaling prompts,2023-10-01,2023-10-01,Timesact
What made you smile today?,https://www.silkandsonder.com/blogs/news/journaling-prompts-for-mindfulness?srsltid=AfmBOoorLsOxcAHoYA4dQRBUkVItryZGpZxtY7zRV-bmjLjk0ln-yZzG,mindfulness journaling prompts,2023-10-01,2023-10-01,Timesact
"Write a letter of forgiveness to someone who has caused you pain, including yourself.",https://mindfulhealthsolutions.com/20-journaling-prompts-for-mental-health/,mindfulness journaling prompts,2024-06-07,n/a,wadmin
"Think about the last time you had a mental spiral. What caused it, and how did you get out of it?",https://www.silkandsonder.com/blogs/news/journaling-prompts-for-mindfulness?srsltid=AfmBOoorLsOxcAHoYA4dQRBUkVItryZGpZxtY7zRV-bmjLjk0ln-yZzG,mindfulness journaling prompts,2023-10-01,2023-10-01,Timesact
When do you feel most alive?,https://www.silkandsonder.com/blogs/news/journaling-prompts-for-mindfulness?srsltid=AfmBOoorLsOxcAHoYA4dQRBUkVItryZGpZxtY7zRV-bmjLjk0ln-yZzG,mindfulness journaling prompts,2023-10-01,2023-10-01,Timesact
"When you can't sleep at night, what are you thinking about?",https://www.silkandsonder.com/blogs/news/journaling-prompts-for-mindfulness?srsltid=AfmBOoorLsOxcAHoYA4dQRBUkVItryZGpZxtY7zRV-bmjLjk0ln-yZzG,mindfulness journaling prompts,2023-10-01,2023-10-01,Timesact
What activities tend to anchor you in the present moment?,https://www.silkandsonder.com/blogs/news/journaling-prompts-for-mindfulness?srsltid=AfmBOoorLsOxcAHoYA4dQRBUkVItryZGpZxtY7zRV-bmjLjk0ln-yZzG,mindfulness journaling prompts,2023-10-01,2023-10-01,Timesact
"Name an activity that makes you feel really, truly happy.",https://www.silkandsonder.com/blogs/news/journaling-prompts-for-mindfulness?srsltid=AfmBOoorLsOxcAHoYA4dQRBUkVItryZGpZxtY7zRV-bmjLjk0ln-yZzG,mindfulness journaling prompts,2023-10-01,2023-10-01,Timesact
Close your eyes for three minutes and count your breaths. What thoughts came up while you did this?,https://www.silkandsonder.com/blogs/news/journaling-prompts-for-mindfulness?srsltid=AfmBOoorLsOxcAHoYA4dQRBUkVItryZGpZxtY7zRV-bmjLjk0ln-yZzG,mindfulness journaling prompts,2023-10-01,2023-10-01,Timesact
What were you worried about this time last year? Are you still worried about that now?,https://www.silkandsonder.com/blogs/news/journaling-prompts-for-mindfulness?srsltid=AfmBOoorLsOxcAHoYA4dQRBUkVItryZGpZxtY7zRV-bmjLjk0ln-yZzG,mindfulness journaling prompts,2023-10-01,2023-10-01,Timesact
What does your best friend or partner feel anxious about? Is it the same things you feel anxious about?,https://www.silkandsonder.com/blogs/news/journaling-prompts-for-mindfulness?srsltid=AfmBOoorLsOxcAHoYA4dQRBUkVItryZGpZxtY7zRV-bmjLjk0ln-yZzG,mindfulness journaling prompts,2023-10-01,2023-10-01,Timesact
If you moved to a new place — it can be anywhere in the world — do you think you would still experience anxiety? Why or why not?,https://www.silkandsonder.com/blogs/news/journaling-prompts-for-mindfulness?srsltid=AfmBOoorLsOxcAHoYA4dQRBUkVItryZGpZxtY7zRV-bmjLjk0ln-yZzG,mindfulness journaling prompts,2023-10-01,2023-10-01,Timesact
Write through what would happen if the thing you worry about most often actually came true.,https://www.silkandsonder.com/blogs/news/journaling-prompts-for-mindfulness?srsltid=AfmBOoorLsOxcAHoYA4dQRBUkVItryZGpZxtY7zRV-bmjLjk0ln-yZzG,mindfulness journaling prompts,2023-10-01,2023-10-01,Timesact
Write a letter to your younger self. What advice would you give him or her?,https://www.silkandsonder.com/blogs/news/journaling-prompts-for-mindfulness?srsltid=AfmBOoorLsOxcAHoYA4dQRBUkVItryZGpZxtY7zRV-bmjLjk0ln-yZzG,mindfulness journaling prompts,2023-10-01,2023-10-01,Timesact
How do you feel when you sit quietly for five or ten minutes?,https://www.silkandsonder.com/blogs/news/journaling-prompts-for-mindfulness?srsltid=AfmBOoorLsOxcAHoYA4dQRBUkVItryZGpZxtY7zRV-bmjLjk0ln-yZzG,mindfulness journaling prompts,2023-10-01,2023-10-01,Timesact
What thoughts do you have that you think serve the least amount of purpose in your life?,https://www.silkandsonder.com/blogs/news/journaling-prompts-for-mindfulness?srsltid=AfmBOoorLsOxcAHoYA4dQRBUkVItryZGpZxtY7zRV-bmjLjk0ln-yZzG,mindfulness journaling prompts,2023-10-01,2023-10-01,Timesact
What's your biggest pet peeve?,https://www.silkandsonder.com/blogs/news/journaling-prompts-for-mindfulness?srsltid=AfmBOoorLsOxcAHoYA4dQRBUkVItryZGpZxtY7zRV-bmjLjk0ln-yZzG,mindfulness journaling prompts,2023-10-01,2023-10-01,Timesact
"If you could change one thing about your life right now, what would you change?",https://www.silkandsonder.com/blogs/news/journaling-prompts-for-mindfulness?srsltid=AfmBOoorLsOxcAHoYA4dQRBUkVItryZGpZxtY7zRV-bmjLjk0ln-yZzG,mindfulness journaling prompts,2023-10-01,2023-10-01,Timesact
"Close your eyes and imagine a peaceful, calm place. Where is that place?",https://www.silkandsonder.com/blogs/news/journaling-prompts-for-mindfulness?srsltid=AfmBOoorLsOxcAHoYA4dQRBUkVItryZGpZxtY7zRV-bmjLjk0ln-yZzG,mindfulness journaling prompts,2023-10-01,2023-10-01,Timesact
What practices do you think benefit your overall wellbeing most?,https://www.silkandsonder.com/blogs/news/journaling-prompts-for-mindfulness?srsltid=AfmBOoorLsOxcAHoYA4dQRBUkVItryZGpZxtY7zRV-bmjLjk0ln-yZzG,mindfulness journaling prompts,2023-10-01,2023-10-01,Timesact
What does your current morning routine look like? How could you change it?,https://www.silkandsonder.com/blogs/news/journaling-prompts-for-mindfulness?srsltid=AfmBOoorLsOxcAHoYA4dQRBUkVItryZGpZxtY7zRV-bmjLjk0ln-yZzG,mindfulness journaling prompts,2023-10-01,2023-10-01,Timesact
"What's one practice, place, or person that helps reduce stress in your life?",https://www.silkandsonder.com/blogs/news/journaling-prompts-for-mindfulness?srsltid=AfmBOoorLsOxcAHoYA4dQRBUkVItryZGpZxtY7zRV-bmjLjk0ln-yZzG,mindfulness journaling prompts,2023-10-01,2023-10-01,Timesact
Write about something you're looking forward to.,https://www.silkandsonder.com/blogs/news/journaling-prompts-for-mindfulness?srsltid=AfmBOoorLsOxcAHoYA4dQRBUkVItryZGpZxtY7zRV-bmjLjk0ln-yZzG,mindfulness journaling prompts,2023-10-01,2023-10-01,Timesact
"Think about your life. How do you feel things are going, overall?",https://www.silkandsonder.com/blogs/news/journaling-prompts-for-mindfulness?srsltid=AfmBOoorLsOxcAHoYA4dQRBUkVItryZGpZxtY7zRV-bmjLjk0ln-yZzG,mindfulness journaling prompts,2023-10-01,2023-10-01,Timesact
Where do you hope to be 10 years from now?,https://www.silkandsonder.com/blogs/news/journaling-prompts-for-mindfulness?srsltid=AfmBOoorLsOxcAHoYA4dQRBUkVItryZGpZxtY7zRV-bmjLjk0ln-yZzG,mindfulness journaling prompts,2023-10-01,2023-10-01,Timesact
"Do you think there's a ""point"" to meditation? Why or why not?",https://www.silkandsonder.com/blogs/news/journaling-prompts-for-mindfulness?srsltid=AfmBOoorLsOxcAHoYA4dQRBUkVItryZGpZxtY7zRV-bmjLjk0ln-yZzG,mindfulness journaling prompts,2023-10-01,2023-10-01,Timesact
What goals do you have related to mindfulness and staying present?,https://www.silkandsonder.com/blogs/news/journaling-prompts-for-mindfulness?srsltid=AfmBOoorLsOxcAHoYA4dQRBUkVItryZGpZxtY7zRV-bmjLjk0ln-yZzG,mindfulness journaling prompts,2023-10-01,2023-10-01,Timesact
Who do you most admire? Why?,https://www.silkandsonder.com/blogs/news/journaling-prompts-for-mindfulness?srsltid=AfmBOoorLsOxcAHoYA4dQRBUkVItryZGpZxtY7zRV-bmjLjk0ln-yZzG,mindfulness journaling prompts,2023-10-01,2023-10-01,Timesact
What does personal growth mean to you?,https://www.silkandsonder.com/blogs/news/journaling-prompts-for-mindfulness?srsltid=AfmBOoorLsOxcAHoYA4dQRBUkVItryZGpZxtY7zRV-bmjLjk0ln-yZzG,mindfulness journaling prompts,2023-10-01,2023-10-01,Timesact
"When you actually do get outside your comfort zone, how do you typically feel?",https://www.silkandsonder.com/blogs/news/journaling-prompts-for-mindfulness?srsltid=AfmBOoorLsOxcAHoYA4dQRBUkVItryZGpZxtY7zRV-bmjLjk0ln-yZzG,mindfulness journaling prompts,2023-10-01,2023-10-01,Timesact
How often do you do things that get you outside your comfort zone?,https://www.silkandsonder.com/blogs/news/journaling-prompts-for-mindfulness?srsltid=AfmBOoorLsOxcAHoYA4dQRBUkVItryZGpZxtY7zRV-bmjLjk0ln-yZzG,mindfulness journaling prompts,2023-10-01,2023-10-01,Timesact
What can you do differently tomorrow?,https://www.silkandsonder.com/blogs/news/journaling-prompts-for-mindfulness?srsltid=AfmBOoorLsOxcAHoYA4dQRBUkVItryZGpZxtY7zRV-bmjLjk0ln-yZzG,mindfulness journaling prompts,2023-10-01,2023-10-01,Timesact
Do you have a hobby? How do you feel when you're engaged with it?,https://www.silkandsonder.com/blogs/news/journaling-prompts-for-mindfulness?srsltid=AfmBOoorLsOxcAHoYA4dQRBUkVItryZGpZxtY7zRV-bmjLjk0ln-yZzG,mindfulness journaling prompts,2023-10-01,2023-10-01,Timesact
What can you do today that your future self will thank you for?,https://www.silkandsonder.com/blogs/news/journaling-prompts-for-mindfulness?srsltid=AfmBOoorLsOxcAHoYA4dQRBUkVItryZGpZxtY7zRV-bmjLjk0ln-yZzG,mindfulness journaling prompts,2023-10-01,2023-10-01,Timesact
Do you like your job? How do you typically feel during your workday?,https://www.silkandsonder.com/blogs/news/journaling-prompts-for-mindfulness?srsltid=AfmBOoorLsOxcAHoYA4dQRBUkVItryZGpZxtY7zRV-bmjLjk0ln-yZzG,mindfulness journaling prompts,2023-10-01,2023-10-01,Timesact
"What's something you resisted today, or in the past week? Why do you think you resisted it?",https://www.silkandsonder.com/blogs/news/journaling-prompts-for-mindfulness?srsltid=AfmBOoorLsOxcAHoYA4dQRBUkVItryZGpZxtY7zRV-bmjLjk0ln-yZzG,mindfulness journaling prompts,2023-10-01,2023-10-01,Timesact
Do you consider yourself an anxious person? Why or why not?,https://www.silkandsonder.com/blogs/news/journaling-prompts-for-mindfulness?srsltid=AfmBOoorLsOxcAHoYA4dQRBUkVItryZGpZxtY7zRV-bmjLjk0ln-yZzG,mindfulness journaling prompts,2023-10-01,2023-10-01,Timesact
What would my future self tell me about this worry?,https://medium.com/@denpyl/3-mindful-journal-prompts-to-steady-your-inner-peace-amid-relentless-worry-3f12fb13bc8b,mindfulness journaling prompts,2024-12-01,n/a,Denise Pyles
"What is real, and what is imagined?",https://medium.com/@denpyl/3-mindful-journal-prompts-to-steady-your-inner-peace-amid-relentless-worry-3f12fb13bc8b,mindfulness journaling prompts,2024-12-01,n/a,Denise Pyles
What are you grateful for?,https://playtivities.com/mindful-journal-prompts-for-teens/,mindfulness journaling prompts,2020-03-26,2022-07-15,Judita Pauzuolyte
"What does ""mindful living"" mean to you?",https://www.silkandsonder.com/blogs/news/journaling-prompts-for-mindfulness?srsltid=AfmBOoorLsOxcAHoYA4dQRBUkVItryZGpZxtY7zRV-bmjLjk0ln-yZzG,mindfulness journaling prompts,2023-10-01,2023-10-01,Timesact
"How do you feel when you sit quietly, without the distraction of technology or TV?",https://www.silkandsonder.com/blogs/news/journaling-prompts-for-mindfulness?srsltid=AfmBOoorLsOxcAHoYA4dQRBUkVItryZGpZxtY7zRV-bmjLjk0ln-yZzG,mindfulness journaling prompts,2023-10-01,2023-10-01,Timesact
When do you feel a relief?,https://playtivities.com/mindful-journal-prompts-for-teens/,mindfulness journaling prompts,2020-03-26,2022-07-15,Judita Pauzuolyte
Who can help you feel a relief?,https://playtivities.com/mindful-journal-prompts-for-teens/,mindfulness journaling prompts,2020-03-26,2022-07-15,Judita Pauzuolyte
What do you think are the biggest challenges for you so far?,https://playtivities.com/mindful-journal-prompts-for-teens/,mindfulness journaling prompts,2020-03-26,2022-07-15,Judita Pauzuolyte
What is your happiest moment of life?,https://playtivities.com/mindful-journal-prompts-for-teens/,mindfulness journaling prompts,2020-03-26,2022-07-15,Judita Pauzuolyte
What would be the title of your life now? Why?,https://playtivities.com/mindful-journal-prompts-for-teens/,mindfulness journaling prompts,2020-03-26,2022-07-15,Judita Pauzuolyte
Who do you trust the most? Why?,https://playtivities.com/mindful-journal-prompts-for-teens/,mindfulness journaling prompts,2020-03-26,2022-07-15,Judita Pauzuolyte
Who are the people that you love the most? What are their characteristics?,https://playtivities.com/mindful-journal-prompts-for-teens/,mindfulness journaling prompts,2020-03-26,2022-07-15,Judita Pauzuolyte
"If you could add, change or cancel the rule at home. What would it be?",https://playtivities.com/mindful-journal-prompts-for-teens/,mindfulness journaling prompts,2020-03-26,2022-07-15,Judita Pauzuolyte
What is your scariest moment (real life or fantasy moment..),https://playtivities.com/mindful-journal-prompts-for-teens/,mindfulness journaling prompts,2020-03-26,2022-07-15,Judita Pauzuolyte
What makes you happy?,https://playtivities.com/mindful-journal-prompts-for-teens/,mindfulness journaling prompts,2020-03-26,2022-07-15,Judita Pauzuolyte
When do you feel the happiest?,https://playtivities.com/mindful-journal-prompts-for-teens/,mindfulness journaling prompts,2020-03-26,2022-07-15,Judita Pauzuolyte
What makes you feel uncomfortable?,https://playtivities.com/mindful-journal-prompts-for-teens/,mindfulness journaling prompts,2020-03-26,2022-07-15,Judita Pauzuolyte
How do you think others see you? Why?,https://playtivities.com/mindful-journal-prompts-for-teens/,mindfulness journaling prompts,2020-03-26,2022-07-15,Judita Pauzuolyte
What is the first symptom you notice when you feel anxious/stressed/sad?,https://playtivities.com/mindful-journal-prompts-for-teens/,mindfulness journaling prompts,2020-03-26,2022-07-15,Judita Pauzuolyte
Tell about time when you felt really mad.,https://playtivities.com/mindful-journal-prompts-for-teens/,mindfulness journaling prompts,2020-03-26,2022-07-15,Judita Pauzuolyte
What frightens you?,https://playtivities.com/mindful-journal-prompts-for-teens/,mindfulness journaling prompts,2020-03-26,2022-07-15,Judita Pauzuolyte
"In your opinion, what is the best movie you‘ve ever seen. Why?",https://playtivities.com/mindful-journal-prompts-for-teens/,mindfulness journaling prompts,2020-03-26,2022-07-15,Judita Pauzuolyte
Write about hardest moments in your life – what would be different now if you had made a different choice?,https://playtivities.com/mindful-journal-prompts-for-teens/,mindfulness journaling prompts,2020-03-26,2022-07-15,Judita Pauzuolyte
Why don‘t you want to follow the rules at home/school?,https://playtivities.com/mindful-journal-prompts-for-teens/,mindfulness journaling prompts,2020-03-26,2022-07-15,Judita Pauzuolyte
Write about the hardest moments in your life. What benefits you‘ve got from your mistakes?,https://playtivities.com/mindful-journal-prompts-for-teens/,mindfulness journaling prompts,2020-03-26,2022-07-15,Judita Pauzuolyte
What makes you angry?,https://playtivities.com/mindful-journal-prompts-for-teens/,mindfulness journaling prompts,2020-03-26,2022-07-15,Judita Pauzuolyte
What topics are you afraid to talk about? Why?,https://playtivities.com/mindful-journal-prompts-for-teens/,mindfulness journaling prompts,2020-03-26,2022-07-15,Judita Pauzuolyte
What can you learn from your relatives?,https://playtivities.com/mindful-journal-prompts-for-teens/,mindfulness journaling prompts,2020-03-26,2022-07-15,Judita Pauzuolyte
How can you help yourself to be more productive?,https://playtivities.com/mindful-journal-prompts-for-teens/,mindfulness journaling prompts,2020-03-26,2022-07-15,Judita Pauzuolyte
What activities do you love the most?,https://playtivities.com/mindful-journal-prompts-for-teens/,mindfulness journaling prompts,2020-03-26,2022-07-15,Judita Pauzuolyte
What makes you feel proud?,https://playtivities.com/mindful-journal-prompts-for-teens/,mindfulness journaling prompts,2020-03-26,2022-07-15,Judita Pauzuolyte
What is something you feel nervous about right now?,https://playtivities.com/mindful-journal-prompts-for-teens/,mindfulness journaling prompts,2020-03-26,2022-07-15,Judita Pauzuolyte
"If you can say one word which describes your feelings now, what would it be?",https://playtivities.com/mindful-journal-prompts-for-teens/,mindfulness journaling prompts,2020-03-26,2022-07-15,Judita Pauzuolyte
"Using 30 words, describe yourself. Who are you?",https://playtivities.com/mindful-journal-prompts-for-teens/,mindfulness journaling prompts,2020-03-26,2022-07-15,Judita Pauzuolyte
Write a list of things that make you feel uncomfortable. Mark the things that depend on you and the ones that don‘t. Think what you can change.,https://playtivities.com/mindful-journal-prompts-for-teens/,mindfulness journaling prompts,2020-03-26,2022-07-15,Judita Pauzuolyte
Who are your heroes?,https://playtivities.com/mindful-journal-prompts-for-teens/,mindfulness journaling prompts,2020-03-26,2022-07-15,Judita Pauzuolyte
What habits do you want to change? Think carefully about the plan how you can change that.,https://playtivities.com/mindful-journal-prompts-for-teens/,mindfulness journaling prompts,2020-03-26,2022-07-15,Judita Pauzuolyte
How do you imagine yourself after 10 years?,https://playtivities.com/mindful-journal-prompts-for-teens/,mindfulness journaling prompts,2020-03-26,2022-07-15,Judita Pauzuolyte
Make a list of everything you’d like to disagree/rebel about.,https://playtivities.com/mindful-journal-prompts-for-teens/,mindfulness journaling prompts,2020-03-26,2022-07-15,Judita Pauzuolyte
Write down everything that inspires you. Don‘t forget the little things.,https://playtivities.com/mindful-journal-prompts-for-teens/,mindfulness journaling prompts,2020-03-26,2022-07-15,Judita Pauzuolyte
Write the words you want to hear every day.,https://playtivities.com/mindful-journal-prompts-for-teens/,mindfulness journaling prompts,2020-03-26,2022-07-15,Judita Pauzuolyte
Write down your everyday dreams for a month.,https://playtivities.com/mindful-journal-prompts-for-teens/,mindfulness journaling prompts,2020-03-26,2022-07-15,Judita Pauzuolyte
Write about a time when you did something you were afraid to try.,https://playtivities.com/mindful-journal-prompts-for-teens/,mindfulness journaling prompts,2020-03-26,2022-07-15,Judita Pauzuolyte
Why is it important to communicate about emotions?,https://playtivities.com/mindful-journal-prompts-for-teens/,mindfulness journaling prompts,2020-03-26,2022-07-15,Judita Pauzuolyte
How do you feel when you get a compliment?,https://playtivities.com/mindful-journal-prompts-for-teens/,mindfulness journaling prompts,2020-03-26,2022-07-15,Judita Pauzuolyte
What does encourage you to help another person?,https://playtivities.com/mindful-journal-prompts-for-teens/,mindfulness journaling prompts,2020-03-26,2022-07-15,Judita Pauzuolyte
What am I looking forward to today?,https://www.robynmariecoaching.com/64/50-mindfulness-journal-prompts-for-more-self-awareness/,mindfulness journaling prompts,2023-05-01,2023-05-01,Robyn Lewis
"If I wasn’t afraid, I would…",https://www.robynmariecoaching.com/64/50-mindfulness-journal-prompts-for-more-self-awareness/,mindfulness journaling prompts,2023-05-01,2023-05-01,Robyn Lewis
Today I am grateful for…,https://www.robynmariecoaching.com/64/50-mindfulness-journal-prompts-for-more-self-awareness/,mindfulness journaling prompts,2023-05-01,2023-05-01,Robyn Lewis
I was proud of myself this week when…,https://www.robynmariecoaching.com/64/50-mindfulness-journal-prompts-for-more-self-awareness/,mindfulness journaling prompts,2023-05-01,2023-05-01,Robyn Lewis
I could take better care of myself by…,https://www.robynmariecoaching.com/64/50-mindfulness-journal-prompts-for-more-self-awareness/,mindfulness journaling prompts,2023-05-01,2023-05-01,Robyn Lewis
If I had extra time in my day I would…,https://www.robynmariecoaching.com/64/50-mindfulness-journal-prompts-for-more-self-awareness/,mindfulness journaling prompts,2023-05-01,2023-05-01,Robyn Lewis
My favorite season is…because…,https://www.robynmariecoaching.com/64/50-mindfulness-journal-prompts-for-more-self-awareness/,mindfulness journaling prompts,2023-05-01,2023-05-01,Robyn Lewis
My 3 favorite smells are…because…,https://www.robynmariecoaching.com/64/50-mindfulness-journal-prompts-for-more-self-awareness/,mindfulness journaling prompts,2023-05-01,2023-05-01,Robyn Lewis
I want to make more time to…,https://www.robynmariecoaching.com/64/50-mindfulness-journal-prompts-for-more-self-awareness/,mindfulness journaling prompts,2023-05-01,2023-05-01,Robyn Lewis
"If I came with instructions, they would read…",https://www.robynmariecoaching.com/64/50-mindfulness-journal-prompts-for-more-self-awareness/,mindfulness journaling prompts,2023-05-01,2023-05-01,Robyn Lewis
The thing that scares me the most is…,https://www.robynmariecoaching.com/64/50-mindfulness-journal-prompts-for-more-self-awareness/,mindfulness journaling prompts,2023-05-01,2023-05-01,Robyn Lewis
My favorite part about my home is…,https://www.robynmariecoaching.com/64/50-mindfulness-journal-prompts-for-more-self-awareness/,mindfulness journaling prompts,2023-05-01,2023-05-01,Robyn Lewis
"If I could relive the best year of my life, it would be…",https://www.robynmariecoaching.com/64/50-mindfulness-journal-prompts-for-more-self-awareness/,mindfulness journaling prompts,2023-05-01,2023-05-01,Robyn Lewis
The last time I laughed so hard I cried was when…,https://www.robynmariecoaching.com/64/50-mindfulness-journal-prompts-for-more-self-awareness/,mindfulness journaling prompts,2023-05-01,2023-05-01,Robyn Lewis
"When I close my eyes, I hear…",https://www.robynmariecoaching.com/64/50-mindfulness-journal-prompts-for-more-self-awareness/,mindfulness journaling prompts,2023-05-01,2023-05-01,Robyn Lewis
I would tell my future self these 3 things…,https://www.robynmariecoaching.com/64/50-mindfulness-journal-prompts-for-more-self-awareness/,mindfulness journaling prompts,2023-05-01,2023-05-01,Robyn Lewis
The last time I went on social media I felt…,https://www.robynmariecoaching.com/64/50-mindfulness-journal-prompts-for-more-self-awareness/,mindfulness journaling prompts,2023-05-01,2023-05-01,Robyn Lewis
My best friend is…because…,https://www.robynmariecoaching.com/64/50-mindfulness-journal-prompts-for-more-self-awareness/,mindfulness journaling prompts,2023-05-01,2023-05-01,Robyn Lewis
The family member I miss most is…,https://www.robynmariecoaching.com/64/50-mindfulness-journal-prompts-for-more-self-awareness/,mindfulness journaling prompts,2023-05-01,2023-05-01,Robyn Lewis
My biggest pet peeve is…,https://www.robynmariecoaching.com/64/50-mindfulness-journal-prompts-for-more-self-awareness/,mindfulness journaling prompts,2023-05-01,2023-05-01,Robyn Lewis
The biggest challenge I am facing right now is…,https://www.robynmariecoaching.com/64/50-mindfulness-journal-prompts-for-more-self-awareness/,mindfulness journaling prompts,2023-05-01,2023-05-01,Robyn Lewis
The biggest challenge I have overcome is…,https://www.robynmariecoaching.com/64/50-mindfulness-journal-prompts-for-more-self-awareness/,mindfulness journaling prompts,2023-05-01,2023-05-01,Robyn Lewis
The biggest risk I ever took was…,https://www.robynmariecoaching.com/64/50-mindfulness-journal-prompts-for-more-self-awareness/,mindfulness journaling prompts,2023-05-01,2023-05-01,Robyn Lewis
The 3 ways I will practice self care this week are…,https://www.robynmariecoaching.com/64/50-mindfulness-journal-prompts-for-more-self-awareness/,mindfulness journaling prompts,2023-05-01,2023-05-01,Robyn Lewis
The last night I felt like I got enough sleep was…I think it was because…,https://www.robynmariecoaching.com/64/50-mindfulness-journal-prompts-for-more-self-awareness/,mindfulness journaling prompts,2023-05-01,2023-05-01,Robyn Lewis
The one good reason to keep journaling is…,https://www.robynmariecoaching.com/64/50-mindfulness-journal-prompts-for-more-self-awareness/,mindfulness journaling prompts,2023-05-01,2023-05-01,Robyn Lewis
My favorite food is my favorite because…,https://www.robynmariecoaching.com/64/50-mindfulness-journal-prompts-for-more-self-awareness/,mindfulness journaling prompts,2023-05-01,2023-05-01,Robyn Lewis
"If I pushed myself out of my comfort zone, I would…",https://www.robynmariecoaching.com/64/50-mindfulness-journal-prompts-for-more-self-awareness/,mindfulness journaling prompts,2023-05-01,2023-05-01,Robyn Lewis
"If I could learn a new skill, it would be…",https://www.robynmariecoaching.com/64/50-mindfulness-journal-prompts-for-more-self-awareness/,mindfulness journaling prompts,2023-05-01,2023-05-01,Robyn Lewis
The best thing about me is…,https://www.robynmariecoaching.com/64/50-mindfulness-journal-prompts-for-more-self-awareness/,mindfulness journaling prompts,2023-05-01,2023-05-01,Robyn Lewis
The 3 things I can do to practice mindful eating are…,https://www.robynmariecoaching.com/64/50-mindfulness-journal-prompts-for-more-self-awareness/,mindfulness journaling prompts,2023-05-01,2023-05-01,Robyn Lewis
The thing I love most about my everyday life is…,https://www.robynmariecoaching.com/64/50-mindfulness-journal-prompts-for-more-self-awareness/,mindfulness journaling prompts,2023-05-01,2023-05-01,Robyn Lewis
The life goals I am working on are…,https://www.robynmariecoaching.com/64/50-mindfulness-journal-prompts-for-more-self-awareness/,mindfulness journaling prompts,2023-05-01,2023-05-01,Robyn Lewis
The people in my life who support me best are…,https://www.robynmariecoaching.com/64/50-mindfulness-journal-prompts-for-more-self-awareness/,mindfulness journaling prompts,2023-05-01,2023-05-01,Robyn Lewis
"If I were going to try 3 new things, they would be…",https://www.robynmariecoaching.com/64/50-mindfulness-journal-prompts-for-more-self-awareness/,mindfulness journaling prompts,2023-05-01,2023-05-01,Robyn Lewis
3 good things about my day today were…,https://www.robynmariecoaching.com/64/50-mindfulness-journal-prompts-for-more-self-awareness/,mindfulness journaling prompts,2023-05-01,2023-05-01,Robyn Lewis
The most inspirational place I have been was…,https://www.robynmariecoaching.com/64/50-mindfulness-journal-prompts-for-more-self-awareness/,mindfulness journaling prompts,2023-05-01,2023-05-01,Robyn Lewis
Living my best life feels like…,https://www.robynmariecoaching.com/64/50-mindfulness-journal-prompts-for-more-self-awareness/,mindfulness journaling prompts,2023-05-01,2023-05-01,Robyn Lewis
I would tell my younger self…,https://www.robynmariecoaching.com/64/50-mindfulness-journal-prompts-for-more-self-awareness/,mindfulness journaling prompts,2023-05-01,2023-05-01,Robyn Lewis
"If I had a time machine, I would go…",https://www.robynmariecoaching.com/64/50-mindfulness-journal-prompts-for-more-self-awareness/,mindfulness journaling prompts,2023-05-01,2023-05-01,Robyn Lewis
I will focus on supporting my emotional health by…,https://www.robynmariecoaching.com/64/50-mindfulness-journal-prompts-for-more-self-awareness/,mindfulness journaling prompts,2023-05-01,2023-05-01,Robyn Lewis
The toughest part of today was…,https://www.robynmariecoaching.com/64/50-mindfulness-journal-prompts-for-more-self-awareness/,mindfulness journaling prompts,2023-05-01,2023-05-01,Robyn Lewis
I had the best time when I was…,https://www.robynmariecoaching.com/64/50-mindfulness-journal-prompts-for-more-self-awareness/,mindfulness journaling prompts,2023-05-01,2023-05-01,Robyn Lewis
A person who has had a positive effect on me is…,https://www.robynmariecoaching.com/64/50-mindfulness-journal-prompts-for-more-self-awareness/,mindfulness journaling prompts,2023-05-01,2023-05-01,Robyn Lewis
The 3 ways I can express gratitude this week are…,https://www.robynmariecoaching.com/64/50-mindfulness-journal-prompts-for-more-self-awareness/,mindfulness journaling prompts,2023-05-01,2023-05-01,Robyn Lewis
The best part of today was…,https://www.robynmariecoaching.com/64/50-mindfulness-journal-prompts-for-more-self-awareness/,mindfulness journaling prompts,2023-05-01,2023-05-01,Robyn Lewis
How are we feeling about an upcoming event?,https://www.headspace.com/mindfulness/journaling,mindfulness journaling prompts,2024-02-19,n/a,mindfulness and meditation experts
What triggers bad feelings or deep-seated trauma?,https://www.headspace.com/mindfulness/journaling,mindfulness journaling prompts,2024-02-19,n/a,mindfulness and meditation experts
"How can we express our thoughts and feelings in a safe, judgment-free space?",https://www.headspace.com/mindfulness/journaling,mindfulness journaling prompts,2024-02-19,n/a,mindfulness and meditation experts
What is the Story I am Telling Myself Right Now?,https://serenityinsuffering.com/mindfulness-journal-prompts-for-daily-quiet-time/,mindfulness journaling prompts,2021-05-24,2021-05-24,Donna
What is One Small Step I Can Take Today?,https://serenityinsuffering.com/mindfulness-journal-prompts-for-daily-quiet-time/,mindfulness journaling prompts,2021-05-24,2021-05-24,Donna
"What is One Past Event Perceived as a Failure, That Now is Perceived as a Gift?",https://serenityinsuffering.com/mindfulness-journal-prompts-for-daily-quiet-time/,mindfulness journaling prompts,2021-05-24,2021-05-24,Donna
What Negative Thought Patterns Do I wish to Transform?,https://serenityinsuffering.com/mindfulness-journal-prompts-for-daily-quiet-time/,mindfulness journaling prompts,2021-05-24,2021-05-24,Donna
Where is God Calling Me to Be More Authentic Today?,https://serenityinsuffering.com/mindfulness-journal-prompts-for-daily-quiet-time/,mindfulness journaling prompts,2021-05-24,2021-05-24,Donna
"Write about 3-4 things that you are grateful for today. Focus on the small things that you might take for granted, such as a good cup of coffee or a conversation with a friend. Or even a dog sitting on your lap.",https://www.thrivingmindstherapy.com/blog/10-mindful-journal-prompts,mindfulness journaling prompts,n/a,n/a,ray fearon
What is One Thing I Have in Common with Someone I Dislike?,https://serenityinsuffering.com/mindfulness-journal-prompts-for-daily-quiet-time/,mindfulness journaling prompts,2021-05-24,2021-05-24,Donna
"Take a few moments to observe your surroundings and write about what you notice. Pay attention to the colors, sounds, and smells around you. _I like this one because you can do this in multiple places and bring yourself back into the present._",https://www.thrivingmindstherapy.com/blog/10-mindful-journal-prompts,mindfulness journaling prompts,n/a,n/a,ray fearon
Write down any negative self-talk that you've noticed lately. Can you reframe these thoughts in a more positive and self-affirming way?,https://www.thrivingmindstherapy.com/blog/10-mindful-journal-prompts,mindfulness journaling prompts,n/a,n/a,ray fearon
What situations or people tend to trigger negative emotions or thoughts in you? How can you prepare yourself for these triggers or avoid them altogether?,https://www.thrivingmindstherapy.com/blog/10-mindful-journal-prompts,mindfulness journaling prompts,n/a,n/a,ray fearon
"Write about a recent experience that made you feel a strong emotion, such as anger, sadness, or joy. Reflect on how you responded at the moment and how you could respond differently in the future. Or, write about what you liked about that experience.",https://www.thrivingmindstherapy.com/blog/10-mindful-journal-prompts,mindfulness journaling prompts,n/a,n/a,ray fearon
Write about a negative thought or feeling that is weighing on you. Practice letting it go by acknowledging it and then intentionally releasing it.,https://www.thrivingmindstherapy.com/blog/10-mindful-journal-prompts,mindfulness journaling prompts,n/a,n/a,ray fearon
Write down any boundaries that you need to set in your personal or professional life to protect your mental health. How can you communicate these boundaries effectively to others?,https://www.thrivingmindstherapy.com/blog/10-mindful-journal-prompts,mindfulness journaling prompts,n/a,n/a,ray fearon
"Take a few moments to scan your body from head to toe. Write about any physical sensations that you notice, such as tension, discomfort, or relaxation. Highlight the areas you notice.",https://www.thrivingmindstherapy.com/blog/10-mindful-journal-prompts,mindfulness journaling prompts,n/a,n/a,ray fearon
"Write down one intention for the day or week ahead, such as being present in conversations or practicing self-care. Reflect on how this intention can help you cultivate mindfulness in your life. Then, practice it.",https://www.thrivingmindstherapy.com/blog/10-mindful-journal-prompts,mindfulness journaling prompts,n/a,n/a,ray fearon
"For my nature loves. Spend some time outside and write about your connection to nature. Notice the sounds, smells, and sensations of being in a natural setting.",https://www.thrivingmindstherapy.com/blog/10-mindful-journal-prompts,mindfulness journaling prompts,n/a,n/a,ray fearon
consider what feelings I'd like to embody or invite into my day,https://www.calm.com/blog/calm-mindfulness-journal,mindfulness journaling prompts,n/a,n/a,Bryce Kirk
Where am I trying to earn my worth today?,https://medium.com/@denpyl/mindfulness-as-being-not-doing-3-journal-prompts-to-help-you-shift-from-action-to-presence-9a51c5e94b79,mindfulness journaling prompts,2025-05-04,n/a,Denise Pyles
What part of me is asking to slow down?,https://medium.com/@denpyl/mindfulness-as-being-not-doing-3-journal-prompts-to-help-you-shift-from-action-to-presence-9a51c5e94b79,mindfulness journaling prompts,2025-05-04,n/a,Denise Pyles
What does “just being” look like for me today?,https://medium.com/@denpyl/mindfulness-as-being-not-doing-3-journal-prompts-to-help-you-shift-from-action-to-presence-9a51c5e94b79,mindfulness journaling prompts,2025-05-04,n/a,Denise Pyles
I AM MOST HAPPY WHEN I AM..,https://ysu.edu/sites/default/files/bouncingback/Wellness%20Day%20Mindfulness%20Journaling%20Prompts%20%20ADA.pdf,mindfulness journaling prompts,n/a,n/a,n/a
MY THREE FAVORITE PEOPLE ARE__BECAUSE...,https://ysu.edu/sites/default/files/bouncingback/Wellness%20Day%20Mindfulness%20Journaling%20Prompts%20%20ADA.pdf,mindfulness journaling prompts,n/a,n/a,n/a
I FEEL THE STRONGEST WHEN I AM...,https://ysu.edu/sites/default/files/bouncingback/Wellness%20Day%20Mindfulness%20Journaling%20Prompts%20%20ADA.pdf,mindfulness journaling prompts,n/a,n/a,n/a
"IF MY BODY COULD SPEAK, IT WOULD TELL ME TO..",https://ysu.edu/sites/default/files/bouncingback/Wellness%20Day%20Mindfulness%20Journaling%20Prompts%20%20ADA.pdf,mindfulness journaling prompts,n/a,n/a,n/a
I LOVE MYSELF BECAUSE...,https://ysu.edu/sites/default/files/bouncingback/Wellness%20Day%20Mindfulness%20Journaling%20Prompts%20%20ADA.pdf,mindfulness journaling prompts,n/a,n/a,n/a
I FEEL JOY WHEN I...,https://ysu.edu/sites/default/files/bouncingback/Wellness%20Day%20Mindfulness%20Journaling%20Prompts%20%20ADA.pdf,mindfulness journaling prompts,n/a,n/a,n/a
I AM MOST INSPIRED BY..,https://ysu.edu/sites/default/files/bouncingback/Wellness%20Day%20Mindfulness%20Journaling%20Prompts%20%20ADA.pdf,mindfulness journaling prompts,n/a,n/a,n/a
I CAN PRACTICE MORE PATIENCE WHEN...,https://ysu.edu/sites/default/files/bouncingback/Wellness%20Day%20Mindfulness%20Journaling%20Prompts%20%20ADA.pdf,mindfulness journaling prompts,n/a,n/a,n/a
I WAS COURAGEOUS THIS WEEK WHEN ...,https://ysu.edu/sites/default/files/bouncingback/Wellness%20Day%20Mindfulness%20Journaling%20Prompts%20%20ADA.pdf,mindfulness journaling prompts,n/a,n/a,n/a
I AM MOST ENERGIZED WHEN I...,https://ysu.edu/sites/default/files/bouncingback/Wellness%20Day%20Mindfulness%20Journaling%20Prompts%20%20ADA.pdf,mindfulness journaling prompts,n/a,n/a,n/a
MY BEST QUALITY IS...,https://ysu.edu/sites/default/files/bouncingback/Wellness%20Day%20Mindfulness%20Journaling%20Prompts%20%20ADA.pdf,mindfulness journaling prompts,n/a,n/a,n/a
I LISTENED BEST TO MY INTUITION WHEN ...,https://ysu.edu/sites/default/files/bouncingback/Wellness%20Day%20Mindfulness%20Journaling%20Prompts%20%20ADA.pdf,mindfulness journaling prompts,n/a,n/a,n/a
I COULD TAKE BETTER CARE OF MYSELF BY...,https://ysu.edu/sites/default/files/bouncingback/Wellness%20Day%20Mindfulness%20Journaling%20Prompts%20%20ADA.pdf,mindfulness journaling prompts,n/a,n/a,n/a
I APPRECIATE MY FAMILY BECAUSE...,https://ysu.edu/sites/default/files/bouncingback/Wellness%20Day%20Mindfulness%20Journaling%20Prompts%20%20ADA.pdf,mindfulness journaling prompts,n/a,n/a,n/a
I AM GRATEFUL FOR MY JOB BECAUSE...,https://ysu.edu/sites/default/files/bouncingback/Wellness%20Day%20Mindfulness%20Journaling%20Prompts%20%20ADA.pdf,mindfulness journaling prompts,n/a,n/a,n/a
I AM GOING TO TRY TO BE BETTER AT...,https://ysu.edu/sites/default/files/bouncingback/Wellness%20Day%20Mindfulness%20Journaling%20Prompts%20%20ADA.pdf,mindfulness journaling prompts,n/a,n/a,n/a
I ALLOW MYSELF TO FEEL...ABOUT...,https://ysu.edu/sites/default/files/bouncingback/Wellness%20Day%20Mindfulness%20Journaling%20Prompts%20%20ADA.pdf,mindfulness journaling prompts,n/a,n/a,n/a
I SEE MY VALUE IN...,https://ysu.edu/sites/default/files/bouncingback/Wellness%20Day%20Mindfulness%20Journaling%20Prompts%20%20ADA.pdf,mindfulness journaling prompts,n/a,n/a,n/a
I CAN STRENGTHEN MY RESOLVE BY...,https://ysu.edu/sites/default/files/bouncingback/Wellness%20Day%20Mindfulness%20Journaling%20Prompts%20%20ADA.pdf,mindfulness journaling prompts,n/a,n/a,n/a
I NEED TO BE TRUTHFUL WITH MYSELF ABOUT...,https://ysu.edu/sites/default/files/bouncingback/Wellness%20Day%20Mindfulness%20Journaling%20Prompts%20%20ADA.pdf,mindfulness journaling prompts,n/a,n/a,n/a
"MY GOALS FOR TODAY (THIS WEEK, THIS YEAR) ARE...",https://ysu.edu/sites/default/files/bouncingback/Wellness%20Day%20Mindfulness%20Journaling%20Prompts%20%20ADA.pdf,mindfulness journaling prompts,n/a,n/a,n/a
I NO LONGER BELIEVE IN...,https://ysu.edu/sites/default/files/bouncingback/Wellness%20Day%20Mindfulness%20Journaling%20Prompts%20%20ADA.pdf,mindfulness journaling prompts,n/a,n/a,n/a
I WOULD TELL MY TEENAGE SELF...,https://ysu.edu/sites/default/files/bouncingback/Wellness%20Day%20Mindfulness%20Journaling%20Prompts%20%20ADA.pdf,mindfulness journaling prompts,n/a,n/a,n/a
MY PERFECT DAY WOULD CONSIST OF...,https://ysu.edu/sites/default/files/bouncingback/Wellness%20Day%20Mindfulness%20Journaling%20Prompts%20%20ADA.pdf,mindfulness journaling prompts,n/a,n/a,n/a
MY DREAM VACATION IS...,https://ysu.edu/sites/default/files/bouncingback/Wellness%20Day%20Mindfulness%20Journaling%20Prompts%20%20ADA.pdf,mindfulness journaling prompts,n/a,n/a,n/a
I HAVE CHANGED BY...,https://ysu.edu/sites/default/files/bouncingback/Wellness%20Day%20Mindfulness%20Journaling%20Prompts%20%20ADA.pdf,mindfulness journaling prompts,n/a,n/a,n/a
MY FAVORITE MANTRA IS...,https://ysu.edu/sites/default/files/bouncingback/Wellness%20Day%20Mindfulness%20Journaling%20Prompts%20%20ADA.pdf,mindfulness journaling prompts,n/a,n/a,n/a
MY VISION FOR MY LIFE IS...,https://ysu.edu/sites/default/files/bouncingback/Wellness%20Day%20Mindfulness%20Journaling%20Prompts%20%20ADA.pdf,mindfulness journaling prompts,n/a,n/a,n/a
"WHEN I PICTURE MY FUTURE, I SEE...",https://ysu.edu/sites/default/files/bouncingback/Wellness%20Day%20Mindfulness%20Journaling%20Prompts%20%20ADA.pdf,mindfulness journaling prompts,n/a,n/a,n/a
"WHEN I CLOSE MY EYES AT NIGHT,I THINK ABOUT...",https://ysu.edu/sites/default/files/bouncingback/Wellness%20Day%20Mindfulness%20Journaling%20Prompts%20%20ADA.pdf,mindfulness journaling prompts,n/a,n/a,n/a
I CAN MAKE BETTER USE OF MY TIME BY...,https://ysu.edu/sites/default/files/bouncingback/Wellness%20Day%20Mindfulness%20Journaling%20Prompts%20%20ADA.pdf,mindfulness journaling prompts,n/a,n/a,n/a
What am I thinking right now?,https://www.mindful.org/7-exercises-to-help-you-journal-your-way-to-mindfulness/,mindfulness journaling prompts,2022-11-10,n/a,Caren Osten Gerszberg
How does my body feel when I think this?,https://www.mindful.org/7-exercises-to-help-you-journal-your-way-to-mindfulness/,mindfulness journaling prompts,2022-11-10,n/a,Caren Osten Gerszberg
"How do I feel right now, physically and emotionally?",https://balancethroughsimplicity.com/mindfulness-journal-prompts/,mindfulness journaling prompts,2024-10-09,2024-10-10,Antonia Colins
"What are three things I’m grateful for today, and why?",https://balancethroughsimplicity.com/mindfulness-journal-prompts/,mindfulness journaling prompts,2024-10-09,2024-10-10,Antonia Colins
What is something I can let go of right now to feel lighter?,https://balancethroughsimplicity.com/mindfulness-journal-prompts/,mindfulness journaling prompts,2024-10-09,2024-10-10,Antonia Colins
What are some recent moments where I felt peaceful? What contributed to that feeling?,https://balancethroughsimplicity.com/mindfulness-journal-prompts/,mindfulness journaling prompts,2024-10-09,2024-10-10,Antonia Colins
What negative thoughts have been repeating in my mind? How can I challenge them?,https://balancethroughsimplicity.com/mindfulness-journal-prompts/,mindfulness journaling prompts,2024-10-09,2024-10-10,Antonia Colins
"How does my body feel when I take deep, slow breaths?",https://balancethroughsimplicity.com/mindfulness-journal-prompts/,mindfulness journaling prompts,2024-10-09,2024-10-10,Antonia Colins
What’s something small I can do today to take care of myself?,https://balancethroughsimplicity.com/mindfulness-journal-prompts/,mindfulness journaling prompts,2024-10-09,2024-10-10,Antonia Colins
Who in my life brings me comfort and support? How can I express gratitude to them?,https://balancethroughsimplicity.com/mindfulness-journal-prompts/,mindfulness journaling prompts,2024-10-09,2024-10-10,Antonia Colins
What is one thing I can do to simplify my life?,https://balancethroughsimplicity.com/mindfulness-journal-prompts/,mindfulness journaling prompts,2024-10-09,2024-10-10,Antonia Colins
When was the last time I felt truly relaxed? What made that possible?,https://balancethroughsimplicity.com/mindfulness-journal-prompts/,mindfulness journaling prompts,2024-10-09,2024-10-10,Antonia Colins
"What does self-compassion look like for me, and how can I practise it today?",https://balancethroughsimplicity.com/mindfulness-journal-prompts/,mindfulness journaling prompts,2024-10-09,2024-10-10,Antonia Colins
What thoughts or worries can I set aside for now?,https://balancethroughsimplicity.com/mindfulness-journal-prompts/,mindfulness journaling prompts,2024-10-09,2024-10-10,Antonia Colins
What are three small joys I experienced this week?,https://balancethroughsimplicity.com/mindfulness-journal-prompts/,mindfulness journaling prompts,2024-10-09,2024-10-10,Antonia Colins
What is one habit I could create to reduce stress in my life?,https://balancethroughsimplicity.com/mindfulness-journal-prompts/,mindfulness journaling prompts,2024-10-09,2024-10-10,Antonia Colins
"How do I typically respond to stress, and how can I change that response?",https://balancethroughsimplicity.com/mindfulness-journal-prompts/,mindfulness journaling prompts,2024-10-09,2024-10-10,Antonia Colins
What do I need to forgive myself for?,https://balancethroughsimplicity.com/mindfulness-journal-prompts/,mindfulness journaling prompts,2024-10-09,2024-10-10,Antonia Colins
"What does my ideal day look like, and how can I incorporate some elements of that into today?",https://balancethroughsimplicity.com/mindfulness-journal-prompts/,mindfulness journaling prompts,2024-10-09,2024-10-10,Antonia Colins
"What brings me a sense of calm, and how can I invite more of it into my life?",https://balancethroughsimplicity.com/mindfulness-journal-prompts/,mindfulness journaling prompts,2024-10-09,2024-10-10,Antonia Colins
How do I feel after spending time in nature?,https://balancethroughsimplicity.com/mindfulness-journal-prompts/,mindfulness journaling prompts,2024-10-09,2024-10-10,Antonia Colins
How do I feel when I practise gratitude?,https://balancethroughsimplicity.com/mindfulness-journal-prompts/,mindfulness journaling prompts,2024-10-09,2024-10-10,Antonia Colins
What is something I’ve been procrastinating? How would completing it make me feel?,https://balancethroughsimplicity.com/mindfulness-journal-prompts/,mindfulness journaling prompts,2024-10-09,2024-10-10,Antonia Colins
What is one positive change I’ve made in my life recently?,https://balancethroughsimplicity.com/mindfulness-journal-prompts/,mindfulness journaling prompts,2024-10-09,2024-10-10,Antonia Colins
What does 'being present' mean to me?,https://balancethroughsimplicity.com/mindfulness-journal-prompts/,mindfulness journaling prompts,2024-10-09,2024-10-10,Antonia Colins
How can I create more time for rest and relaxation?,https://balancethroughsimplicity.com/mindfulness-journal-prompts/,mindfulness journaling prompts,2024-10-09,2024-10-10,Antonia Colins
"How do I usually talk to myself when I’m stressed, and how can I be kinder?",https://balancethroughsimplicity.com/mindfulness-journal-prompts/,mindfulness journaling prompts,2024-10-09,2024-10-10,Antonia Colins
What activities make me feel energised and alive?,https://balancethroughsimplicity.com/mindfulness-journal-prompts/,mindfulness journaling prompts,2024-10-09,2024-10-10,Antonia Colins
"What do I notice about my breathing right now? Is it fast, slow, deep, or shallow?",https://balancethroughsimplicity.com/mindfulness-journal-prompts/,mindfulness journaling prompts,2024-10-09,2024-10-10,Antonia Colins
What is one boundary I can set to protect my time and energy?,https://balancethroughsimplicity.com/mindfulness-journal-prompts/,mindfulness journaling prompts,2024-10-09,2024-10-10,Antonia Colins
"What is something I need more of in my life, and how can I create space for it?",https://balancethroughsimplicity.com/mindfulness-journal-prompts/,mindfulness journaling prompts,2024-10-09,2024-10-10,Antonia Colins
What about me gives God joy?,https://openpresencenow.com/15-journal-prompts-for-spirituality-and-mindfulness/,mindfulness journaling prompts,2020-09-19,n/a,Emily
What do I enjoy doing that makes me sense God’s pleasure?,https://openpresencenow.com/15-journal-prompts-for-spirituality-and-mindfulness/,mindfulness journaling prompts,2020-09-19,n/a,Emily
"How is my inner child right now? Do they need to be nurtured, encouraged, or reassured?",https://openpresencenow.com/15-journal-prompts-for-spirituality-and-mindfulness/,mindfulness journaling prompts,2020-09-19,n/a,Emily
"How did I receive love today from others, God, or the earth? What was my response to those doses of love?",https://openpresencenow.com/15-journal-prompts-for-spirituality-and-mindfulness/,mindfulness journaling prompts,2020-09-19,n/a,Emily
"What did I do today to give love to myself, others, God, or the earth?",https://openpresencenow.com/15-journal-prompts-for-spirituality-and-mindfulness/,mindfulness journaling prompts,2020-09-19,n/a,Emily
In what ways do I want to share love tomorrow or for the rest of the week?,https://openpresencenow.com/15-journal-prompts-for-spirituality-and-mindfulness/,mindfulness journaling prompts,2020-09-19,n/a,Emily
"What do I love about myself, and how can I celebrate that today?",https://balancethroughsimplicity.com/mindfulness-journal-prompts/,mindfulness journaling prompts,2024-10-09,2024-10-10,Antonia Colins
"If my state of mind at this moment were a color or a blend of colors, which color(s) would it be?",https://openpresencenow.com/15-journal-prompts-for-spirituality-and-mindfulness/,mindfulness journaling prompts,2020-09-19,n/a,Emily
"If my state of mind at this moment had a sound or a mix of sounds, which sound(s) would it have?",https://openpresencenow.com/15-journal-prompts-for-spirituality-and-mindfulness/,mindfulness journaling prompts,2020-09-19,n/a,Emily
Am I holding any tension in my body? What can I do to release that tension?,https://openpresencenow.com/15-journal-prompts-for-spirituality-and-mindfulness/,mindfulness journaling prompts,2020-09-19,n/a,Emily
How does my body feel at this moment?,https://openpresencenow.com/15-journal-prompts-for-spirituality-and-mindfulness/,mindfulness journaling prompts,2020-09-19,n/a,Emily
What is truly nourishing to me?,https://openpresencenow.com/15-journal-prompts-for-spirituality-and-mindfulness/,mindfulness journaling prompts,2020-09-19,n/a,Emily
What drains me?,https://openpresencenow.com/15-journal-prompts-for-spirituality-and-mindfulness/,mindfulness journaling prompts,2020-09-19,n/a,Emily
"What can I learn from this thing that’s been upsetting me? If all things are here for our edification, what purpose could this one serve?",https://openpresencenow.com/15-journal-prompts-for-spirituality-and-mindfulness/,mindfulness journaling prompts,2020-09-19,n/a,Emily
How can I incorporate more nourishing practices into my life? And reduce draining practices?,https://openpresencenow.com/15-journal-prompts-for-spirituality-and-mindfulness/,mindfulness journaling prompts,2020-09-19,n/a,Emily
What do we have? What do we need? How can we use what we have to get what we need?,https://ask.metafilter.com/333718/Organize-my-thoughts,mindfulness journaling prompts,2019-05-03,n/a,yawper
Write nonstop for five minutes about something that has been upsetting me lately.,https://openpresencenow.com/15-journal-prompts-for-spirituality-and-mindfulness/,mindfulness journaling prompts,2020-09-19,n/a,Emily
What made me smile today?,https://mindfulnessbox.com/mindfulness-journal-prompts/,mindfulness journaling prompts,2024-02-21,2024-02-21,Ryan Kane
In what ways (small or big) do I impact the world around me?,https://mindfulnessbox.com/mindfulness-journal-prompts/,mindfulness journaling prompts,2024-02-21,2024-02-21,Ryan Kane
What comes easily to me these days?,https://mindfulnessbox.com/mindfulness-journal-prompts/,mindfulness journaling prompts,2024-02-21,2024-02-21,Ryan Kane
What are some challenges that stretch my limits and help me grow?,https://mindfulnessbox.com/mindfulness-journal-prompts/,mindfulness journaling prompts,2024-02-21,2024-02-21,Ryan Kane
What’s something I’m procrastinating on right now? Why am I avoiding it?,https://mindfulnessbox.com/mindfulness-journal-prompts/,mindfulness journaling prompts,2024-02-21,2024-02-21,Ryan Kane
What habits am I working to change?,https://mindfulnessbox.com/mindfulness-journal-prompts/,mindfulness journaling prompts,2024-02-21,2024-02-21,Ryan Kane
In what ways do I feel loved right now?,https://mindfulnessbox.com/mindfulness-journal-prompts/,mindfulness journaling prompts,2024-02-21,2024-02-21,Ryan Kane
Where am I holding tension in my body right now?,https://mindfulnessbox.com/mindfulness-journal-prompts/,mindfulness journaling prompts,2024-02-21,2024-02-21,Ryan Kane
What are three things I noticed this morning?,https://mindfulnessbox.com/mindfulness-journal-prompts/,mindfulness journaling prompts,2024-02-21,2024-02-21,Ryan Kane
What obstacles to internal peace am I facing?,https://mindfulnessbox.com/mindfulness-journal-prompts/,mindfulness journaling prompts,2024-02-21,2024-02-21,Ryan Kane
Are there any relationship conflicts in my life that feel unresolved?,https://mindfulnessbox.com/mindfulness-journal-prompts/,mindfulness journaling prompts,2024-02-21,2024-02-21,Ryan Kane
What things do I look forward to in the day to come?,https://mindfulnessbox.com/mindfulness-journal-prompts/,mindfulness journaling prompts,2024-02-21,2024-02-21,Ryan Kane
What’s making me feel anxious or stressed right now?,https://mindfulnessbox.com/mindfulness-journal-prompts/,mindfulness journaling prompts,2024-02-21,2024-02-21,Ryan Kane
Is there anything that I’d like to do differently in my life?,https://mindfulnessbox.com/mindfulness-journal-prompts/,mindfulness journaling prompts,2024-02-21,2024-02-21,Ryan Kane
Is there any part of myself that I’m holding back in the way I show up in the world?,https://mindfulnessbox.com/mindfulness-journal-prompts/,mindfulness journaling prompts,2024-02-21,2024-02-21,Ryan Kane
"How can I feel more aligned in life, between my thoughts and actions?",https://mindfulnessbox.com/mindfulness-journal-prompts/,mindfulness journaling prompts,2024-02-21,2024-02-21,Ryan Kane
What makes me feel alive?,https://mindfulnessbox.com/mindfulness-journal-prompts/,mindfulness journaling prompts,2024-02-21,2024-02-21,Ryan Kane
How am I feeling about myself in this moment?,https://mindfulnessbox.com/mindfulness-journal-prompts/,mindfulness journaling prompts,2024-02-21,2024-02-21,Ryan Kane
What steps can I take to grow into the person I want to be?,https://mindfulnessbox.com/mindfulness-journal-prompts/,mindfulness journaling prompts,2024-02-21,2024-02-21,Ryan Kane
"Am I content? If not, what are my biggest obstacles to feeling content?",https://mindfulnessbox.com/mindfulness-journal-prompts/,mindfulness journaling prompts,2024-02-21,2024-02-21,Ryan Kane
What are 3 things I’m grateful for today?,https://mindfulnessbox.com/mindfulness-journal-prompts/,mindfulness journaling prompts,2024-02-21,2024-02-21,Ryan Kane
"What past failures actually helped me to grow, or to learn what I want (and don’t want)?",https://mindfulnessbox.com/mindfulness-journal-prompts/,mindfulness journaling prompts,2024-02-21,2024-02-21,Ryan Kane
What are the three qualities I love most about myself?,https://mindfulnessbox.com/mindfulness-journal-prompts/,mindfulness journaling prompts,2024-02-21,2024-02-21,Ryan Kane
Are there things I’m holding against the people in my life?,https://mindfulnessbox.com/mindfulness-journal-prompts/,mindfulness journaling prompts,2024-02-21,2024-02-21,Ryan Kane
What do I appreciate the most about the life I live?,https://mindfulnessbox.com/mindfulness-journal-prompts/,mindfulness journaling prompts,2024-02-21,2024-02-21,Ryan Kane
What can I let go that would make my life freer and less tense?,https://mindfulnessbox.com/mindfulness-journal-prompts/,mindfulness journaling prompts,2024-02-21,2024-02-21,Ryan Kane
What things in my life bring me joy? How can I do them more often?,https://mindfulnessbox.com/mindfulness-journal-prompts/,mindfulness journaling prompts,2024-02-21,2024-02-21,Ryan Kane
What are some situations in recent days where I wasn’t present when interacting with people I care about?,https://mindfulnessbox.com/mindfulness-journal-prompts/,mindfulness journaling prompts,2024-02-21,2024-02-21,Ryan Kane
"If this was my last day on Earth, how would I approach the day?",https://mindfulnessbox.com/mindfulness-journal-prompts/,mindfulness journaling prompts,2024-02-21,2024-02-21,Ryan Kane
In what ways can I be more compassionate towards myself?,https://mindfulnessbox.com/mindfulness-journal-prompts/,mindfulness journaling prompts,2024-02-21,2024-02-21,Ryan Kane
"As a young child, what activities did you have fun with and get completely lost in?",https://mindfulnessbox.com/mindfulness-journal-prompts/,mindfulness journaling prompts,2024-02-21,2024-02-21,Ryan Kane
In what ways can I forgive myself?,https://mindfulnessbox.com/mindfulness-journal-prompts/,mindfulness journaling prompts,2024-02-21,2024-02-21,Ryan Kane
What topics are you endlessly curious about?,https://mindfulnessbox.com/mindfulness-journal-prompts/,mindfulness journaling prompts,2024-02-21,2024-02-21,Ryan Kane
"What story am I telling myself right now, about the day to come or about my life? Can I replace this story with one that’s more useful and accurate?",https://mindfulnessbox.com/mindfulness-journal-prompts/,mindfulness journaling prompts,2024-02-21,2024-02-21,Ryan Kane
What’s a time I’ve been able to pause before responding more mindfully?,https://mindfulnessbox.com/mindfulness-journal-prompts/,mindfulness journaling prompts,2024-02-21,2024-02-21,Ryan Kane
What is a habit I’m proud I’ve developed over the last year?,https://mindfulnessbox.com/mindfulness-journal-prompts/,mindfulness journaling prompts,2024-02-21,2024-02-21,Ryan Kane
When is patience most needed in my life?,https://mindfulnessbox.com/mindfulness-journal-prompts/,mindfulness journaling prompts,2024-02-21,2024-02-21,Ryan Kane
Am I more aware of my emotions today than one year ago?,https://mindfulnessbox.com/mindfulness-journal-prompts/,mindfulness journaling prompts,2024-02-21,2024-02-21,Ryan Kane
When do I feel most authentically “me”?,https://mindfulnessbox.com/mindfulness-journal-prompts/,mindfulness journaling prompts,2024-02-21,2024-02-21,Ryan Kane
"When do I most often notice falling into negative thought patterns? Are there certain times of the day, energy levels, or activities that those patterns are linked to?",https://mindfulnessbox.com/mindfulness-journal-prompts/,mindfulness journaling prompts,2024-02-21,2024-02-21,Ryan Kane
"When do I notice myself trying to be something, or someone, who I’m not? How can I live more comfortably in my own body in those moments?",https://mindfulnessbox.com/mindfulness-journal-prompts/,mindfulness journaling prompts,2024-02-21,2024-02-21,Ryan Kane
When do I feel most capable?,https://mindfulnessbox.com/mindfulness-journal-prompts/,mindfulness journaling prompts,2024-02-21,2024-02-21,Ryan Kane
In what moments in the last week have I felt joyful?,https://mindfulnessbox.com/mindfulness-journal-prompts/,mindfulness journaling prompts,2024-02-21,2024-02-21,Ryan Kane
Something I’m excited about that’s coming up in my life is…,https://mindfulnessbox.com/mindfulness-journal-prompts/,mindfulness journaling prompts,2024-02-21,2024-02-21,Ryan Kane
What in my life makes me smile?,https://mindfulnessbox.com/mindfulness-journal-prompts/,mindfulness journaling prompts,2024-02-21,2024-02-21,Ryan Kane
"What vision am I holding for the future? Do I feel like I’m dreaming big with this vision, or holding back based on what I think is possible?",https://mindfulnessbox.com/mindfulness-journal-prompts/,mindfulness journaling prompts,2024-02-21,2024-02-21,Ryan Kane
"As you journal, what can I hear? What can I smell? Going through my five senses, what do I notice?",https://mindfulnessbox.com/mindfulness-journal-prompts/,mindfulness journaling prompts,2024-02-21,2024-02-21,Ryan Kane
In what moments have I been thankful for trusting my intuition?,https://mindfulnessbox.com/mindfulness-journal-prompts/,mindfulness journaling prompts,2024-02-21,2024-02-21,Ryan Kane
Is there anything in my life that I’m struggling to accept?,https://mindfulnessbox.com/mindfulness-journal-prompts/,mindfulness journaling prompts,2024-02-21,2024-02-21,Ryan Kane
"How much time do I spend in the present, versus the past or the future?",https://mindfulnessbox.com/mindfulness-journal-prompts/,mindfulness journaling prompts,2024-02-21,2024-02-21,Ryan Kane
Who in my life embodies a spirit and energy that I want to cultivate? How can I transform myself in that direction?,https://mindfulnessbox.com/mindfulness-journal-prompts/,mindfulness journaling prompts,2024-02-21,2024-02-21,Ryan Kane
Am I allowing myself the rest I need to recharge?,https://mindfulnessbox.com/mindfulness-journal-prompts/,mindfulness journaling prompts,2024-02-21,2024-02-21,Ryan Kane
When in the last week have I projected my negative energy onto others? Are there ways I can avoid this in the future?,https://mindfulnessbox.com/mindfulness-journal-prompts/,mindfulness journaling prompts,2024-02-21,2024-02-21,Ryan Kane
How does journaling feel right now? What emotions are coming up about the act of writing?,https://mindfulnessbox.com/mindfulness-journal-prompts/,mindfulness journaling prompts,2024-02-21,2024-02-21,Ryan Kane
In what ways do I feel myself changing as a person?,https://mindfulnessbox.com/mindfulness-journal-prompts/,mindfulness journaling prompts,2024-02-21,2024-02-21,Ryan Kane
"Sit quietly for two minutes, then write. After letting my mind rest for a moment, what thoughts come up?",https://mindfulnessbox.com/mindfulness-journal-prompts/,mindfulness journaling prompts,2024-02-21,2024-02-21,Ryan Kane
When have I missed out on fully experiencing something because I wasn’t mentally present?,https://mindfulnessbox.com/mindfulness-journal-prompts/,mindfulness journaling prompts,2024-02-21,2024-02-21,Ryan Kane
"What is something you accomplished this week that you are proud of? It can be anything, big or small.",https://src.healthpei.ca/sites/src.healthpei.ca/files/OCHSW/Guide_to_Mindful_Journalling.pdf,mindfulness journaling prompts,2023-10-01,2023-10-01,Unknown Author
What are 3 things that happened to you today that made you smile?,https://src.healthpei.ca/sites/src.healthpei.ca/files/OCHSW/Guide_to_Mindful_Journalling.pdf,mindfulness journaling prompts,2023-10-01,2023-10-01,Unknown Author
Write down 5 things in your life that you are grateful for right now. Why are you grateful for them?,https://src.healthpei.ca/sites/src.healthpei.ca/files/OCHSW/Guide_to_Mindful_Journalling.pdf,mindfulness journaling prompts,2023-10-01,2023-10-01,Unknown Author
What is something you did today that made you feel good? How can you incorporate this into your daily life?,https://src.healthpei.ca/sites/src.healthpei.ca/files/OCHSW/Guide_to_Mindful_Journalling.pdf,mindfulness journaling prompts,2023-10-01,2023-10-01,Unknown Author
Think about a time that you were the happiest. How did you feel? Who were you with? What were you doing?,https://src.healthpei.ca/sites/src.healthpei.ca/files/OCHSW/Guide_to_Mindful_Journalling.pdf,mindfulness journaling prompts,2023-10-01,2023-10-01,Unknown Author
"Describe your perfect day, from start to finish. Be as detailed as possible. What makes it so perfect?",https://src.healthpei.ca/sites/src.healthpei.ca/files/OCHSW/Guide_to_Mindful_Journalling.pdf,mindfulness journaling prompts,2023-10-01,2023-10-01,Unknown Author
What are 3 ways that you could make yourself feel better on days that you feel down?,https://src.healthpei.ca/sites/src.healthpei.ca/files/OCHSW/Guide_to_Mindful_Journalling.pdf,mindfulness journaling prompts,2023-10-01,2023-10-01,Unknown Author
Who is someone that makes you feel like your most authentic self? How would you describe your authentic self?,https://src.healthpei.ca/sites/src.healthpei.ca/files/OCHSW/Guide_to_Mindful_Journalling.pdf,mindfulness journaling prompts,2023-10-01,2023-10-01,Unknown Author
What does 'the best version of yourself' look like to you?,https://src.healthpei.ca/sites/src.healthpei.ca/files/OCHSW/Guide_to_Mindful_Journalling.pdf,mindfulness journaling prompts,2023-10-01,2023-10-01,Unknown Author
What are 3 things that make you a good friend?,https://src.healthpei.ca/sites/src.healthpei.ca/files/OCHSW/Guide_to_Mindful_Journalling.pdf,mindfulness journaling prompts,2023-10-01,2023-10-01,Unknown Author
"What am I grateful for today? Write down at least three things you're grateful for, big or small.",https://www.erincondren.com/inspiration-center-mindfulness-journaling?srsltid=AfmBOorLM0k_Zeck_iUP8I-18ybAQSbEBNVvRH1_O6HCN3riC4UL3MF8,mindfulness journaling prompts,2024-12-01,2024-12-01,Erin Condren
What self-care practices can I incorporate into my daily life? Write down at least three self-care practices that you can do each day to take care of yourself.,https://www.erincondren.com/inspiration-center-mindfulness-journaling?srsltid=AfmBOorLM0k_Zeck_iUP8I-18ybAQSbEBNVvRH1_O6HCN3riC4UL3MF8,mindfulness journaling prompts,2024-12-01,2024-12-01,Erin Condren
"What emotions am I feeling right now? Reflect on your current emotional state. Are you feeling happy, sad, anxious, or angry? Write about why you feel this way.",https://www.erincondren.com/inspiration-center-mindfulness-journaling?srsltid=AfmBOorLM0k_Zeck_iUP8I-18ybAQSbEBNVvRH1_O6HCN3riC4UL3MF8,mindfulness journaling prompts,2024-12-01,2024-12-01,Erin Condren
What was a challenging situation I faced today? Reflect on a difficult situation you faced and write about how you handled it. What did you learn from the experience?,https://www.erincondren.com/inspiration-center-mindfulness-journaling?srsltid=AfmBOorLM0k_Zeck_iUP8I-18ybAQSbEBNVvRH1_O6HCN3riC4UL3MF8,mindfulness journaling prompts,2024-12-01,2024-12-01,Erin Condren
"How can I bring more mindfulness into my daily life? Write about ways you can practice mindfulness in your daily life, whether it's through mindful eating, meditation, or simply paying attention to your surroundings.",https://www.erincondren.com/inspiration-center-mindfulness-journaling?srsltid=AfmBOorLM0k_Zeck_iUP8I-18ybAQSbEBNVvRH1_O6HCN3riC4UL3MF8,mindfulness journaling prompts,2024-12-01,2024-12-01,Erin Condren
"What is a limiting belief I hold about myself, and how can I challenge it? Write about a belief you hold about yourself that may be holding you back. How can you challenge this belief and reframe it in a positive way?",https://www.erincondren.com/inspiration-center-mindfulness-journaling?srsltid=AfmBOorLM0k_Zeck_iUP8I-18ybAQSbEBNVvRH1_O6HCN3riC4UL3MF8,mindfulness journaling prompts,2024-12-01,2024-12-01,Erin Condren
"What are three things I love about myself? Write down three things you love about yourself, whether it's a personality trait, a physical attribute, or a skill you possess.",https://www.erincondren.com/inspiration-center-mindfulness-journaling?srsltid=AfmBOorLM0k_Zeck_iUP8I-18ybAQSbEBNVvRH1_O6HCN3riC4UL3MF8,mindfulness journaling prompts,2024-12-01,2024-12-01,Erin Condren
"What did I learn about myself through my mindfulness practice today? Reflect on your mindfulness practice and write about what you learned about yourself, your thoughts, and your emotions.",https://www.erincondren.com/inspiration-center-mindfulness-journaling?srsltid=AfmBOorLM0k_Zeck_iUP8I-18ybAQSbEBNVvRH1_O6HCN3riC4UL3MF8,mindfulness journaling prompts,2024-12-01,2024-12-01,Erin Condren
"What are some small acts of kindness I can do for others today? Write down at least three small acts of kindness you can do for others, whether it's through a kind word or gesture.",https://www.erincondren.com/inspiration-center-mindfulness-journaling?srsltid=AfmBOorLM0k_Zeck_iUP8I-18ybAQSbEBNVvRH1_O6HCN3riC4UL3MF8,mindfulness journaling prompts,2024-12-01,2024-12-01,Erin Condren
"How can I prioritize self-compassion and self-care in my daily life? Write about ways you can prioritize self-compassion and self-care in your daily life, whether it's through mindfulness practices, self-care activities, or other forms of self-love.",https://www.erincondren.com/inspiration-center-mindfulness-journaling?srsltid=AfmBOorLM0k_Zeck_iUP8I-18ybAQSbEBNVvRH1_O6HCN3riC4UL3MF8,mindfulness journaling prompts,2024-12-01,2024-12-01,Erin Condren
What around you right now makes you smile?,https://imperfectjournaling.com/35-mindfulness-journal-prompts/,mindfulness journaling prompts,2020-05-01,2023-10-01,Louisa Liska
Write a list of moments that you will never forget,https://imperfectjournaling.com/35-mindfulness-journal-prompts/,mindfulness journaling prompts,2020-05-01,2023-10-01,Louisa Liska
How do you feel strong emotions in your body?,https://imperfectjournaling.com/35-mindfulness-journal-prompts/,mindfulness journaling prompts,2020-05-01,2023-10-01,Louisa Liska
Finish the sentence: Pain feels like __________,https://imperfectjournaling.com/35-mindfulness-journal-prompts/,mindfulness journaling prompts,2020-05-01,2023-10-01,Louisa Liska
Describe how you feel your breath move through your body,https://imperfectjournaling.com/35-mindfulness-journal-prompts/,mindfulness journaling prompts,2020-05-01,2023-10-01,Louisa Liska
Describe the quality of your current energy,https://imperfectjournaling.com/35-mindfulness-journal-prompts/,mindfulness journaling prompts,2020-05-01,2023-10-01,Louisa Liska
Describe the sounds you hear around you,https://imperfectjournaling.com/35-mindfulness-journal-prompts/,mindfulness journaling prompts,2020-05-01,2023-10-01,Louisa Liska
Imagine that someone else is controlling your hand and you are simply observing. What does your hand write?,https://imperfectjournaling.com/35-mindfulness-journal-prompts/,mindfulness journaling prompts,2020-05-01,2023-10-01,Louisa Liska
What feels uncomfortable right now?,https://imperfectjournaling.com/35-mindfulness-journal-prompts/,mindfulness journaling prompts,2020-05-01,2023-10-01,Louisa Liska
Ask your inner voice about what you should write – what do you hear?,https://imperfectjournaling.com/35-mindfulness-journal-prompts/,mindfulness journaling prompts,2020-05-01,2023-10-01,Louisa Liska
What have you spent most of my time on in the last 24 hours? How does that match your values and dreams?,https://imperfectjournaling.com/35-mindfulness-journal-prompts/,mindfulness journaling prompts,2020-05-01,2023-10-01,Louisa Liska
What are you yearning for right now?,https://imperfectjournaling.com/35-mindfulness-journal-prompts/,mindfulness journaling prompts,2020-05-01,2023-10-01,Louisa Liska
What are you afraid of right now?,https://imperfectjournaling.com/35-mindfulness-journal-prompts/,mindfulness journaling prompts,2020-05-01,2023-10-01,Louisa Liska
What would make you feel more comfortable right now?,https://imperfectjournaling.com/35-mindfulness-journal-prompts/,mindfulness journaling prompts,2020-05-01,2023-10-01,Louisa Liska
What thought have you repeated the most in your head in the last 24 hours?,https://imperfectjournaling.com/35-mindfulness-journal-prompts/,mindfulness journaling prompts,2020-05-01,2023-10-01,Louisa Liska
"If a magic wand could take away all of your worries, what would happen?",https://imperfectjournaling.com/35-mindfulness-journal-prompts/,mindfulness journaling prompts,2020-05-01,2023-10-01,Louisa Liska
What are the top three emotions you have felt in the last week?,https://imperfectjournaling.com/35-mindfulness-journal-prompts/,mindfulness journaling prompts,2020-05-01,2023-10-01,Louisa Liska
"Do you spend the most time thinking about the past, the present, or the future?",https://imperfectjournaling.com/35-mindfulness-journal-prompts/,mindfulness journaling prompts,2020-05-01,2023-10-01,Louisa Liska
What part of your body needs attention right now?,https://imperfectjournaling.com/35-mindfulness-journal-prompts/,mindfulness journaling prompts,2020-05-01,2023-10-01,Louisa Liska
What part of your heart needs attention right now?,https://imperfectjournaling.com/35-mindfulness-journal-prompts/,mindfulness journaling prompts,2020-05-01,2023-10-01,Louisa Liska
How can you soften in this moment?,https://imperfectjournaling.com/35-mindfulness-journal-prompts/,mindfulness journaling prompts,2020-05-01,2023-10-01,Louisa Liska
What temperatures do you feel right now? How does that vary throughout your body?,https://imperfectjournaling.com/35-mindfulness-journal-prompts/,mindfulness journaling prompts,2020-05-01,2023-10-01,Louisa Liska
Where are you holding tension right now?,https://imperfectjournaling.com/35-mindfulness-journal-prompts/,mindfulness journaling prompts,2020-05-01,2023-10-01,Louisa Liska
What do you need help with in your life?,https://imperfectjournaling.com/35-mindfulness-journal-prompts/,mindfulness journaling prompts,2020-05-01,2023-10-01,Louisa Liska
Who in your life do you need to help?,https://imperfectjournaling.com/35-mindfulness-journal-prompts/,mindfulness journaling prompts,2020-05-01,2023-10-01,Louisa Liska
What would make you feel 10 times more alive at this very moment?,https://imperfectjournaling.com/35-mindfulness-journal-prompts/,mindfulness journaling prompts,2020-05-01,2023-10-01,Louisa Liska
What would your ten-year-old self want to do right now?,https://imperfectjournaling.com/35-mindfulness-journal-prompts/,mindfulness journaling prompts,2020-05-01,2023-10-01,Louisa Liska
What have you been afraid to say?,https://imperfectjournaling.com/35-mindfulness-journal-prompts/,mindfulness journaling prompts,2020-05-01,2023-10-01,Louisa Liska
Finish the sentence: Fear feels like __________,https://imperfectjournaling.com/35-mindfulness-journal-prompts/,mindfulness journaling prompts,2020-05-01,2023-10-01,Louisa Liska
What have you been afraid to do?,https://imperfectjournaling.com/35-mindfulness-journal-prompts/,mindfulness journaling prompts,2020-05-01,2023-10-01,Louisa Liska
Do you need more time with others or more time by yourself right now?,https://imperfectjournaling.com/35-mindfulness-journal-prompts/,mindfulness journaling prompts,2020-05-01,2023-10-01,Louisa Liska
Do you need more action or more rest in your life?,https://imperfectjournaling.com/35-mindfulness-journal-prompts/,mindfulness journaling prompts,2020-05-01,2023-10-01,Louisa Liska
What are you observing changing in your life right now?,https://imperfectjournaling.com/35-mindfulness-journal-prompts/,mindfulness journaling prompts,2020-05-01,2023-10-01,Louisa Liska
"Pick a component of your day and week, and write down why it was meaningful to you, who was with you, and what you did.",https://sijohome.com/blogs/guides/journaling-prompts-for-mindfulness-and-meditation?srsltid=AfmBOopwxXZG_olCpTKl4p9qdP7ohoxQrjiD1G0IW52c_BNOiZ_JAhOh,mindfulness journaling prompts,2023-10-01,2023-10-01,Sijo Home
What is the most vivid sensory memory you have from your day?,https://imperfectjournaling.com/35-mindfulness-journal-prompts/,mindfulness journaling prompts,2020-05-01,2023-10-01,Louisa Liska
"Select 3-5 adjectives that describe how this situation is making you feel. Then, expand on why you are having those feelings for one paragraph. Each adjective/feeling should have its own paragraph.",https://sijohome.com/blogs/guides/journaling-prompts-for-mindfulness-and-meditation?srsltid=AfmBOopwxXZG_olCpTKl4p9qdP7ohoxQrjiD1G0IW52c_BNOiZ_JAhOh,mindfulness journaling prompts,2023-10-01,2023-10-01,Sijo Home
How do you feel about journaling right now? Content? Peaceful? Impatient?,https://imperfectjournaling.com/35-mindfulness-journal-prompts/,mindfulness journaling prompts,2020-05-01,2023-10-01,Louisa Liska
Write down one difficult aspect of your day and follow with five things you're grateful for and why.,https://sijohome.com/blogs/guides/journaling-prompts-for-mindfulness-and-meditation?srsltid=AfmBOopwxXZG_olCpTKl4p9qdP7ohoxQrjiD1G0IW52c_BNOiZ_JAhOh,mindfulness journaling prompts,2023-10-01,2023-10-01,Sijo Home
What are five things that make me smile?,https://www.hercampus.com/school/texas/my-top-5-mindfulness-journal-prompts/,mindfulness journaling prompts,2022-04-28,n/a,Talisa Trevino
"What was the highlight of my day, week, or month?",https://www.hercampus.com/school/texas/my-top-5-mindfulness-journal-prompts/,mindfulness journaling prompts,2022-04-28,n/a,Talisa Trevino
"Lists are a great way to clear your mind. For reflection and calming, make a list of 25 things that make you smile, or 25 things you love.",https://sijohome.com/blogs/guides/journaling-prompts-for-mindfulness-and-meditation?srsltid=AfmBOopwxXZG_olCpTKl4p9qdP7ohoxQrjiD1G0IW52c_BNOiZ_JAhOh,mindfulness journaling prompts,2023-10-01,2023-10-01,Sijo Home
Describe your most recent dream,https://www.hercampus.com/school/texas/my-top-5-mindfulness-journal-prompts/,mindfulness journaling prompts,2022-04-28,n/a,Talisa Trevino
Did you have any recurring dreams as a kid?,https://ideas.hallmark.com/articles/lifestyle-ideas/50-topics-for-your-mindfulness-journal/,mindfulness journaling prompts,2024-07-16,n/a,Mercedes Lucero
"If I had a time machine, where would I go?",https://www.hercampus.com/school/texas/my-top-5-mindfulness-journal-prompts/,mindfulness journaling prompts,2022-04-28,n/a,Talisa Trevino
What was your favorite book as a kid? Write about what it meant to you.,https://ideas.hallmark.com/articles/lifestyle-ideas/50-topics-for-your-mindfulness-journal/,mindfulness journaling prompts,2024-07-16,n/a,Mercedes Lucero
"If I could say anything to anyone, what would I say?",https://www.hercampus.com/school/texas/my-top-5-mindfulness-journal-prompts/,mindfulness journaling prompts,2022-04-28,n/a,Talisa Trevino
Describe your childhood bedroom.,https://ideas.hallmark.com/articles/lifestyle-ideas/50-topics-for-your-mindfulness-journal/,mindfulness journaling prompts,2024-07-16,n/a,Mercedes Lucero
Write a letter to your younger self. (You pick the age.),https://ideas.hallmark.com/articles/lifestyle-ideas/50-topics-for-your-mindfulness-journal/,mindfulness journaling prompts,2024-07-16,n/a,Mercedes Lucero
"If you could tell your childhood self one thing, it would be…",https://ideas.hallmark.com/articles/lifestyle-ideas/50-topics-for-your-mindfulness-journal/,mindfulness journaling prompts,2024-07-16,n/a,Mercedes Lucero
What was the imaginary world of your childhood like?,https://ideas.hallmark.com/articles/lifestyle-ideas/50-topics-for-your-mindfulness-journal/,mindfulness journaling prompts,2024-07-16,n/a,Mercedes Lucero
Something you knew about as a kid but only understand now that you’re an adult.,https://ideas.hallmark.com/articles/lifestyle-ideas/50-topics-for-your-mindfulness-journal/,mindfulness journaling prompts,2024-07-16,n/a,Mercedes Lucero
What are your current favorite ways to waste time?,https://ideas.hallmark.com/articles/lifestyle-ideas/50-topics-for-your-mindfulness-journal/,mindfulness journaling prompts,2024-07-16,n/a,Mercedes Lucero
What would you like to start spending more/less time on?,https://ideas.hallmark.com/articles/lifestyle-ideas/50-topics-for-your-mindfulness-journal/,mindfulness journaling prompts,2024-07-16,n/a,Mercedes Lucero
When did you realize you were really good at something?,https://ideas.hallmark.com/articles/lifestyle-ideas/50-topics-for-your-mindfulness-journal/,mindfulness journaling prompts,2024-07-16,n/a,Mercedes Lucero
Write about your favorite time of day.,https://ideas.hallmark.com/articles/lifestyle-ideas/50-topics-for-your-mindfulness-journal/,mindfulness journaling prompts,2024-07-16,n/a,Mercedes Lucero
Write down a daydream you recently had.,https://ideas.hallmark.com/articles/lifestyle-ideas/50-topics-for-your-mindfulness-journal/,mindfulness journaling prompts,2024-07-16,n/a,Mercedes Lucero
What will you remember most about today/this year/this time in your life?,https://ideas.hallmark.com/articles/lifestyle-ideas/50-topics-for-your-mindfulness-journal/,mindfulness journaling prompts,2024-07-16,n/a,Mercedes Lucero
What are your life’s defining moments?,https://ideas.hallmark.com/articles/lifestyle-ideas/50-topics-for-your-mindfulness-journal/,mindfulness journaling prompts,2024-07-16,n/a,Mercedes Lucero
Three things you did well today. Three things you want to do better tomorrow.,https://ideas.hallmark.com/articles/lifestyle-ideas/50-topics-for-your-mindfulness-journal/,mindfulness journaling prompts,2024-07-16,n/a,Mercedes Lucero
Describe a little moment of peace and calm from the past week.,https://ideas.hallmark.com/articles/lifestyle-ideas/50-topics-for-your-mindfulness-journal/,mindfulness journaling prompts,2024-07-16,n/a,Mercedes Lucero
What things are you especially grateful for today/this month/this year?,https://ideas.hallmark.com/articles/lifestyle-ideas/50-topics-for-your-mindfulness-journal/,mindfulness journaling prompts,2024-07-16,n/a,Mercedes Lucero
What activity would you miss most if you could no longer do it?,https://ideas.hallmark.com/articles/lifestyle-ideas/50-topics-for-your-mindfulness-journal/,mindfulness journaling prompts,2024-07-16,n/a,Mercedes Lucero
Write about the best decision you made this week/month/year.,https://ideas.hallmark.com/articles/lifestyle-ideas/50-topics-for-your-mindfulness-journal/,mindfulness journaling prompts,2024-07-16,n/a,Mercedes Lucero
Today you are proud of…,https://ideas.hallmark.com/articles/lifestyle-ideas/50-topics-for-your-mindfulness-journal/,mindfulness journaling prompts,2024-07-16,n/a,Mercedes Lucero
Something that happened today that you hope will happen again.,https://ideas.hallmark.com/articles/lifestyle-ideas/50-topics-for-your-mindfulness-journal/,mindfulness journaling prompts,2024-07-16,n/a,Mercedes Lucero
What really scares you right now?,https://ideas.hallmark.com/articles/lifestyle-ideas/50-topics-for-your-mindfulness-journal/,mindfulness journaling prompts,2024-07-16,n/a,Mercedes Lucero
What are the perks of the age you are now?,https://ideas.hallmark.com/articles/lifestyle-ideas/50-topics-for-your-mindfulness-journal/,mindfulness journaling prompts,2024-07-16,n/a,Mercedes Lucero
What did you want to be when you grew up?,https://ideas.hallmark.com/articles/lifestyle-ideas/50-topics-for-your-mindfulness-journal/,mindfulness journaling prompts,2024-07-16,n/a,Mercedes Lucero
How your life is like (or unlike) the way you daydreamed it would be.,https://ideas.hallmark.com/articles/lifestyle-ideas/50-topics-for-your-mindfulness-journal/,mindfulness journaling prompts,2024-07-16,n/a,Mercedes Lucero
"In 30 years, you’ll probably still be…",https://ideas.hallmark.com/articles/lifestyle-ideas/50-topics-for-your-mindfulness-journal/,mindfulness journaling prompts,2024-07-16,n/a,Mercedes Lucero
Write about an energizing moment from today/the past week.,https://ideas.hallmark.com/articles/lifestyle-ideas/50-topics-for-your-mindfulness-journal/,mindfulness journaling prompts,2024-07-16,n/a,Mercedes Lucero
Write a letter to your older self. (You pick the age.),https://ideas.hallmark.com/articles/lifestyle-ideas/50-topics-for-your-mindfulness-journal/,mindfulness journaling prompts,2024-07-16,n/a,Mercedes Lucero
Stuff you won’t give a _<bleep!>_ about when you’re 80…,https://ideas.hallmark.com/articles/lifestyle-ideas/50-topics-for-your-mindfulness-journal/,mindfulness journaling prompts,2024-07-16,n/a,Mercedes Lucero
What do you think you’ll be like in ten years?,https://ideas.hallmark.com/articles/lifestyle-ideas/50-topics-for-your-mindfulness-journal/,mindfulness journaling prompts,2024-07-16,n/a,Mercedes Lucero
The first person to break my heart was…,https://ideas.hallmark.com/articles/lifestyle-ideas/50-topics-for-your-mindfulness-journal/,mindfulness journaling prompts,2024-07-16,n/a,Mercedes Lucero
Which newer person in your life today do you believe will be even more important to you in 10 years?,https://ideas.hallmark.com/articles/lifestyle-ideas/50-topics-for-your-mindfulness-journal/,mindfulness journaling prompts,2024-07-16,n/a,Mercedes Lucero
Write a letter forgiving someone who’s wronged you. You can send it or not.,https://ideas.hallmark.com/articles/lifestyle-ideas/50-topics-for-your-mindfulness-journal/,mindfulness journaling prompts,2024-07-16,n/a,Mercedes Lucero
Who are the people who can always make you smile?,https://ideas.hallmark.com/articles/lifestyle-ideas/50-topics-for-your-mindfulness-journal/,mindfulness journaling prompts,2024-07-16,n/a,Mercedes Lucero
Who is somebody who has made you feel special?,https://ideas.hallmark.com/articles/lifestyle-ideas/50-topics-for-your-mindfulness-journal/,mindfulness journaling prompts,2024-07-16,n/a,Mercedes Lucero
Who are the people who make up your support crew?,https://ideas.hallmark.com/articles/lifestyle-ideas/50-topics-for-your-mindfulness-journal/,mindfulness journaling prompts,2024-07-16,n/a,Mercedes Lucero
The person you look up to the most and why.,https://ideas.hallmark.com/articles/lifestyle-ideas/50-topics-for-your-mindfulness-journal/,mindfulness journaling prompts,2024-07-16,n/a,Mercedes Lucero
Today you wish you had done ______. Tomorrow you will…,https://ideas.hallmark.com/articles/lifestyle-ideas/50-topics-for-your-mindfulness-journal/,mindfulness journaling prompts,2024-07-16,n/a,Mercedes Lucero
Write about something you can’t believe you thought was so important at the time.,https://ideas.hallmark.com/articles/lifestyle-ideas/50-topics-for-your-mindfulness-journal/,mindfulness journaling prompts,2024-07-16,n/a,Mercedes Lucero
Think of an important decision you’ve made. How would your life be different if you had chosen the opposite?,https://ideas.hallmark.com/articles/lifestyle-ideas/50-topics-for-your-mindfulness-journal/,mindfulness journaling prompts,2024-07-16,n/a,Mercedes Lucero
Write a letter to future you.,https://ideas.hallmark.com/articles/lifestyle-ideas/50-topics-for-your-mindfulness-journal/,mindfulness journaling prompts,2024-07-16,n/a,Mercedes Lucero
What’s the biggest lesson you learned in the past year?,https://ideas.hallmark.com/articles/lifestyle-ideas/50-topics-for-your-mindfulness-journal/,mindfulness journaling prompts,2024-07-16,n/a,Mercedes Lucero
Write some advice you need to hear in this moment.,https://ideas.hallmark.com/articles/lifestyle-ideas/50-topics-for-your-mindfulness-journal/,mindfulness journaling prompts,2024-07-16,n/a,Mercedes Lucero
What is one action you can take tomorrow that will move you toward your goal?,https://ideas.hallmark.com/articles/lifestyle-ideas/50-topics-for-your-mindfulness-journal/,mindfulness journaling prompts,2024-07-16,n/a,Mercedes Lucero
What do you hope your kids/grandkids will remember about you?,https://ideas.hallmark.com/articles/lifestyle-ideas/50-topics-for-your-mindfulness-journal/,mindfulness journaling prompts,2024-07-16,n/a,Mercedes Lucero
What do you imagine you’ll be doing on this day a year from now?,https://ideas.hallmark.com/articles/lifestyle-ideas/50-topics-for-your-mindfulness-journal/,mindfulness journaling prompts,2024-07-16,n/a,Mercedes Lucero
What trips do you want to take? Who will you bring with you?,https://ideas.hallmark.com/articles/lifestyle-ideas/50-topics-for-your-mindfulness-journal/,mindfulness journaling prompts,2024-07-16,n/a,Mercedes Lucero
My best year ever would include these things:,https://ideas.hallmark.com/articles/lifestyle-ideas/50-topics-for-your-mindfulness-journal/,mindfulness journaling prompts,2024-07-16,n/a,Mercedes Lucero
What am I most proud of and how will I continue to cultivate growth in this area of myself?,https://blog.alomoves.com/mindfulness/3-mindful-journal-prompts-to-start-each-new-month,mindfulness journaling prompts,n/a,n/a,Alo Moves
What is my intention for this new month?,https://blog.alomoves.com/mindfulness/3-mindful-journal-prompts-to-start-each-new-month,mindfulness journaling prompts,n/a,n/a,Alo Moves
Where could I use a little more work and how will I carve out time to dedicate to this area?,https://blog.alomoves.com/mindfulness/3-mindful-journal-prompts-to-start-each-new-month,mindfulness journaling prompts,n/a,n/a,Alo Moves
"Open your senses. I invite you to write from your five senses in this moment. You don’t need to tell a story or write a coherent piece. Just spend time with the descriptions using all of your senses as you are experiencing them now. Perhaps you’re not eating anything, so what taste is inside your mouth right now? - one thing that you see, - one thing that you hear, - one thing that you taste, - one thing that you smell, - one thing that you touch.",https://nadiacolburn.com/8-great-mindful-writing-prompts/,mindfulness journaling prompts,2022-04-18,n/a,Nadia Colburn
"Find one object around you: where does it come from? For example, if you are sitting at a wooden table, imagine the tree that the wood came from. Then you might imagine the forest that it grew in, the rain that fell in the forest it, the soil that the tree grew out of, and its journey into becoming a mature tree. Then you might write about how it was cut down, became piece of wood, and then a table touched by many people and brought to this place and time. So again, find one object around you and focus on it. You might write about where it comes from, what it is composed of, what it has been touched by, and its journey to where you sit and write in the present.",https://nadiacolburn.com/8-great-mindful-writing-prompts/,mindfulness journaling prompts,2022-04-18,n/a,Nadia Colburn
"Look at your hand. Study it in depth. Is there anything about it that you haven’t noticed before? Describe your hand in as much detail as possible. You can do this again with another part of yourself as well, if you like.",https://nadiacolburn.com/8-great-mindful-writing-prompts/,mindfulness journaling prompts,2022-04-18,n/a,Nadia Colburn
Take a few minutes to be with your breath again. What is one thing that brings you joy? Write about it in detail.,https://nadiacolburn.com/8-great-mindful-writing-prompts/,mindfulness journaling prompts,2022-04-18,n/a,Nadia Colburn
Start a piece with 'in this moment' and use that phrase as a refrain that you come back to again and again. Write without pausing and without worrying about what you are writing is 'good' or not. Just see where this takes you.,https://nadiacolburn.com/8-great-mindful-writing-prompts/,mindfulness journaling prompts,2022-04-18,n/a,Nadia Colburn
"Take a few minutes to be with your breath again. Is there anything that is calling your attention that is making it harder for you to be in a state of peace? When you’re in meditation, you can just jot it down, but then come back to it, and stay with it. What is disturbing you? Write into it. Follow the instructions in my mindfulness journaling post as well.",https://nadiacolburn.com/8-great-mindful-writing-prompts/,mindfulness journaling prompts,2022-04-18,n/a,Nadia Colburn
"Take a few minutes with your breath. Is anything getting in your way? If so, write it down. Don’t go into great detail. Just dot it down so that the paper holds it instead of your mind or body. Put it on the paper instead of pushing it away. Then go back to your meditation or to whatever you are doing. You can come back to your page after the meditation session/ your activity is over.",https://nadiacolburn.com/8-great-mindful-writing-prompts/,mindfulness journaling prompts,2022-04-18,n/a,Nadia Colburn
"Do I hate anyone? If so, why? Could I let that hate go?",https://clearful.com/library/mindfulness-journal-prompts,mindfulness journaling prompts,2025-01-01,2025-01-01,Clearful
Who do I need to forgive in my life? What feelings am I holding onto from the past?,https://clearful.com/library/mindfulness-journal-prompts,mindfulness journaling prompts,2025-01-01,2025-01-01,Clearful
What do I need to forgive myself for? How can I start that process?,https://clearful.com/library/mindfulness-journal-prompts,mindfulness journaling prompts,2025-01-01,2025-01-01,Clearful
What is one of my favorite ways to spend time with my child(ren)?,https://clearful.com/library/mindfulness-journal-prompts,mindfulness journaling prompts,2025-01-01,2025-01-01,Clearful
Are there any work problems I am trying to sort out now?,https://clearful.com/library/mindfulness-journal-prompts,mindfulness journaling prompts,2025-01-01,2025-01-01,Clearful
What is one good thing that happened to me today?,https://clearful.com/library/mindfulness-journal-prompts,mindfulness journaling prompts,2025-01-01,2025-01-01,Clearful
What made me cry today?,https://clearful.com/library/mindfulness-journal-prompts,mindfulness journaling prompts,2025-01-01,2025-01-01,Clearful
What do I fear most in life?,https://clearful.com/library/mindfulness-journal-prompts,mindfulness journaling prompts,2025-01-01,2025-01-01,Clearful
What is one bad thing that happened to me today?,https://clearful.com/library/mindfulness-journal-prompts,mindfulness journaling prompts,2025-01-01,2025-01-01,Clearful
What is one change I would like to make to my morning routine?,https://clearful.com/library/mindfulness-journal-prompts,mindfulness journaling prompts,2025-01-01,2025-01-01,Clearful
"If I could change one thing about yesterday, what would it be?",https://clearful.com/library/mindfulness-journal-prompts,mindfulness journaling prompts,2025-01-01,2025-01-01,Clearful
What causes me stress or anxiety during the holidays? What could I do to make it better?,https://clearful.com/library/mindfulness-journal-prompts,mindfulness journaling prompts,2025-01-01,2025-01-01,Clearful
What is a challenge I faced today as a parent? How did I deal with it?,https://clearful.com/library/mindfulness-journal-prompts,mindfulness journaling prompts,2025-01-01,2025-01-01,Clearful
What is something I will never travel without again?,https://clearful.com/library/mindfulness-journal-prompts,mindfulness journaling prompts,2025-01-01,2025-01-01,Clearful
What is one thing my child(ren) did today that I want to remember?,https://clearful.com/library/mindfulness-journal-prompts,mindfulness journaling prompts,2025-01-01,2025-01-01,Clearful
What thoughts did I have today that I wish I didn't have?,https://clearful.com/library/mindfulness-journal-prompts,mindfulness journaling prompts,2025-01-01,2025-01-01,Clearful
What has surprised me so far on this trip?,https://clearful.com/library/mindfulness-journal-prompts,mindfulness journaling prompts,2025-01-01,2025-01-01,Clearful
Who do I love in my life?,https://clearful.com/library/mindfulness-journal-prompts,mindfulness journaling prompts,2025-01-01,2025-01-01,Clearful
Describe a place that brings makes you feel wonder. Describe that place in as much detail as possible.,https://nadiacolburn.com/8-great-mindful-writing-prompts/,mindfulness journaling prompts,2022-04-18,n/a,Nadia Colburn
What do I find the most challenging about being a parent?,https://clearful.com/library/mindfulness-journal-prompts,mindfulness journaling prompts,2025-01-01,2025-01-01,Clearful
What reasons cause me to eat besides hunger?,https://clearful.com/library/mindfulness-journal-prompts,mindfulness journaling prompts,2025-01-01,2025-01-01,Clearful
What are ways I can wind down and relax before sleep?,https://clearful.com/library/mindfulness-journal-prompts,mindfulness journaling prompts,2025-01-01,2025-01-01,Clearful
What obstacles do I face in taking better care of myself? How can I overcome one of them?,https://clearful.com/library/mindfulness-journal-prompts,mindfulness journaling prompts,2025-01-01,2025-01-01,Clearful
What can I change about my bedtime routine to have a more restful sleep?,https://clearful.com/library/mindfulness-journal-prompts,mindfulness journaling prompts,2025-01-01,2025-01-01,Clearful
I am most proud of . . .,https://clearful.com/library/mindfulness-journal-prompts,mindfulness journaling prompts,2025-01-01,2025-01-01,Clearful
"Am I comfortable with my current work-life balance? If not, what can I do to improve it?",https://clearful.com/library/mindfulness-journal-prompts,mindfulness journaling prompts,2025-01-01,2025-01-01,Clearful
In what area of my life do I wish I had more autonomy?,https://clearful.com/library/mindfulness-journal-prompts,mindfulness journaling prompts,2025-01-01,2025-01-01,Clearful
What is a physical feature of mine that I like?,https://clearful.com/library/mindfulness-journal-prompts,mindfulness journaling prompts,2025-01-01,2025-01-01,Clearful
What is a problem I have noticed at work recently? What could I do to solve it?,https://clearful.com/library/mindfulness-journal-prompts,mindfulness journaling prompts,2025-01-01,2025-01-01,Clearful
What would I like to subtract from my life in the new year?,https://clearful.com/library/mindfulness-journal-prompts,mindfulness journaling prompts,2025-01-01,2025-01-01,Clearful
Am I dwelling on anything right now?,https://clearful.com/library/mindfulness-journal-prompts,mindfulness journaling prompts,2025-01-01,2025-01-01,Clearful
"What is one of my favorite hobbies, and why?",https://clearful.com/library/mindfulness-journal-prompts,mindfulness journaling prompts,2025-01-01,2025-01-01,Clearful
Was there anything in my day that made me angry?,https://clearful.com/library/mindfulness-journal-prompts,mindfulness journaling prompts,2025-01-01,2025-01-01,Clearful
What small or big win in my work can I celebrate today?,https://clearful.com/library/mindfulness-journal-prompts,mindfulness journaling prompts,2025-01-01,2025-01-01,Clearful
Do I miss anything from home?,https://clearful.com/library/mindfulness-journal-prompts,mindfulness journaling prompts,2025-01-01,2025-01-01,Clearful
What is something I can do for myself today?,https://clearful.com/library/mindfulness-journal-prompts,mindfulness journaling prompts,2025-01-01,2025-01-01,Clearful
Was there anything in my day that made me thankful?,https://clearful.com/library/mindfulness-journal-prompts,mindfulness journaling prompts,2025-01-01,2025-01-01,Clearful
What made me laugh today?,https://clearful.com/library/mindfulness-journal-prompts,mindfulness journaling prompts,2025-01-01,2025-01-01,Clearful
What can I be thankful for that I take for granted in my day-to-day life?,https://clearful.com/library/mindfulness-journal-prompts,mindfulness journaling prompts,2025-01-01,2025-01-01,Clearful
What do I want to take from today into tomorrow?,https://clearful.com/library/mindfulness-journal-prompts,mindfulness journaling prompts,2025-01-01,2025-01-01,Clearful
"What is one moment that I repeatedly go back to, and why?",https://clearful.com/library/mindfulness-journal-prompts,mindfulness journaling prompts,2025-01-01,2025-01-01,Clearful
What is one way I think journaling could improve my life?,https://clearful.com/library/mindfulness-journal-prompts,mindfulness journaling prompts,2025-01-01,2025-01-01,Clearful
Is there something I feel guilty about?,https://clearful.com/library/mindfulness-journal-prompts,mindfulness journaling prompts,2025-01-01,2025-01-01,Clearful
What is one change I would like to make to my evening routine?,https://clearful.com/library/mindfulness-journal-prompts,mindfulness journaling prompts,2025-01-01,2025-01-01,Clearful
What is something I can thank myself for?,https://clearful.com/library/mindfulness-journal-prompts,mindfulness journaling prompts,2025-01-01,2025-01-01,Clearful
What is one habit I currently have that I would like to get rid of in the new year?,https://clearful.com/library/mindfulness-journal-prompts,mindfulness journaling prompts,2025-01-01,2025-01-01,Clearful
What are ways I can practice self-care daily?,https://clearful.com/library/mindfulness-journal-prompts,mindfulness journaling prompts,2025-01-01,2025-01-01,Clearful
What is the best thing that happened today?,https://clearful.com/library/mindfulness-journal-prompts,mindfulness journaling prompts,2025-01-01,2025-01-01,Clearful
What do I most enjoy about the holidays?,https://clearful.com/library/mindfulness-journal-prompts,mindfulness journaling prompts,2025-01-01,2025-01-01,Clearful
"Is there anyone that deserves a big ""thank you""?",https://clearful.com/library/mindfulness-journal-prompts,mindfulness journaling prompts,2025-01-01,2025-01-01,Clearful
How does my significant other make me feel loved?,https://clearful.com/library/mindfulness-journal-prompts,mindfulness journaling prompts,2025-01-01,2025-01-01,Clearful
What is something that is limiting me from accomplishing what I want to accomplish?,https://clearful.com/library/mindfulness-journal-prompts,mindfulness journaling prompts,2025-01-01,2025-01-01,Clearful
"What relationship do I need to work on, and how can I start that process?",https://clearful.com/library/mindfulness-journal-prompts,mindfulness journaling prompts,2025-01-01,2025-01-01,Clearful
Am I happy with my work-from-home environment? Why or why not?,https://clearful.com/library/mindfulness-journal-prompts,mindfulness journaling prompts,2025-01-01,2025-01-01,Clearful
What made me smile today?,https://clearful.com/library/mindfulness-journal-prompts,mindfulness journaling prompts,2025-01-01,2025-01-01,Clearful
How am I feeling on the way to my destination?,https://clearful.com/library/mindfulness-journal-prompts,mindfulness journaling prompts,2025-01-01,2025-01-01,Clearful
What am I grateful for at work?,https://clearful.com/library/mindfulness-journal-prompts,mindfulness journaling prompts,2025-01-01,2025-01-01,Clearful
"What activity, behavior, or perspective did I discover on my trip that I would like to adopt back home?",https://clearful.com/library/mindfulness-journal-prompts,mindfulness journaling prompts,2025-01-01,2025-01-01,Clearful
Is the life that I am living the life I want?,https://clearful.com/library/mindfulness-journal-prompts,mindfulness journaling prompts,2025-01-01,2025-01-01,Clearful
Who is someone I would like to treat better?,https://clearful.com/library/mindfulness-journal-prompts,mindfulness journaling prompts,2025-01-01,2025-01-01,Clearful
What is one bad spending habit I can try to eliminate?,https://clearful.com/library/mindfulness-journal-prompts,mindfulness journaling prompts,2025-01-01,2025-01-01,Clearful
What do I want to let go of in the new year?,https://clearful.com/library/mindfulness-journal-prompts,mindfulness journaling prompts,2025-01-01,2025-01-01,Clearful
On what do I spend too much money?,https://clearful.com/library/mindfulness-journal-prompts,mindfulness journaling prompts,2025-01-01,2025-01-01,Clearful
What is something I am good at? What makes me good at it?,https://clearful.com/library/mindfulness-journal-prompts,mindfulness journaling prompts,2025-01-01,2025-01-01,Clearful
Why did I choose this destination for my trip?,https://clearful.com/library/mindfulness-journal-prompts,mindfulness journaling prompts,2025-01-01,2025-01-01,Clearful
What is one of my favorite aspects of being a parent?,https://clearful.com/library/mindfulness-journal-prompts,mindfulness journaling prompts,2025-01-01,2025-01-01,Clearful
"What are my three biggest distractions right now, and how can I reduce them?",https://clearful.com/library/mindfulness-journal-prompts,mindfulness journaling prompts,2025-01-01,2025-01-01,Clearful
What personal needs am I sacrificing to meet the needs of others?,https://clearful.com/library/mindfulness-journal-prompts,mindfulness journaling prompts,2025-01-01,2025-01-01,Clearful
What do I least enjoy about the holidays?,https://clearful.com/library/mindfulness-journal-prompts,mindfulness journaling prompts,2025-01-01,2025-01-01,Clearful
What is one way that technology enhances my productivity?,https://clearful.com/library/mindfulness-journal-prompts,mindfulness journaling prompts,2025-01-01,2025-01-01,Clearful
Did I learn anything about myself while on the trip?,https://clearful.com/library/mindfulness-journal-prompts,mindfulness journaling prompts,2025-01-01,2025-01-01,Clearful
What would I do tomorrow if I had a free day?,https://clearful.com/library/mindfulness-journal-prompts,mindfulness journaling prompts,2025-01-01,2025-01-01,Clearful
What were my first impressions of the destination?,https://clearful.com/library/mindfulness-journal-prompts,mindfulness journaling prompts,2025-01-01,2025-01-01,Clearful
What is something I love now that I could never have imagined I would like in the past?,https://clearful.com/library/mindfulness-journal-prompts,mindfulness journaling prompts,2025-01-01,2025-01-01,Clearful
"If I had one day left to live, what would I do on that day?",https://clearful.com/library/mindfulness-journal-prompts,mindfulness journaling prompts,2025-01-01,2025-01-01,Clearful
What am I grateful for today?,https://clearful.com/library/mindfulness-journal-prompts,mindfulness journaling prompts,2025-01-01,2025-01-01,Clearful
"If my flight got delayed and I had one more day at my destination, how would I spend it?",https://clearful.com/library/mindfulness-journal-prompts,mindfulness journaling prompts,2025-01-01,2025-01-01,Clearful
What is something I do not like about my living environment? How could I change it?,https://clearful.com/library/mindfulness-journal-prompts,mindfulness journaling prompts,2025-01-01,2025-01-01,Clearful
With whom do I need to set boundaries?,https://clearful.com/library/mindfulness-journal-prompts,mindfulness journaling prompts,2025-01-01,2025-01-01,Clearful
What is something I worry about that is outside of my control?,https://clearful.com/library/mindfulness-journal-prompts,mindfulness journaling prompts,2025-01-01,2025-01-01,Clearful
When do my significant other and I have the most fun?,https://clearful.com/library/mindfulness-journal-prompts,mindfulness journaling prompts,2025-01-01,2025-01-01,Clearful
When am I most at peace?,https://clearful.com/library/mindfulness-journal-prompts,mindfulness journaling prompts,2025-01-01,2025-01-01,Clearful
How does my car make my life better?,https://clearful.com/library/mindfulness-journal-prompts,mindfulness journaling prompts,2025-01-01,2025-01-01,Clearful
What do I need to leave behind from the past year?,https://clearful.com/library/mindfulness-journal-prompts,mindfulness journaling prompts,2025-01-01,2025-01-01,Clearful
How does my pet make my life better?,https://clearful.com/library/mindfulness-journal-prompts,mindfulness journaling prompts,2025-01-01,2025-01-01,Clearful
What is the first thought that came into my mind this morning?,https://clearful.com/library/mindfulness-journal-prompts,mindfulness journaling prompts,2025-01-01,2025-01-01,Clearful
"Who did I feel close to today, even for only a moment?",https://clearful.com/library/mindfulness-journal-prompts,mindfulness journaling prompts,2025-01-01,2025-01-01,Clearful
Was there anything in my day that made me excited?,https://clearful.com/library/mindfulness-journal-prompts,mindfulness journaling prompts,2025-01-01,2025-01-01,Clearful
What is something I am grateful for about myself?,https://clearful.com/library/mindfulness-journal-prompts,mindfulness journaling prompts,2025-01-01,2025-01-01,Clearful
What would make my younger self proud of me now?,https://clearful.com/library/mindfulness-journal-prompts,mindfulness journaling prompts,2025-01-01,2025-01-01,Clearful
What is something that can instantly disrupt a good mood and bring me down?,https://clearful.com/library/mindfulness-journal-prompts,mindfulness journaling prompts,2025-01-01,2025-01-01,Clearful
"What music am I thankful to be able to listen to, and why?",https://clearful.com/library/mindfulness-journal-prompts,mindfulness journaling prompts,2025-01-01,2025-01-01,Clearful
What difficult thoughts or emotions come up frequently for me?,https://clearful.com/library/mindfulness-journal-prompts,mindfulness journaling prompts,2025-01-01,2025-01-01,Clearful
What is one thing I admire about my significant other,https://clearful.com/library/mindfulness-journal-prompts,mindfulness journaling prompts,2025-01-01,2025-01-01,Clearful
Take the time at this moment to express thanks for the things that you currently appreciate about your present tense.,https://moonsterleather.com/blogs/news/mindfulness-journal-prompts?srsltid=AfmBOooYGd0333vlvHE0KqccfPp2OHhpf9Ywr-ud5pAOtuh40Jkf6F5y,mindfulness journaling prompts,2023-06-07,2023-06-07,Moonster Leather
"While you are at it, why not grapple with some of the thoughts and feelings you have experienced today?",https://moonsterleather.com/blogs/news/mindfulness-journal-prompts?srsltid=AfmBOooYGd0333vlvHE0KqccfPp2OHhpf9Ywr-ud5pAOtuh40Jkf6F5y,mindfulness journaling prompts,2023-06-07,2023-06-07,Moonster Leather
"Ask yourself what you have learned today. Reflect on any realizations or epiphanies you have been privy to, making note of them in the journal so that you may take them forth with you.",https://moonsterleather.com/blogs/news/mindfulness-journal-prompts?srsltid=AfmBOooYGd0333vlvHE0KqccfPp2OHhpf9Ywr-ud5pAOtuh40Jkf6F5y,mindfulness journaling prompts,2023-06-07,2023-06-07,Moonster Leather
"If you are the kind of person that struggles to think of any positive thoughts, then why not try to explore in depth the points today that you were happiest?",https://moonsterleather.com/blogs/news/mindfulness-journal-prompts?srsltid=AfmBOooYGd0333vlvHE0KqccfPp2OHhpf9Ywr-ud5pAOtuh40Jkf6F5y,mindfulness journaling prompts,2023-06-07,2023-06-07,Moonster Leather
"When I think about the people in my life who love me, what do I feel grateful for?",https://www.journalbuddies.com/journaling-resources/mindfulness-journaling/,mindfulness journaling prompts,n/a,n/a,Jill
What are my biggest pet peeves? Why?,https://www.journalbuddies.com/journaling-resources/mindfulness-journaling/,mindfulness journaling prompts,n/a,n/a,Jill
What are my most important values?,https://www.journalbuddies.com/journaling-resources/mindfulness-journaling/,mindfulness journaling prompts,n/a,n/a,Jill
"As today draws to a close, it can be a worthwhile exercise to look retrospectively at the day as it has passed and ask yourself what you might have done differently.",https://moonsterleather.com/blogs/news/mindfulness-journal-prompts?srsltid=AfmBOooYGd0333vlvHE0KqccfPp2OHhpf9Ywr-ud5pAOtuh40Jkf6F5y,mindfulness journaling prompts,2023-06-07,2023-06-07,Moonster Leather
What things do I love the most about my life?,https://www.journalbuddies.com/journaling-resources/mindfulness-journaling/,mindfulness journaling prompts,n/a,n/a,Jill
What are the three qualities I love most about myself?,https://www.journalbuddies.com/journaling-resources/mindfulness-journaling/,mindfulness journaling prompts,n/a,n/a,Jill
Do I procrastinate in my life? Why?,https://www.journalbuddies.com/journaling-resources/mindfulness-journaling/,mindfulness journaling prompts,n/a,n/a,Jill
What are the three things I spend most of my time on every day?,https://www.journalbuddies.com/journaling-resources/mindfulness-journaling/,mindfulness journaling prompts,n/a,n/a,Jill
What are my top fears? How are these fears holding me back?,https://www.journalbuddies.com/journaling-resources/mindfulness-journaling/,mindfulness journaling prompts,n/a,n/a,Jill
"What do I want to achieve in the next week, month, and year?",https://www.journalbuddies.com/journaling-resources/mindfulness-journaling/,mindfulness journaling prompts,n/a,n/a,Jill
How am I impacting other people around me daily?,https://www.journalbuddies.com/journaling-resources/mindfulness-journaling/,mindfulness journaling prompts,n/a,n/a,Jill
What things in my life can I be grateful for today?,https://www.journalbuddies.com/journaling-resources/mindfulness-journaling/,mindfulness journaling prompts,n/a,n/a,Jill
What things in my life make me smile? How can I incorporate them into my life more?,https://www.journalbuddies.com/journaling-resources/mindfulness-journaling/,mindfulness journaling prompts,n/a,n/a,Jill
How do I feel about myself right now?,https://www.journalbuddies.com/journaling-resources/mindfulness-journaling/,mindfulness journaling prompts,n/a,n/a,Jill
What things do I want to learn next in life outside of school?,https://www.journalbuddies.com/journaling-resources/mindfulness-journaling/,mindfulness journaling prompts,n/a,n/a,Jill
"What are my most significant weaknesses, and how can I work to improve them?",https://www.journalbuddies.com/journaling-resources/mindfulness-journaling/,mindfulness journaling prompts,n/a,n/a,Jill
What are the things I look forward to the most every day?,https://www.journalbuddies.com/journaling-resources/mindfulness-journaling/,mindfulness journaling prompts,n/a,n/a,Jill
What things make me feel alive and fulfilled?,https://www.journalbuddies.com/journaling-resources/mindfulness-journaling/,mindfulness journaling prompts,n/a,n/a,Jill
What can I do to become more present when I spent time with people I care about?,https://www.journalbuddies.com/journaling-resources/mindfulness-journaling/,mindfulness journaling prompts,n/a,n/a,Jill
Sit in nature for a few minutes. Listen to everything. What do you hear and what do you feel?,https://www.journalbuddies.com/journaling-resources/mindfulness-journaling/,mindfulness journaling prompts,n/a,n/a,Jill
What have my biggest successes been in the last year? In my entire life?,https://www.journalbuddies.com/journaling-resources/mindfulness-journaling/,mindfulness journaling prompts,n/a,n/a,Jill
What could I do to make success in school easier?,https://www.journalbuddies.com/journaling-resources/mindfulness-journaling/,mindfulness journaling prompts,n/a,n/a,Jill
"If today was my last day alive, what would I want to write?",https://www.journalbuddies.com/journaling-resources/mindfulness-journaling/,mindfulness journaling prompts,n/a,n/a,Jill
What things in my life do I feel do not make sense?,https://www.journalbuddies.com/journaling-resources/mindfulness-journaling/,mindfulness journaling prompts,n/a,n/a,Jill
What are some things I am looking forward to today?,https://mindowl.org/mindfulness-journal-prompts/,mindfulness journaling prompts,2022-03-28,2022-03-28,Filipe Bastos
What challenges might I face today?,https://mindowl.org/mindfulness-journal-prompts/,mindfulness journaling prompts,2022-03-28,2022-03-28,Filipe Bastos
When was the last time you really laughed? What did you laugh about?,https://www.journalbuddies.com/journaling-resources/mindfulness-journaling/,mindfulness journaling prompts,n/a,n/a,Jill
What are the top characteristics of the people I want to be like? Can I bring those characteristics into my own life?,https://www.journalbuddies.com/journaling-resources/mindfulness-journaling/,mindfulness journaling prompts,n/a,n/a,Jill
What things in my life cause me the most stress or anxiety? Can I change them?,https://www.journalbuddies.com/journaling-resources/mindfulness-journaling/,mindfulness journaling prompts,n/a,n/a,Jill
"If you could get beyond your fears today, what would you do?",https://www.journalbuddies.com/journaling-resources/mindfulness-journaling/,mindfulness journaling prompts,n/a,n/a,Jill
Would my five-year-old self be proud of the person I am today?,https://www.journalbuddies.com/journaling-resources/mindfulness-journaling/,mindfulness journaling prompts,n/a,n/a,Jill
What positive things happened today?,https://mindowl.org/mindfulness-journal-prompts/,mindfulness journaling prompts,2022-03-28,2022-03-28,Filipe Bastos
How did you overcome your scariest moment?,https://mindowl.org/mindfulness-journal-prompts/,mindfulness journaling prompts,2022-03-28,2022-03-28,Filipe Bastos
Did anything go wrong today?,https://mindowl.org/mindfulness-journal-prompts/,mindfulness journaling prompts,2022-03-28,2022-03-28,Filipe Bastos
What are three things that you learned today?,https://mindowl.org/mindfulness-journal-prompts/,mindfulness journaling prompts,2022-03-28,2022-03-28,Filipe Bastos
What was your happiest moment today?,https://mindowl.org/mindfulness-journal-prompts/,mindfulness journaling prompts,2022-03-28,2022-03-28,Filipe Bastos
Was there something productive you did today?,https://mindowl.org/mindfulness-journal-prompts/,mindfulness journaling prompts,2022-03-28,2022-03-28,Filipe Bastos
Consider any urges that you resisted today.,https://mindowl.org/mindfulness-journal-prompts/,mindfulness journaling prompts,2022-03-28,2022-03-28,Filipe Bastos
Review your most important lesson from the previous year.,https://serenityinsuffering.com/mindful-journal-prompts-for-a-new-year/,mindfulness journaling prompts,2022-01-31,2022-01-31,Donna
"List at least five hardships from the previous year; reflect on God’s Presence, provision and promises during those times.",https://serenityinsuffering.com/mindful-journal-prompts-for-a-new-year/,mindfulness journaling prompts,2022-01-31,2022-01-31,Donna
Detail a recent time when you felt God’s Presence with you.,https://serenityinsuffering.com/mindful-journal-prompts-for-a-new-year/,mindfulness journaling prompts,2022-01-31,2022-01-31,Donna
Write about an area of control you need to release to God.,https://serenityinsuffering.com/mindful-journal-prompts-for-a-new-year/,mindfulness journaling prompts,2022-01-31,2022-01-31,Donna
Choose five attributes of God. Reflect where in your life you see these most displayed.,https://serenityinsuffering.com/mindful-journal-prompts-for-a-new-year/,mindfulness journaling prompts,2022-01-31,2022-01-31,Donna
"Identify an area for Kingdom impact in the coming year. A specific relationship, person, ministry, project or geographical area.",https://serenityinsuffering.com/mindful-journal-prompts-for-a-new-year/,mindfulness journaling prompts,2022-01-31,2022-01-31,Donna
"From the perspective of your current season of life, where can you have the most kingdom impact?",https://serenityinsuffering.com/mindful-journal-prompts-for-a-new-year/,mindfulness journaling prompts,2022-01-31,2022-01-31,Donna
Write about your current season of life.,https://serenityinsuffering.com/mindful-journal-prompts-for-a-new-year/,mindfulness journaling prompts,2022-01-31,2022-01-31,Donna
Identify ways God is speaking to you through a particular word or phrase.,https://serenityinsuffering.com/mindful-journal-prompts-for-a-new-year/,mindfulness journaling prompts,2022-01-31,2022-01-31,Donna
"As you sit quietly before the Lord, what word or phrase continues coming up?",https://serenityinsuffering.com/mindful-journal-prompts-for-a-new-year/,mindfulness journaling prompts,2022-01-31,2022-01-31,Donna
Write about your biggest challenge in the coming year.,https://serenityinsuffering.com/mindful-journal-prompts-for-a-new-year/,mindfulness journaling prompts,2022-01-31,2022-01-31,Donna
"List three things about the new year bringing you anxiety. Compose a prayer of release trusting those people, situations or concerns to God.",https://serenityinsuffering.com/mindful-journal-prompts-for-a-new-year/,mindfulness journaling prompts,2022-01-31,2022-01-31,Donna
"Identify a relationship, person, situation or need you struggle trusting to God. Detail your fears to God.",https://serenityinsuffering.com/mindful-journal-prompts-for-a-new-year/,mindfulness journaling prompts,2022-01-31,2022-01-31,Donna
Name three unexpected ways God blessed you in the previous year.,https://serenityinsuffering.com/mindful-journal-prompts-for-a-new-year/,mindfulness journaling prompts,2022-01-31,2022-01-31,Donna
"Identify two areas for personal, emotional or spiritual change in the coming year. Detail action steps for getting started.",https://serenityinsuffering.com/mindful-journal-prompts-for-a-new-year/,mindfulness journaling prompts,2022-01-31,2022-01-31,Donna
Detail three ways you can love others well in the coming year.,https://serenityinsuffering.com/mindful-journal-prompts-for-a-new-year/,mindfulness journaling prompts,2022-01-31,2022-01-31,Donna
"Reflecting on God’s grace and mercy to you in the past year, brainstorm ways to show the same to others in the new year.",https://serenityinsuffering.com/mindful-journal-prompts-for-a-new-year/,mindfulness journaling prompts,2022-01-31,2022-01-31,Donna
Sit quietly and think for a few minutes. Write down what thoughts cross your mind.,https://www.yogavibes.com/blog/meditation-pranayama/journal-prompts-for-mindfulness-reflection/?srsltid=AfmBOoo7hw-n3UYb1gHVFIo_kKds-4G7njQEltOIWe8myMFKBqyIWLiT,mindfulness journaling prompts,2020-11-27,n/a,Claire Biggerstaff
Identify an area of weakness or discouragement. Choose two or three Bible verses to personalize for help and encouragement.,https://serenityinsuffering.com/mindful-journal-prompts-for-a-new-year/,mindfulness journaling prompts,2022-01-31,2022-01-31,Donna
The words I’d like to live by are…,https://www.yogavibes.com/blog/meditation-pranayama/journal-prompts-for-mindfulness-reflection/?srsltid=AfmBOoo7hw-n3UYb1gHVFIo_kKds-4G7njQEltOIWe8myMFKBqyIWLiT,mindfulness journaling prompts,2020-11-27,n/a,Claire Biggerstaff
"When you’re in pain, either physical or emotional, what is the kindest thing you can do for yourself?",https://www.yogavibes.com/blog/meditation-pranayama/journal-prompts-for-mindfulness-reflection/?srsltid=AfmBOoo7hw-n3UYb1gHVFIo_kKds-4G7njQEltOIWe8myMFKBqyIWLiT,mindfulness journaling prompts,2020-11-27,n/a,Claire Biggerstaff
How do I feel about myself right now?,https://www.yogavibes.com/blog/meditation-pranayama/journal-prompts-for-mindfulness-reflection/?srsltid=AfmBOoo7hw-n3UYb1gHVFIo_kKds-4G7njQEltOIWe8myMFKBqyIWLiT,mindfulness journaling prompts,2020-11-27,n/a,Claire Biggerstaff
What would you do if you loved yourself unconditionally? How can you act on these things whether you do or don’t?,https://www.yogavibes.com/blog/meditation-pranayama/journal-prompts-for-mindfulness-reflection/?srsltid=AfmBOoo7hw-n3UYb1gHVFIo_kKds-4G7njQEltOIWe8myMFKBqyIWLiT,mindfulness journaling prompts,2020-11-27,n/a,Claire Biggerstaff
"Using 10 words, describe yourself.",https://www.yogavibes.com/blog/meditation-pranayama/journal-prompts-for-mindfulness-reflection/?srsltid=AfmBOoo7hw-n3UYb1gHVFIo_kKds-4G7njQEltOIWe8myMFKBqyIWLiT,mindfulness journaling prompts,2020-11-27,n/a,Claire Biggerstaff
"Today I am most grateful for __, because __.",https://www.yogavibes.com/blog/meditation-pranayama/journal-prompts-for-mindfulness-reflection/?srsltid=AfmBOoo7hw-n3UYb1gHVFIo_kKds-4G7njQEltOIWe8myMFKBqyIWLiT,mindfulness journaling prompts,2020-11-27,n/a,Claire Biggerstaff
Make a list of everything you’d like to say ‘no’ to.,https://www.yogavibes.com/blog/meditation-pranayama/journal-prompts-for-mindfulness-reflection/?srsltid=AfmBOoo7hw-n3UYb1gHVFIo_kKds-4G7njQEltOIWe8myMFKBqyIWLiT,mindfulness journaling prompts,2020-11-27,n/a,Claire Biggerstaff
"Today, I feel…",https://www.joinreframeapp.com/blog-post/20-mindful-journal-prompts-to-build-stress-resilience,mindfulness journaling prompts,2023-10-01,2023-10-01,Vedant
Make a list of everything you’d like to say ‘yes’ to.,https://www.yogavibes.com/blog/meditation-pranayama/journal-prompts-for-mindfulness-reflection/?srsltid=AfmBOoo7hw-n3UYb1gHVFIo_kKds-4G7njQEltOIWe8myMFKBqyIWLiT,mindfulness journaling prompts,2020-11-27,n/a,Claire Biggerstaff
One thing I learned about myself today is…,https://www.joinreframeapp.com/blog-post/20-mindful-journal-prompts-to-build-stress-resilience,mindfulness journaling prompts,2023-10-01,2023-10-01,Vedant
I felt stress when…,https://www.joinreframeapp.com/blog-post/20-mindful-journal-prompts-to-build-stress-resilience,mindfulness journaling prompts,2023-10-01,2023-10-01,Vedant
The most surprising thing about today was…,https://www.joinreframeapp.com/blog-post/20-mindful-journal-prompts-to-build-stress-resilience,mindfulness journaling prompts,2023-10-01,2023-10-01,Vedant
Something I wish I did differently today is…,https://www.joinreframeapp.com/blog-post/20-mindful-journal-prompts-to-build-stress-resilience,mindfulness journaling prompts,2023-10-01,2023-10-01,Vedant
I felt calm when…,https://www.joinreframeapp.com/blog-post/20-mindful-journal-prompts-to-build-stress-resilience,mindfulness journaling prompts,2023-10-01,2023-10-01,Vedant
My favorite part of the day was…,https://www.joinreframeapp.com/blog-post/20-mindful-journal-prompts-to-build-stress-resilience,mindfulness journaling prompts,2023-10-01,2023-10-01,Vedant
One thing I'm proud of accomplishing today is…,https://www.joinreframeapp.com/blog-post/20-mindful-journal-prompts-to-build-stress-resilience,mindfulness journaling prompts,2023-10-01,2023-10-01,Vedant
A situation I handled well today was…,https://www.joinreframeapp.com/blog-post/20-mindful-journal-prompts-to-build-stress-resilience,mindfulness journaling prompts,2023-10-01,2023-10-01,Vedant
What brought me joy today?,https://www.joinreframeapp.com/blog-post/20-mindful-journal-prompts-to-build-stress-resilience,mindfulness journaling prompts,2023-10-01,2023-10-01,Vedant
Something I need to let go of is…,https://www.joinreframeapp.com/blog-post/20-mindful-journal-prompts-to-build-stress-resilience,mindfulness journaling prompts,2023-10-01,2023-10-01,Vedant
"Today, I showed resilience when…",https://www.joinreframeapp.com/blog-post/20-mindful-journal-prompts-to-build-stress-resilience,mindfulness journaling prompts,2023-10-01,2023-10-01,Vedant
What was one moment today when I was fully present?,https://www.joinreframeapp.com/blog-post/20-mindful-journal-prompts-to-build-stress-resilience,mindfulness journaling prompts,2023-10-01,2023-10-01,Vedant
What one thing would I like to change for tomorrow?,https://www.joinreframeapp.com/blog-post/20-mindful-journal-prompts-to-build-stress-resilience,mindfulness journaling prompts,2023-10-01,2023-10-01,Vedant
How did I take care of myself today?,https://www.joinreframeapp.com/blog-post/20-mindful-journal-prompts-to-build-stress-resilience,mindfulness journaling prompts,2023-10-01,2023-10-01,Vedant
What am I grateful for today?,https://www.joinreframeapp.com/blog-post/20-mindful-journal-prompts-to-build-stress-resilience,mindfulness journaling prompts,2023-10-01,2023-10-01,Vedant
I felt happiest today when…,https://www.joinreframeapp.com/blog-post/20-mindful-journal-prompts-to-build-stress-resilience,mindfulness journaling prompts,2023-10-01,2023-10-01,Vedant
One way I can improve my day tomorrow is…,https://www.joinreframeapp.com/blog-post/20-mindful-journal-prompts-to-build-stress-resilience,mindfulness journaling prompts,2023-10-01,2023-10-01,Vedant
"Today, I felt a strong emotion when…",https://www.joinreframeapp.com/blog-post/20-mindful-journal-prompts-to-build-stress-resilience,mindfulness journaling prompts,2023-10-01,2023-10-01,Vedant
A situation I found difficult today was...,https://www.joinreframeapp.com/blog-post/20-mindful-journal-prompts-to-build-stress-resilience,mindfulness journaling prompts,2023-10-01,2023-10-01,Vedant
What would it look like to trust your own timing?,https://www.yoginilivin.com/post/mindful-journaling-prompts,mindfulness journaling prompts,2023-10-01,2023-10-01,YoginiLivin
Where in your life do you need more softness?,https://www.yoginilivin.com/post/mindful-journaling-prompts,mindfulness journaling prompts,2023-10-01,2023-10-01,YoginiLivin
How can you create more space for stillness today?,https://www.yoginilivin.com/post/mindful-journaling-prompts,mindfulness journaling prompts,2023-10-01,2023-10-01,YoginiLivin
What belief about yourself are you ready to release?,https://www.yoginilivin.com/post/mindful-journaling-prompts,mindfulness journaling prompts,2023-10-01,2023-10-01,YoginiLivin
What is one thing you’re proud of from this week?,https://www.yoginilivin.com/post/mindful-journaling-prompts,mindfulness journaling prompts,2023-10-01,2023-10-01,YoginiLivin
Where do you feel most at home—in your body or your surroundings?,https://www.yoginilivin.com/post/mindful-journaling-prompts,mindfulness journaling prompts,2023-10-01,2023-10-01,YoginiLivin
What brings you peace when everything feels overwhelming?,https://www.yoginilivin.com/post/mindful-journaling-prompts,mindfulness journaling prompts,2023-10-01,2023-10-01,YoginiLivin
"What’s something you're carrying that you could set down, even just for today?",https://www.yoginilivin.com/post/mindful-journaling-prompts,mindfulness journaling prompts,2023-10-01,2023-10-01,YoginiLivin
In what area of your life could you use more compassion?,https://www.yoginilivin.com/post/mindful-journaling-prompts,mindfulness journaling prompts,2023-10-01,2023-10-01,YoginiLivin
What does “grounded” feel like to you?,https://www.yoginilivin.com/post/mindful-journaling-prompts,mindfulness journaling prompts,2023-10-01,2023-10-01,YoginiLivin
Where do you feel tension in your body—and what might it be trying to tell you?,https://www.yoginilivin.com/post/mindful-journaling-prompts,mindfulness journaling prompts,2023-10-01,2023-10-01,YoginiLivin
"How can you honor your energy today, without judgment?",https://www.yoginilivin.com/post/mindful-journaling-prompts,mindfulness journaling prompts,2023-10-01,2023-10-01,YoginiLivin
"What does ""enough"" look like for you right now?",https://www.yoginilivin.com/post/mindful-journaling-prompts,mindfulness journaling prompts,2023-10-01,2023-10-01,YoginiLivin
What are you most grateful for in this moment?,https://www.yoginilivin.com/post/mindful-journaling-prompts,mindfulness journaling prompts,2023-10-01,2023-10-01,YoginiLivin
How can you offer yourself grace today?,https://www.yoginilivin.com/post/mindful-journaling-prompts,mindfulness journaling prompts,2023-10-01,2023-10-01,YoginiLivin
What would it feel like to fully trust yourself?,https://www.yoginilivin.com/post/mindful-journaling-prompts,mindfulness journaling prompts,2023-10-01,2023-10-01,YoginiLivin
What dream or desire have you been quietly holding?,https://www.yoginilivin.com/post/mindful-journaling-prompts,mindfulness journaling prompts,2023-10-01,2023-10-01,YoginiLivin
Where in your life are you craving more freedom?,https://www.yoginilivin.com/post/mindful-journaling-prompts,mindfulness journaling prompts,2023-10-01,2023-10-01,YoginiLivin
What’s one small boundary you could lovingly strengthen?,https://www.yoginilivin.com/post/mindful-journaling-prompts,mindfulness journaling prompts,2023-10-01,2023-10-01,YoginiLivin
What emotions have you been avoiding—and why?,https://www.yoginilivin.com/post/mindful-journaling-prompts,mindfulness journaling prompts,2023-10-01,2023-10-01,YoginiLivin
When was the last time you truly rested—and what did that feel like?,https://www.yoginilivin.com/post/mindful-journaling-prompts,mindfulness journaling prompts,2023-10-01,2023-10-01,YoginiLivin
What’s one place you can soften instead of pushing?,https://www.yoginilivin.com/post/mindful-journaling-prompts,mindfulness journaling prompts,2023-10-01,2023-10-01,YoginiLivin
How do you want to feel when you wake up tomorrow?,https://www.yoginilivin.com/post/mindful-journaling-prompts,mindfulness journaling prompts,2023-10-01,2023-10-01,YoginiLivin
What’s one small joy you’ve overlooked lately?,https://www.yoginilivin.com/post/mindful-journaling-prompts,mindfulness journaling prompts,2023-10-01,2023-10-01,YoginiLivin
What story are you ready to rewrite about yourself?,https://www.yoginilivin.com/post/mindful-journaling-prompts,mindfulness journaling prompts,2023-10-01,2023-10-01,YoginiLivin
How has your idea of success evolved over time?,https://www.yoginilivin.com/post/mindful-journaling-prompts,mindfulness journaling prompts,2023-10-01,2023-10-01,YoginiLivin
What brings you back to center when you feel scattered?,https://www.yoginilivin.com/post/mindful-journaling-prompts,mindfulness journaling prompts,2023-10-01,2023-10-01,YoginiLivin
What season of life are you in—and how can you honor it?,https://www.yoginilivin.com/post/mindful-journaling-prompts,mindfulness journaling prompts,2023-10-01,2023-10-01,YoginiLivin
Where can you trade control for curiosity today?,https://www.yoginilivin.com/post/mindful-journaling-prompts,mindfulness journaling prompts,2023-10-01,2023-10-01,YoginiLivin
"What part of you is ready to be seen, accepted, or celebrated?",https://www.yoginilivin.com/post/mindful-journaling-prompts,mindfulness journaling prompts,2023-10-01,2023-10-01,YoginiLivin
"If this object could speak, it would say…",https://mindfulartstudio.com/5-minute-art-journaling-prompts/,mindfulness journaling prompts,2021-03-02,2021-03-02,Amy Maricle
The first time I held one of these I…,https://mindfulartstudio.com/5-minute-art-journaling-prompts/,mindfulness journaling prompts,2021-03-02,2021-03-02,Amy Maricle
Describe the texture of this object in detail,https://mindfulartstudio.com/5-minute-art-journaling-prompts/,mindfulness journaling prompts,2021-03-02,2021-03-02,Amy Maricle
How does your body feel right now?,https://elevateedit.com/journaling/mindfulness-journal-prompts,mindfulness journaling prompts,n/a,n/a,Ruby Layram
How do you define happiness in your life?,https://elevateedit.com/journaling/mindfulness-journal-prompts,mindfulness journaling prompts,n/a,n/a,Ruby Layram
What thoughts are currently occupying your mind?,https://elevateedit.com/journaling/mindfulness-journal-prompts,mindfulness journaling prompts,n/a,n/a,Ruby Layram
What does self-care look like in your life right now?,https://elevateedit.com/journaling/mindfulness-journal-prompts,mindfulness journaling prompts,n/a,n/a,Ruby Layram
Write about a recent experience that made you feel anxious.,https://elevateedit.com/journaling/mindfulness-journal-prompts,mindfulness journaling prompts,n/a,n/a,Ruby Layram
Describe a moment today when you felt truly present.,https://elevateedit.com/journaling/mindfulness-journal-prompts,mindfulness journaling prompts,n/a,n/a,Ruby Layram
How does your body feel right now? Describe any sensations.,https://elevateedit.com/journaling/mindfulness-journal-prompts,mindfulness journaling prompts,n/a,n/a,Ruby Layram
List three things you are grateful for at this moment.,https://elevateedit.com/journaling/mindfulness-journal-prompts,mindfulness journaling prompts,n/a,n/a,Ruby Layram
What is one thing you can do to show compassion to yourself today?,https://elevateedit.com/journaling/mindfulness-journal-prompts,mindfulness journaling prompts,n/a,n/a,Ruby Layram
How can you incorporate more mindfulness into your daily routine?,https://elevateedit.com/journaling/mindfulness-journal-prompts,mindfulness journaling prompts,n/a,n/a,Ruby Layram
Reflect on a recent challenge. What did you learn from it?,https://elevateedit.com/journaling/mindfulness-journal-prompts,mindfulness journaling prompts,n/a,n/a,Ruby Layram
What are some negative patterns you notice in your thoughts?,https://elevateedit.com/journaling/mindfulness-journal-prompts,mindfulness journaling prompts,n/a,n/a,Ruby Layram
List five small things that bring you joy.,https://elevateedit.com/journaling/mindfulness-journal-prompts,mindfulness journaling prompts,n/a,n/a,Ruby Layram
What boundaries do you need to set for your well-being?,https://elevateedit.com/journaling/mindfulness-journal-prompts,mindfulness journaling prompts,n/a,n/a,Ruby Layram
What are the most frequent triggers of stress in your life?,https://elevateedit.com/journaling/mindfulness-journal-prompts,mindfulness journaling prompts,n/a,n/a,Ruby Layram
What does success look like for you right now?,https://elevateedit.com/journaling/mindfulness-journal-prompts,mindfulness journaling prompts,n/a,n/a,Ruby Layram
Write about a person who inspires you and why.,https://elevateedit.com/journaling/mindfulness-journal-prompts,mindfulness journaling prompts,n/a,n/a,Ruby Layram
Write about a time when you followed your intuition.,https://elevateedit.com/journaling/mindfulness-journal-prompts,mindfulness journaling prompts,n/a,n/a,Ruby Layram
Write a letter to your future self.,https://elevateedit.com/journaling/mindfulness-journal-prompts,mindfulness journaling prompts,n/a,n/a,Ruby Layram
Describe your ideal day from morning to night.,https://elevateedit.com/journaling/mindfulness-journal-prompts,mindfulness journaling prompts,n/a,n/a,Ruby Layram
What do you want to release from your life?,https://elevateedit.com/journaling/mindfulness-journal-prompts,mindfulness journaling prompts,n/a,n/a,Ruby Layram
How do you want to feel tomorrow?,https://elevateedit.com/journaling/mindfulness-journal-prompts,mindfulness journaling prompts,n/a,n/a,Ruby Layram
What aspects of your life need more attention and care?,https://elevateedit.com/journaling/mindfulness-journal-prompts,mindfulness journaling prompts,n/a,n/a,Ruby Layram
How have you grown over the past year?,https://elevateedit.com/journaling/mindfulness-journal-prompts,mindfulness journaling prompts,n/a,n/a,Ruby Layram
Write about a fear that you are willing to face.,https://elevateedit.com/journaling/mindfulness-journal-prompts,mindfulness journaling prompts,n/a,n/a,Ruby Layram
What habits do you feel proud of?,https://elevateedit.com/journaling/mindfulness-journal-prompts,mindfulness journaling prompts,n/a,n/a,Ruby Layram
How do you practice self-acceptance?,https://elevateedit.com/journaling/mindfulness-journal-prompts,mindfulness journaling prompts,n/a,n/a,Ruby Layram
What lessons have you learned from past mistakes?,https://elevateedit.com/journaling/mindfulness-journal-prompts,mindfulness journaling prompts,n/a,n/a,Ruby Layram
What emotions did you experience today?,https://elevateedit.com/journaling/mindfulness-journal-prompts,mindfulness journaling prompts,n/a,n/a,Ruby Layram
"What are your core values, and how do they guide your actions?",https://elevateedit.com/journaling/mindfulness-journal-prompts,mindfulness journaling prompts,n/a,n/a,Ruby Layram
Write a gratitude list for all the positive experiences this week.,https://elevateedit.com/journaling/mindfulness-journal-prompts,mindfulness journaling prompts,n/a,n/a,Ruby Layram
Reflect on a compliment you received recently and how it made you feel.,https://elevateedit.com/journaling/mindfulness-journal-prompts,mindfulness journaling prompts,n/a,n/a,Ruby Layram
What little victories can you celebrate today?,https://elevateedit.com/journaling/mindfulness-journal-prompts,mindfulness journaling prompts,n/a,n/a,Ruby Layram
What are you grateful for today and why?,https://quintacarvalhas.com/365-mindfulness-journal-prompts-for-daily-self-reflection/,mindfulness journaling prompts,2024-04-02,n/a,n/a
Reflect on a recent challenge you faced and what you learned from it.,https://quintacarvalhas.com/365-mindfulness-journal-prompts-for-daily-self-reflection/,mindfulness journaling prompts,2024-04-02,n/a,n/a
Explore a belief or value that is important to you and why.,https://quintacarvalhas.com/365-mindfulness-journal-prompts-for-daily-self-reflection/,mindfulness journaling prompts,2024-04-02,n/a,n/a
Write about a goal or intention you have for the future and how you plan to achieve it.,https://quintacarvalhas.com/365-mindfulness-journal-prompts-for-daily-self-reflection/,mindfulness journaling prompts,2024-04-02,n/a,n/a
Write about a self-care practice that brings you joy and relaxation.,https://quintacarvalhas.com/365-mindfulness-journal-prompts-for-daily-self-reflection/,mindfulness journaling prompts,2024-04-02,n/a,n/a
What is something you need to let go of in order to move forward?,https://quintacarvalhas.com/365-mindfulness-journal-prompts-for-daily-self-reflection/,mindfulness journaling prompts,2024-04-02,n/a,n/a
Write about a moment of mindfulness you experienced today.,https://quintacarvalhas.com/365-mindfulness-journal-prompts-for-daily-self-reflection/,mindfulness journaling prompts,2024-04-02,n/a,n/a
Reflect on a mistake you made and what you learned from it.,https://quintacarvalhas.com/365-mindfulness-journal-prompts-for-daily-self-reflection/,mindfulness journaling prompts,2024-04-02,n/a,n/a
Write about a person who has had a positive impact on your life and why.,https://quintacarvalhas.com/365-mindfulness-journal-prompts-for-daily-self-reflection/,mindfulness journaling prompts,2024-04-02,n/a,n/a
What is something you appreciate about yourself?,https://quintacarvalhas.com/365-mindfulness-journal-prompts-for-daily-self-reflection/,mindfulness journaling prompts,2024-04-02,n/a,n/a
Explore a fear or limiting belief that is holding you back.,https://quintacarvalhas.com/365-mindfulness-journal-prompts-for-daily-self-reflection/,mindfulness journaling prompts,2024-04-02,n/a,n/a
Reflect on a recent interaction with someone and how it made you feel.,https://quintacarvalhas.com/365-mindfulness-journal-prompts-for-daily-self-reflection/,mindfulness journaling prompts,2024-04-02,n/a,n/a
Reflect on a moment when you felt fully present and engaged.,https://quintacarvalhas.com/365-mindfulness-journal-prompts-for-daily-self-reflection/,mindfulness journaling prompts,2024-04-02,n/a,n/a
Write about a challenging situation you are currently facing and potential solutions.,https://quintacarvalhas.com/365-mindfulness-journal-prompts-for-daily-self-reflection/,mindfulness journaling prompts,2024-04-02,n/a,n/a
Reflect on a time when you overcame a difficult obstacle.,https://quintacarvalhas.com/365-mindfulness-journal-prompts-for-daily-self-reflection/,mindfulness journaling prompts,2024-04-02,n/a,n/a
What is something you love about your physical or mental health?,https://quintacarvalhas.com/365-mindfulness-journal-prompts-for-daily-self-reflection/,mindfulness journaling prompts,2024-04-02,n/a,n/a
Explore a hobby or activity that brings you joy and fulfilment.,https://quintacarvalhas.com/365-mindfulness-journal-prompts-for-daily-self-reflection/,mindfulness journaling prompts,2024-04-02,n/a,n/a
Write about a recent accomplishment you are proud of and why.,https://quintacarvalhas.com/365-mindfulness-journal-prompts-for-daily-self-reflection/,mindfulness journaling prompts,2024-04-02,n/a,n/a
Explore a personal mantra or affirmation that resonates with you.,https://quintacarvalhas.com/365-mindfulness-journal-prompts-for-daily-self-reflection/,mindfulness journaling prompts,2024-04-02,n/a,n/a
Reflect on a difficult decision you had to make and the factors you considered.,https://quintacarvalhas.com/365-mindfulness-journal-prompts-for-daily-self-reflection/,mindfulness journaling prompts,2024-04-02,n/a,n/a
What is something you want to forgive yourself for?,https://quintacarvalhas.com/365-mindfulness-journal-prompts-for-daily-self-reflection/,mindfulness journaling prompts,2024-04-02,n/a,n/a
"Write about a book, movie, or song that has inspired you and why.",https://quintacarvalhas.com/365-mindfulness-journal-prompts-for-daily-self-reflection/,mindfulness journaling prompts,2024-04-02,n/a,n/a
Explore a new skill or hobby you would like to learn and why.,https://quintacarvalhas.com/365-mindfulness-journal-prompts-for-daily-self-reflection/,mindfulness journaling prompts,2024-04-02,n/a,n/a
What is something you learned about yourself today?,https://quintacarvalhas.com/365-mindfulness-journal-prompts-for-daily-self-reflection/,mindfulness journaling prompts,2024-04-02,n/a,n/a
Reflect on a mistake you made and how you can grow from it.,https://quintacarvalhas.com/365-mindfulness-journal-prompts-for-daily-self-reflection/,mindfulness journaling prompts,2024-04-02,n/a,n/a
Write about a time when you felt truly happy and content.,https://quintacarvalhas.com/365-mindfulness-journal-prompts-for-daily-self-reflection/,mindfulness journaling prompts,2024-04-02,n/a,n/a
Explore a situation where you stepped outside of your comfort zone.,https://quintacarvalhas.com/365-mindfulness-journal-prompts-for-daily-self-reflection/,mindfulness journaling prompts,2024-04-02,n/a,n/a
What is something you value most in your relationships?,https://quintacarvalhas.com/365-mindfulness-journal-prompts-for-daily-self-reflection/,mindfulness journaling prompts,2024-04-02,n/a,n/a
Write about a challenge you are currently facing and potential solutions.,https://quintacarvalhas.com/365-mindfulness-journal-prompts-for-daily-self-reflection/,mindfulness journaling prompts,2024-04-02,n/a,n/a
Reflect on a time when you experienced gratitude for the simple things in life.,https://quintacarvalhas.com/365-mindfulness-journal-prompts-for-daily-self-reflection/,mindfulness journaling prompts,2024-04-02,n/a,n/a
Explore a belief or value that you would like to cultivate more of in your life.,https://quintacarvalhas.com/365-mindfulness-journal-prompts-for-daily-self-reflection/,mindfulness journaling prompts,2024-04-02,n/a,n/a
What is something you want to let go of in order to experience personal growth?,https://quintacarvalhas.com/365-mindfulness-journal-prompts-for-daily-self-reflection/,mindfulness journaling prompts,2024-04-02,n/a,n/a
Reflect on a moment when you felt connected to nature.,https://quintacarvalhas.com/365-mindfulness-journal-prompts-for-daily-self-reflection/,mindfulness journaling prompts,2024-04-02,n/a,n/a
Reflect on a moment when you showed kindness towards yourself or others.,https://quintacarvalhas.com/365-mindfulness-journal-prompts-for-daily-self-reflection/,mindfulness journaling prompts,2024-04-02,n/a,n/a
Write about a self-care practice that helps you feel grounded and centred.,https://quintacarvalhas.com/365-mindfulness-journal-prompts-for-daily-self-reflection/,mindfulness journaling prompts,2024-04-02,n/a,n/a
What is something you appreciate about your physical or mental well-being?,https://quintacarvalhas.com/365-mindfulness-journal-prompts-for-daily-self-reflection/,mindfulness journaling prompts,2024-04-02,n/a,n/a
Write about a recent success or accomplishment that made you feel proud.,https://quintacarvalhas.com/365-mindfulness-journal-prompts-for-daily-self-reflection/,mindfulness journaling prompts,2024-04-02,n/a,n/a
Explore a fear or limiting belief that you would like to overcome.,https://quintacarvalhas.com/365-mindfulness-journal-prompts-for-daily-self-reflection/,mindfulness journaling prompts,2024-04-02,n/a,n/a
Reflect on a time when you made a difficult decision and the outcome.,https://quintacarvalhas.com/365-mindfulness-journal-prompts-for-daily-self-reflection/,mindfulness journaling prompts,2024-04-02,n/a,n/a
Explore a mantra or affirmation that can help you overcome challenges.,https://quintacarvalhas.com/365-mindfulness-journal-prompts-for-daily-self-reflection/,mindfulness journaling prompts,2024-04-02,n/a,n/a
What is something you want to forgive yourself for and why?,https://quintacarvalhas.com/365-mindfulness-journal-prompts-for-daily-self-reflection/,mindfulness journaling prompts,2024-04-02,n/a,n/a
Write about a piece of art or literature that has touched your soul.,https://quintacarvalhas.com/365-mindfulness-journal-prompts-for-daily-self-reflection/,mindfulness journaling prompts,2024-04-02,n/a,n/a
Reflect on a moment when you felt a deep sense of peace and tranquillity.,https://quintacarvalhas.com/365-mindfulness-journal-prompts-for-daily-self-reflection/,mindfulness journaling prompts,2024-04-02,n/a,n/a
Explore a skill or hobby that you would like to develop further and why.,https://quintacarvalhas.com/365-mindfulness-journal-prompts-for-daily-self-reflection/,mindfulness journaling prompts,2024-04-02,n/a,n/a
Reflect on a mistake you made and the lessons you learned from it.,https://quintacarvalhas.com/365-mindfulness-journal-prompts-for-daily-self-reflection/,mindfulness journaling prompts,2024-04-02,n/a,n/a
What is something you discovered about yourself recently?,https://quintacarvalhas.com/365-mindfulness-journal-prompts-for-daily-self-reflection/,mindfulness journaling prompts,2024-04-02,n/a,n/a
Explore a situation where you took a risk and what you gained from it.,https://quintacarvalhas.com/365-mindfulness-journal-prompts-for-daily-self-reflection/,mindfulness journaling prompts,2024-04-02,n/a,n/a
Write about a time when you felt a sense of gratitude for your relationships.,https://quintacarvalhas.com/365-mindfulness-journal-prompts-for-daily-self-reflection/,mindfulness journaling prompts,2024-04-02,n/a,n/a
What is something you value most about yourself?,https://quintacarvalhas.com/365-mindfulness-journal-prompts-for-daily-self-reflection/,mindfulness journaling prompts,2024-04-02,n/a,n/a
Write about a challenge you are currently working through and your progress.,https://quintacarvalhas.com/365-mindfulness-journal-prompts-for-daily-self-reflection/,mindfulness journaling prompts,2024-04-02,n/a,n/a
Reflect on a moment when you felt awe and wonder in the world around you.,https://quintacarvalhas.com/365-mindfulness-journal-prompts-for-daily-self-reflection/,mindfulness journaling prompts,2024-04-02,n/a,n/a
Explore a belief or value that you want to prioritize in your daily life.,https://quintacarvalhas.com/365-mindfulness-journal-prompts-for-daily-self-reflection/,mindfulness journaling prompts,2024-04-02,n/a,n/a
What is something you need to let go of to create space for new opportunities?,https://quintacarvalhas.com/365-mindfulness-journal-prompts-for-daily-self-reflection/,mindfulness journaling prompts,2024-04-02,n/a,n/a
Explore a fear or limiting belief that you are ready to release.,https://quintacarvalhas.com/365-mindfulness-journal-prompts-for-daily-self-reflection/,mindfulness journaling prompts,2024-04-02,n/a,n/a
What is something you appreciate about your emotional well-being?,https://quintacarvalhas.com/365-mindfulness-journal-prompts-for-daily-self-reflection/,mindfulness journaling prompts,2024-04-02,n/a,n/a
Write about a self-care practice that helps you recharge and rejuvenate.,https://quintacarvalhas.com/365-mindfulness-journal-prompts-for-daily-self-reflection/,mindfulness journaling prompts,2024-04-02,n/a,n/a
Reflect on a moment when you showed compassion towards yourself or others.,https://quintacarvalhas.com/365-mindfulness-journal-prompts-for-daily-self-reflection/,mindfulness journaling prompts,2024-04-02,n/a,n/a
Write about a recent achievement or milestone that brought you joy.,https://quintacarvalhas.com/365-mindfulness-journal-prompts-for-daily-self-reflection/,mindfulness journaling prompts,2024-04-02,n/a,n/a
Reflect on a time when you made a decision that aligned with your values.,https://quintacarvalhas.com/365-mindfulness-journal-prompts-for-daily-self-reflection/,mindfulness journaling prompts,2024-04-02,n/a,n/a
Explore a mantra or affirmation that empowers you and boosts your confidence.,https://quintacarvalhas.com/365-mindfulness-journal-prompts-for-daily-self-reflection/,mindfulness journaling prompts,2024-04-02,n/a,n/a
What is something you want to forgive yourself for and move on from?,https://quintacarvalhas.com/365-mindfulness-journal-prompts-for-daily-self-reflection/,mindfulness journaling prompts,2024-04-02,n/a,n/a
Write about a piece of music or poetry that speaks to your soul.,https://quintacarvalhas.com/365-mindfulness-journal-prompts-for-daily-self-reflection/,mindfulness journaling prompts,2024-04-02,n/a,n/a
Explore a skill or hobby that brings you a sense of fulfilment and purpose.,https://quintacarvalhas.com/365-mindfulness-journal-prompts-for-daily-self-reflection/,mindfulness journaling prompts,2024-04-02,n/a,n/a
Reflect on a moment when you felt fully present and connected with others.,https://quintacarvalhas.com/365-mindfulness-journal-prompts-for-daily-self-reflection/,mindfulness journaling prompts,2024-04-02,n/a,n/a
Reflect on a mistake you made and the growth and wisdom it brought you.,https://quintacarvalhas.com/365-mindfulness-journal-prompts-for-daily-self-reflection/,mindfulness journaling prompts,2024-04-02,n/a,n/a
Explore a situation where you embraced change and the positive outcomes.,https://quintacarvalhas.com/365-mindfulness-journal-prompts-for-daily-self-reflection/,mindfulness journaling prompts,2024-04-02,n/a,n/a
What is something you have learned about yourself through recent experiences?,https://quintacarvalhas.com/365-mindfulness-journal-prompts-for-daily-self-reflection/,mindfulness journaling prompts,2024-04-02,n/a,n/a
Write about a time when you felt grateful for the support of others.,https://quintacarvalhas.com/365-mindfulness-journal-prompts-for-daily-self-reflection/,mindfulness journaling prompts,2024-04-02,n/a,n/a
Reflect on a moment when you felt a deep sense of awe and appreciation.,https://quintacarvalhas.com/365-mindfulness-journal-prompts-for-daily-self-reflection/,mindfulness journaling prompts,2024-04-02,n/a,n/a
Write about a challenge or obstacle you are determined to overcome.,https://quintacarvalhas.com/365-mindfulness-journal-prompts-for-daily-self-reflection/,mindfulness journaling prompts,2024-04-02,n/a,n/a
Explore a belief or value that you want to embody in your daily life.,https://quintacarvalhas.com/365-mindfulness-journal-prompts-for-daily-self-reflection/,mindfulness journaling prompts,2024-04-02,n/a,n/a
What is something you value most about your personal identity?,https://quintacarvalhas.com/365-mindfulness-journal-prompts-for-daily-self-reflection/,mindfulness journaling prompts,2024-04-02,n/a,n/a
"Write about a self-care practice that helps you nurture your mind, body, and soul.",https://quintacarvalhas.com/365-mindfulness-journal-prompts-for-daily-self-reflection/,mindfulness journaling prompts,2024-04-02,n/a,n/a
What is something you want to release in order to create space for new beginnings?,https://quintacarvalhas.com/365-mindfulness-journal-prompts-for-daily-self-reflection/,mindfulness journaling prompts,2024-04-02,n/a,n/a
Reflect on a moment when you showed love and kindness towards yourself or others.,https://quintacarvalhas.com/365-mindfulness-journal-prompts-for-daily-self-reflection/,mindfulness journaling prompts,2024-04-02,n/a,n/a
What is something you appreciate about your personal growth and transformation?,https://quintacarvalhas.com/365-mindfulness-journal-prompts-for-daily-self-reflection/,mindfulness journaling prompts,2024-04-02,n/a,n/a
Explore a fear or limiting belief that you are ready to transcend and overcome.,https://quintacarvalhas.com/365-mindfulness-journal-prompts-for-daily-self-reflection/,mindfulness journaling prompts,2024-04-02,n/a,n/a
Explore a mantra or affirmation that empowers you and helps you manifest your desires.,https://quintacarvalhas.com/365-mindfulness-journal-prompts-for-daily-self-reflection/,mindfulness journaling prompts,2024-04-02,n/a,n/a
Reflect on a decision you made that aligned with your intuition and inner wisdom.,https://quintacarvalhas.com/365-mindfulness-journal-prompts-for-daily-self-reflection/,mindfulness journaling prompts,2024-04-02,n/a,n/a
What is something you want to forgive yourself for and embrace self-compassion?,https://quintacarvalhas.com/365-mindfulness-journal-prompts-for-daily-self-reflection/,mindfulness journaling prompts,2024-04-02,n/a,n/a
Write about a recent success or achievement that made you feel proud and accomplished.,https://quintacarvalhas.com/365-mindfulness-journal-prompts-for-daily-self-reflection/,mindfulness journaling prompts,2024-04-02,n/a,n/a
Reflect on a moment when you felt fully alive and connected with your purpose.,https://quintacarvalhas.com/365-mindfulness-journal-prompts-for-daily-self-reflection/,mindfulness journaling prompts,2024-04-02,n/a,n/a
Write about a piece of art or literature that has inspired you and evoke deep emotions.,https://quintacarvalhas.com/365-mindfulness-journal-prompts-for-daily-self-reflection/,mindfulness journaling prompts,2024-04-02,n/a,n/a
Explore a skill or talent that you want to cultivate and share with the world.,https://quintacarvalhas.com/365-mindfulness-journal-prompts-for-daily-self-reflection/,mindfulness journaling prompts,2024-04-02,n/a,n/a
Write about a time when you felt immense gratitude for the love and support in your life.,https://quintacarvalhas.com/365-mindfulness-journal-prompts-for-daily-self-reflection/,mindfulness journaling prompts,2024-04-02,n/a,n/a
Reflect on a mistake or failure that ultimately led you to a new path or opportunity.,https://quintacarvalhas.com/365-mindfulness-journal-prompts-for-daily-self-reflection/,mindfulness journaling prompts,2024-04-02,n/a,n/a
What is something you have learned about yourself through your personal journey?,https://quintacarvalhas.com/365-mindfulness-journal-prompts-for-daily-self-reflection/,mindfulness journaling prompts,2024-04-02,n/a,n/a
Explore a situation where you embodied courage and took a leap of faith.,https://quintacarvalhas.com/365-mindfulness-journal-prompts-for-daily-self-reflection/,mindfulness journaling prompts,2024-04-02,n/a,n/a
Write about a challenge or adversity you faced and how it shaped your character.,https://quintacarvalhas.com/365-mindfulness-journal-prompts-for-daily-self-reflection/,mindfulness journaling prompts,2024-04-02,n/a,n/a
Reflect on a moment when you felt connected to something greater than yourself.,https://quintacarvalhas.com/365-mindfulness-journal-prompts-for-daily-self-reflection/,mindfulness journaling prompts,2024-04-02,n/a,n/a
Explore a belief or value that you want to live by and inspire others with.,https://quintacarvalhas.com/365-mindfulness-journal-prompts-for-daily-self-reflection/,mindfulness journaling prompts,2024-04-02,n/a,n/a
What is something you want to let go of in order to fully embrace your true potential?,https://quintacarvalhas.com/365-mindfulness-journal-prompts-for-daily-self-reflection/,mindfulness journaling prompts,2024-04-02,n/a,n/a
What is something you value most about your authentic self and uniqueness?,https://quintacarvalhas.com/365-mindfulness-journal-prompts-for-daily-self-reflection/,mindfulness journaling prompts,2024-04-02,n/a,n/a
"Write about a self-care practice that helps you align with your mind, body, and spirit.",https://quintacarvalhas.com/365-mindfulness-journal-prompts-for-daily-self-reflection/,mindfulness journaling prompts,2024-04-02,n/a,n/a
Reflect on a moment when you showed compassion and empathy towards yourself or others.,https://quintacarvalhas.com/365-mindfulness-journal-prompts-for-daily-self-reflection/,mindfulness journaling prompts,2024-04-02,n/a,n/a
Explore a fear or limiting belief that you are ready to transcend and rise above.,https://quintacarvalhas.com/365-mindfulness-journal-prompts-for-daily-self-reflection/,mindfulness journaling prompts,2024-04-02,n/a,n/a
Write about a recent success or achievement that made you feel fulfilled and abundant.,https://quintacarvalhas.com/365-mindfulness-journal-prompts-for-daily-self-reflection/,mindfulness journaling prompts,2024-04-02,n/a,n/a
Reflect on a decision you made that aligned with your values and brought you joy.,https://quintacarvalhas.com/365-mindfulness-journal-prompts-for-daily-self-reflection/,mindfulness journaling prompts,2024-04-02,n/a,n/a
Explore a mantra or affirmation that empowers you and helps you manifest your dreams.,https://quintacarvalhas.com/365-mindfulness-journal-prompts-for-daily-self-reflection/,mindfulness journaling prompts,2024-04-02,n/a,n/a
Write about a piece of art or literature that has ignited your soul and inspired change.,https://quintacarvalhas.com/365-mindfulness-journal-prompts-for-daily-self-reflection/,mindfulness journaling prompts,2024-04-02,n/a,n/a
Reflect on a moment when you felt deeply connected to your purpose and life’s meaning.,https://quintacarvalhas.com/365-mindfulness-journal-prompts-for-daily-self-reflection/,mindfulness journaling prompts,2024-04-02,n/a,n/a
What is something you want to forgive yourself for and embrace unconditional love?,https://quintacarvalhas.com/365-mindfulness-journal-prompts-for-daily-self-reflection/,mindfulness journaling prompts,2024-04-02,n/a,n/a
Explore a skill or talent that you want to master and share with the world.,https://quintacarvalhas.com/365-mindfulness-journal-prompts-for-daily-self-reflection/,mindfulness journaling prompts,2024-04-02,n/a,n/a
What is something you have learned about yourself through your journey of self-discovery?,https://quintacarvalhas.com/365-mindfulness-journal-prompts-for-daily-self-reflection/,mindfulness journaling prompts,2024-04-02,n/a,n/a
Write about a time when you felt overwhelming gratitude for the abundance in your life.,https://quintacarvalhas.com/365-mindfulness-journal-prompts-for-daily-self-reflection/,mindfulness journaling prompts,2024-04-02,n/a,n/a
What is something you appreciate about your journey of self-realization and enlightenment?,https://quintacarvalhas.com/365-mindfulness-journal-prompts-for-daily-self-reflection/,mindfulness journaling prompts,2024-04-02,n/a,n/a
Reflect on a mistake or failure that ultimately led you to personal growth and transformation.,https://quintacarvalhas.com/365-mindfulness-journal-prompts-for-daily-self-reflection/,mindfulness journaling prompts,2024-04-02,n/a,n/a
What is something you value most about your authentic self and the legacy you leave behind?,https://quintacarvalhas.com/365-mindfulness-journal-prompts-for-daily-self-reflection/,mindfulness journaling prompts,2024-04-02,n/a,n/a
Explore a situation where you stepped into your power and embraced your true potential.,https://quintacarvalhas.com/365-mindfulness-journal-prompts-for-daily-self-reflection/,mindfulness journaling prompts,2024-04-02,n/a,n/a
What am I grateful for today?,https://www.grouporttherapy.com/blog/mindfulness-journal-prompts,mindfulness journaling prompts,2023-10-01,2023-10-01,Grouport Therapy
"How do I respond to stress, and what does that say about me?",https://www.grouporttherapy.com/blog/mindfulness-journal-prompts,mindfulness journaling prompts,2023-10-01,2023-10-01,Grouport Therapy
What are your strengths?,https://www.thegoodbody.com/journal-prompts-for-mindfulness/,mindfulness journaling prompts,2023-04-21,2023-04-21,Laura Smith
Which areas of life do you wish you could be more mindful in?,https://www.thegoodbody.com/journal-prompts-for-mindfulness/,mindfulness journaling prompts,2023-04-21,2023-04-21,Laura Smith
What do you feel grateful for right now?,https://www.thegoodbody.com/journal-prompts-for-mindfulness/,mindfulness journaling prompts,2023-04-21,2023-04-21,Laura Smith
What does your perfect day look like?,https://www.thegoodbody.com/journal-prompts-for-mindfulness/,mindfulness journaling prompts,2023-04-21,2023-04-21,Laura Smith
"Connect to your senes. What can you see, hear, touch, smell and taste in this moment?",https://www.thegoodbody.com/journal-prompts-for-mindfulness/,mindfulness journaling prompts,2023-04-21,2023-04-21,Laura Smith
How do you feel about yourself right now?,https://www.thegoodbody.com/journal-prompts-for-mindfulness/,mindfulness journaling prompts,2023-04-21,2023-04-21,Laura Smith
What around you right now makes you smile?,https://www.thegoodbody.com/journal-prompts-for-mindfulness/,mindfulness journaling prompts,2023-04-21,2023-04-21,Laura Smith
What do you plan to do differently tomorrow?,https://www.thegoodbody.com/journal-prompts-for-mindfulness/,mindfulness journaling prompts,2023-04-21,2023-04-21,Laura Smith
List five things that help you ground yourself in the present.,https://www.thegoodbody.com/journal-prompts-for-mindfulness/,mindfulness journaling prompts,2023-04-21,2023-04-21,Laura Smith
What emotions do you feel when you think about food?,https://www.thegoodbody.com/journal-prompts-for-mindfulness/,mindfulness journaling prompts,2023-04-21,2023-04-21,Laura Smith
What causes you to eat mindlessly?,https://www.thegoodbody.com/journal-prompts-for-mindfulness/,mindfulness journaling prompts,2023-04-21,2023-04-21,Laura Smith
What does mindful eating feel like?,https://www.thegoodbody.com/journal-prompts-for-mindfulness/,mindfulness journaling prompts,2023-04-21,2023-04-21,Laura Smith
"Go for a walk outside today. Note down what you see and hear, and also how you feel.",https://www.thegoodbody.com/journal-prompts-for-mindfulness/,mindfulness journaling prompts,2023-04-21,2023-04-21,Laura Smith
How will you continue to eat mindfully for the next seven days?,https://www.thegoodbody.com/journal-prompts-for-mindfulness/,mindfulness journaling prompts,2023-04-21,2023-04-21,Laura Smith
What causes you to procrastinate?,https://www.thegoodbody.com/journal-prompts-for-mindfulness/,mindfulness journaling prompts,2023-04-21,2023-04-21,Laura Smith
"If you could have a day off and do whatever you wanted, what would you do?",https://www.thegoodbody.com/journal-prompts-for-mindfulness/,mindfulness journaling prompts,2023-04-21,2023-04-21,Laura Smith
How does the amount of sleep you get impact on your daily life?,https://www.thegoodbody.com/journal-prompts-for-mindfulness/,mindfulness journaling prompts,2023-04-21,2023-04-21,Laura Smith
What is your current relationship with food?,https://www.thegoodbody.com/journal-prompts-for-mindfulness/,mindfulness journaling prompts,2023-04-21,2023-04-21,Laura Smith
What are your favorite ways to relax?,https://www.thegoodbody.com/journal-prompts-for-mindfulness/,mindfulness journaling prompts,2023-04-21,2023-04-21,Laura Smith
What things do you love doing the most?,https://www.thegoodbody.com/journal-prompts-for-mindfulness/,mindfulness journaling prompts,2023-04-21,2023-04-21,Laura Smith
What thoughts are going through your head right now?,https://www.thegoodbody.com/journal-prompts-for-mindfulness/,mindfulness journaling prompts,2023-04-21,2023-04-21,Laura Smith
What are the three things you love most about yourself?,https://www.thegoodbody.com/journal-prompts-for-mindfulness/,mindfulness journaling prompts,2023-04-21,2023-04-21,Laura Smith
What are you most worried about?,https://www.thegoodbody.com/journal-prompts-for-mindfulness/,mindfulness journaling prompts,2023-04-21,2023-04-21,Laura Smith
What can you see and hear right now?,https://www.thegoodbody.com/journal-prompts-for-mindfulness/,mindfulness journaling prompts,2023-04-21,2023-04-21,Laura Smith
Start your day by writing down three things that went well that day.,https://annais.co.uk/mindful-journal-prompts/,mindfulness journaling prompts,2022-04-11,2022-06-01,Linsey
"Begin a mindfulness journal entry by saying out loud to yourself, 'I am here.' What does this phrase mean to you?",https://annais.co.uk/mindful-journal-prompts/,mindfulness journaling prompts,2022-04-11,2022-06-01,Linsey
Why do you want to be mindful today?,https://annais.co.uk/mindful-journal-prompts/,mindfulness journaling prompts,2022-04-11,2022-06-01,Linsey
What has been going on in your life lately that has made you feel stressed or overwhelmed?,https://annais.co.uk/mindful-journal-prompts/,mindfulness journaling prompts,2022-04-11,2022-06-01,Linsey
What is one thing that you’ve been wanting to change about yourself but haven’t had the courage to try?,https://annais.co.uk/mindful-journal-prompts/,mindfulness journaling prompts,2022-04-11,2022-06-01,Linsey
When was the last time your mind wandered away from what you were doing?,https://annais.co.uk/mindful-journal-prompts/,mindfulness journaling prompts,2022-04-11,2022-06-01,Linsey
"Take a few minutes right now and think about somebody who means a lot to you – someone who has been a role model, teacher, or friend. Now write about them, describe them in detail.",https://annais.co.uk/mindful-journal-prompts/,mindfulness journaling prompts,2022-04-11,2022-06-01,Linsey
How do you usually spend your day? Is there anything that feels automatic or habitual for you?,https://annais.co.uk/mindful-journal-prompts/,mindfulness journaling prompts,2022-04-11,2022-06-01,Linsey
"Write about a time when you were annoyed or frustrated, and how practicing mindfulness helped you manage the emotions.",https://annais.co.uk/mindful-journal-prompts/,mindfulness journaling prompts,2022-04-11,2022-06-01,Linsey
"When was the last time you took some time for yourself, no matter what it was? Write about how taking some time for yourself has benefited you in the past.",https://annais.co.uk/mindful-journal-prompts/,mindfulness journaling prompts,2022-04-11,2022-06-01,Linsey
"Make a list of 3 things that make you happy, and write about why those moments are so important to you.",https://annais.co.uk/mindful-journal-prompts/,mindfulness journaling prompts,2022-04-11,2022-06-01,Linsey
When was the last time that you felt really proud of yourself or accomplished something meaningful?,https://annais.co.uk/mindful-journal-prompts/,mindfulness journaling prompts,2022-04-11,2022-06-01,Linsey
Write about a decision that you had to make and how practicing mindfulness helped you make the best decision possible.,https://annais.co.uk/mindful-journal-prompts/,mindfulness journaling prompts,2022-04-11,2022-06-01,Linsey
"Keep a list of all the things you’d like to change in your life, and reflect on how mindfulness can help you achieve those goals.",https://annais.co.uk/mindful-journal-prompts/,mindfulness journaling prompts,2022-04-11,2022-06-01,Linsey
Write a list of all the compliments and kind words people have said to you recently – they may surprise you.,https://annais.co.uk/mindful-journal-prompts/,mindfulness journaling prompts,2022-04-11,2022-06-01,Linsey
What is one thing you’ve been trying not to think about and why?,https://annais.co.uk/mindful-journal-prompts/,mindfulness journaling prompts,2022-04-11,2022-06-01,Linsey
When was the last time you felt really happy or content?,https://annais.co.uk/mindful-journal-prompts/,mindfulness journaling prompts,2022-04-11,2022-06-01,Linsey
When was the last time you did something purely for fun? What did you do?,https://annais.co.uk/mindful-journal-prompts/,mindfulness journaling prompts,2022-04-11,2022-06-01,Linsey
"When was the last time someone made you feel important, significant, or beautiful?",https://annais.co.uk/mindful-journal-prompts/,mindfulness journaling prompts,2022-04-11,2022-06-01,Linsey
What worries or concerns do you typically ignore or push away?,https://annais.co.uk/mindful-journal-prompts/,mindfulness journaling prompts,2022-04-11,2022-06-01,Linsey
What do you think would make your life more meaningful?,https://annais.co.uk/mindful-journal-prompts/,mindfulness journaling prompts,2022-04-11,2022-06-01,Linsey
Write about a relationship issue that has been bothering you for awhile.,https://annais.co.uk/mindful-journal-prompts/,mindfulness journaling prompts,2022-04-11,2022-06-01,Linsey
What emotions are you feeling right now and why?,https://navigatemindfully.com/mindfulness-journal-prompts/,mindfulness journaling prompts,2023-07-01,2023-07-01,Navigate Mindfully
Write about an event from your childhood that still impacts your life today.,https://annais.co.uk/mindful-journal-prompts/,mindfulness journaling prompts,2022-04-11,2022-06-01,Linsey
How does your body feel at this moment?,https://navigatemindfully.com/mindfulness-journal-prompts/,mindfulness journaling prompts,2023-07-01,2023-07-01,Navigate Mindfully
"Every day, take 5 minutes to write in your journal about something that happened that day that you found interesting or amusing.",https://annais.co.uk/mindful-journal-prompts/,mindfulness journaling prompts,2022-04-11,2022-06-01,Linsey
What thoughts are occupying your mind today?,https://navigatemindfully.com/mindfulness-journal-prompts/,mindfulness journaling prompts,2023-07-01,2023-07-01,Navigate Mindfully
How have you grown or changed over the past year?,https://navigatemindfully.com/mindfulness-journal-prompts/,mindfulness journaling prompts,2023-07-01,2023-07-01,Navigate Mindfully
What lessons have you learned recently?,https://navigatemindfully.com/mindfulness-journal-prompts/,mindfulness journaling prompts,2023-07-01,2023-07-01,Navigate Mindfully
What was the most peaceful moment you experienced today?,https://navigatemindfully.com/mindfulness-journal-prompts/,mindfulness journaling prompts,2023-07-01,2023-07-01,Navigate Mindfully
Write about a time when you were mindful of your emotions and used it to navigate a situation.,https://navigatemindfully.com/mindfulness-journal-prompts/,mindfulness journaling prompts,2023-07-01,2023-07-01,Navigate Mindfully
What are three things you’re grateful for today?,https://navigatemindfully.com/mindfulness-journal-prompts/,mindfulness journaling prompts,2023-07-01,2023-07-01,Navigate Mindfully
How do you show kindness to yourself and how can you improve?,https://navigatemindfully.com/mindfulness-journal-prompts/,mindfulness journaling prompts,2023-07-01,2023-07-01,Navigate Mindfully
How do you react when things don’t go as planned?,https://navigatemindfully.com/mindfulness-journal-prompts/,mindfulness journaling prompts,2023-07-01,2023-07-01,Navigate Mindfully
"What was a situation that made you feel uncomfortable, and why?",https://navigatemindfully.com/mindfulness-journal-prompts/,mindfulness journaling prompts,2023-07-01,2023-07-01,Navigate Mindfully
How do you handle stress and what alternative methods could you consider?,https://navigatemindfully.com/mindfulness-journal-prompts/,mindfulness journaling prompts,2023-07-01,2023-07-01,Navigate Mindfully
What is something you would like to let go of?,https://navigatemindfully.com/mindfulness-journal-prompts/,mindfulness journaling prompts,2023-07-01,2023-07-01,Navigate Mindfully
How can you bring more peace into your life?,https://navigatemindfully.com/mindfulness-journal-prompts/,mindfulness journaling prompts,2023-07-01,2023-07-01,Navigate Mindfully
How can you be more present in your daily life?,https://navigatemindfully.com/mindfulness-journal-prompts/,mindfulness journaling prompts,2023-07-01,2023-07-01,Navigate Mindfully
How does your space reflect your mind?,https://navigatemindfully.com/mindfulness-journal-prompts/,mindfulness journaling prompts,2023-07-01,2023-07-01,Navigate Mindfully
What is a recent dream you can recall and how did it make you feel?,https://navigatemindfully.com/mindfulness-journal-prompts/,mindfulness journaling prompts,2023-07-01,2023-07-01,Navigate Mindfully
Write a thank you note to yourself.,https://navigatemindfully.com/mindfulness-journal-prompts/,mindfulness journaling prompts,2023-07-01,2023-07-01,Navigate Mindfully
"What is your favorite part of the morning, and why?",https://navigatemindfully.com/mindfulness-journal-prompts/,mindfulness journaling prompts,2023-07-01,2023-07-01,Navigate Mindfully
What are five things you love about yourself?,https://navigatemindfully.com/mindfulness-journal-prompts/,mindfulness journaling prompts,2023-07-01,2023-07-01,Navigate Mindfully
How can you be more mindful in your relationships?,https://navigatemindfully.com/mindfulness-journal-prompts/,mindfulness journaling prompts,2023-07-01,2023-07-01,Navigate Mindfully
How have you shown resilience recently?,https://navigatemindfully.com/mindfulness-journal-prompts/,mindfulness journaling prompts,2023-07-01,2023-07-01,Navigate Mindfully
What does self-care look like for you?,https://navigatemindfully.com/mindfulness-journal-prompts/,mindfulness journaling prompts,2023-07-01,2023-07-01,Navigate Mindfully
What are three things that made you smile today?,https://navigatemindfully.com/mindfulness-journal-prompts/,mindfulness journaling prompts,2023-07-01,2023-07-01,Navigate Mindfully
Describe a recent experience where you felt fully engaged and present.,https://navigatemindfully.com/mindfulness-journal-prompts/,mindfulness journaling prompts,2023-07-01,2023-07-01,Navigate Mindfully
Write about a favorite memory and how it makes you feel.,https://navigatemindfully.com/mindfulness-journal-prompts/,mindfulness journaling prompts,2023-07-01,2023-07-01,Navigate Mindfully
How do you practice patience with yourself and others?,https://navigatemindfully.com/mindfulness-journal-prompts/,mindfulness journaling prompts,2023-07-01,2023-07-01,Navigate Mindfully
What are your intentions for tomorrow?,https://navigatemindfully.com/mindfulness-journal-prompts/,mindfulness journaling prompts,2023-07-01,2023-07-01,Navigate Mindfully
How do you express love to those around you?,https://navigatemindfully.com/mindfulness-journal-prompts/,mindfulness journaling prompts,2023-07-01,2023-07-01,Navigate Mindfully
How do you feel when you spend time in nature?,https://navigatemindfully.com/mindfulness-journal-prompts/,mindfulness journaling prompts,2023-07-01,2023-07-01,Navigate Mindfully
What is a challenge you’re currently facing and how can you approach it mindfully?,https://navigatemindfully.com/mindfulness-journal-prompts/,mindfulness journaling prompts,2023-07-01,2023-07-01,Navigate Mindfully
Write about a recent experience that brought you joy.,https://navigatemindfully.com/mindfulness-journal-prompts/,mindfulness journaling prompts,2023-07-01,2023-07-01,Navigate Mindfully
How do you feel after completing a task that you’ve been procrastinating?,https://navigatemindfully.com/mindfulness-journal-prompts/,mindfulness journaling prompts,2023-07-01,2023-07-01,Navigate Mindfully
What are the things in your life that you take for granted?,https://navigatemindfully.com/mindfulness-journal-prompts/,mindfulness journaling prompts,2023-07-01,2023-07-01,Navigate Mindfully
How do you react when you make a mistake? How can you react more compassionately?,https://navigatemindfully.com/mindfulness-journal-prompts/,mindfulness journaling prompts,2023-07-01,2023-07-01,Navigate Mindfully
What does a perfect day look like for you?,https://navigatemindfully.com/mindfulness-journal-prompts/,mindfulness journaling prompts,2023-07-01,2023-07-01,Navigate Mindfully
How does helping others make you feel?,https://navigatemindfully.com/mindfulness-journal-prompts/,mindfulness journaling prompts,2023-07-01,2023-07-01,Navigate Mindfully
What can you learn from your favorite book or movie?,https://navigatemindfully.com/mindfulness-journal-prompts/,mindfulness journaling prompts,2023-07-01,2023-07-01,Navigate Mindfully
What’s a new habit you’d like to cultivate and why?,https://navigatemindfully.com/mindfulness-journal-prompts/,mindfulness journaling prompts,2023-07-01,2023-07-01,Navigate Mindfully
What’s a positive affirmation that resonates with you right now?,https://navigatemindfully.com/mindfulness-journal-prompts/,mindfulness journaling prompts,2023-07-01,2023-07-01,Navigate Mindfully
How can you add more mindfulness to your eating habits?,https://navigatemindfully.com/mindfulness-journal-prompts/,mindfulness journaling prompts,2023-07-01,2023-07-01,Navigate Mindfully
How can you improve your communication skills for more mindful conversations?,https://navigatemindfully.com/mindfulness-journal-prompts/,mindfulness journaling prompts,2023-07-01,2023-07-01,Navigate Mindfully
What are you looking forward to in the coming week?,https://navigatemindfully.com/mindfulness-journal-prompts/,mindfulness journaling prompts,2023-07-01,2023-07-01,Navigate Mindfully
What would a peaceful morning look like for me?,https://www.aboutsocialanxiety.com/mindfulness-journal-prompts/,mindfulness journaling prompts,n/a,n/a,n/a
What am I looking forward to today?,https://www.aboutsocialanxiety.com/mindfulness-journal-prompts/,mindfulness journaling prompts,n/a,n/a,n/a
How do I want to feel when the day ends?,https://www.aboutsocialanxiety.com/mindfulness-journal-prompts/,mindfulness journaling prompts,n/a,n/a,n/a
What positive affirmation can guide me today?,https://www.aboutsocialanxiety.com/mindfulness-journal-prompts/,mindfulness journaling prompts,n/a,n/a,n/a
What is something kind I can do for myself this morning?,https://www.aboutsocialanxiety.com/mindfulness-journal-prompts/,mindfulness journaling prompts,n/a,n/a,n/a
What am I grateful for as I start this day?,https://www.aboutsocialanxiety.com/mindfulness-journal-prompts/,mindfulness journaling prompts,n/a,n/a,n/a
How does the sunrise or morning light make me feel?,https://www.aboutsocialanxiety.com/mindfulness-journal-prompts/,mindfulness journaling prompts,n/a,n/a,n/a
What is one small win I can focus on today?,https://www.aboutsocialanxiety.com/mindfulness-journal-prompts/,mindfulness journaling prompts,n/a,n/a,n/a
What simple pleasure can I enjoy this morning?,https://www.aboutsocialanxiety.com/mindfulness-journal-prompts/,mindfulness journaling prompts,n/a,n/a,n/a
Describe a recent situation where you felt a strong sense of peace.,https://navigatemindfully.com/mindfulness-journal-prompts/,mindfulness journaling prompts,2023-07-01,2023-07-01,Navigate Mindfully
What three things am I most grateful for today?,https://www.aboutsocialanxiety.com/mindfulness-journal-prompts/,mindfulness journaling prompts,n/a,n/a,n/a
"Who in my life makes my world brighter, and why?",https://www.aboutsocialanxiety.com/mindfulness-journal-prompts/,mindfulness journaling prompts,n/a,n/a,n/a
How can I show appreciation to someone today?,https://www.aboutsocialanxiety.com/mindfulness-journal-prompts/,mindfulness journaling prompts,n/a,n/a,n/a
What simple thing brought me joy recently?,https://www.aboutsocialanxiety.com/mindfulness-journal-prompts/,mindfulness journaling prompts,n/a,n/a,n/a
How can I make today meaningful?,https://www.aboutsocialanxiety.com/mindfulness-journal-prompts/,mindfulness journaling prompts,n/a,n/a,n/a
What challenge have I grown from that I now feel thankful for?,https://www.aboutsocialanxiety.com/mindfulness-journal-prompts/,mindfulness journaling prompts,n/a,n/a,n/a
How does practicing gratitude make me feel?,https://www.aboutsocialanxiety.com/mindfulness-journal-prompts/,mindfulness journaling prompts,n/a,n/a,n/a
What’s my favorite memory from last week?,https://www.aboutsocialanxiety.com/mindfulness-journal-prompts/,mindfulness journaling prompts,n/a,n/a,n/a
What’s a small luxury in my life that I often take for granted?,https://www.aboutsocialanxiety.com/mindfulness-journal-prompts/,mindfulness journaling prompts,n/a,n/a,n/a
What’s one thing I love about myself?,https://www.aboutsocialanxiety.com/mindfulness-journal-prompts/,mindfulness journaling prompts,n/a,n/a,n/a
How has nature recently inspired gratitude in me?,https://www.aboutsocialanxiety.com/mindfulness-journal-prompts/,mindfulness journaling prompts,n/a,n/a,n/a
What scent reminds me of safety or comfort?,https://www.aboutsocialanxiety.com/mindfulness-journal-prompts/,mindfulness journaling prompts,n/a,n/a,n/a
What is one thing I can see right now that makes me smile?,https://www.aboutsocialanxiety.com/mindfulness-journal-prompts/,mindfulness journaling prompts,n/a,n/a,n/a
How does the texture of what I’m touching feel beneath my hands?,https://www.aboutsocialanxiety.com/mindfulness-journal-prompts/,mindfulness journaling prompts,n/a,n/a,n/a
How does my favorite food taste and make me feel when I savor it?,https://www.aboutsocialanxiety.com/mindfulness-journal-prompts/,mindfulness journaling prompts,n/a,n/a,n/a
How does being outdoors awaken my senses differently?,https://www.aboutsocialanxiety.com/mindfulness-journal-prompts/,mindfulness journaling prompts,n/a,n/a,n/a
How does my breathing feel in this moment?,https://www.aboutsocialanxiety.com/mindfulness-journal-prompts/,mindfulness journaling prompts,n/a,n/a,n/a
What colors or lights can I see that I find beautiful?,https://www.aboutsocialanxiety.com/mindfulness-journal-prompts/,mindfulness journaling prompts,n/a,n/a,n/a
What subtle sounds surround me that I usually overlook?,https://www.aboutsocialanxiety.com/mindfulness-journal-prompts/,mindfulness journaling prompts,n/a,n/a,n/a
What sensory experience today caught my attention?,https://www.aboutsocialanxiety.com/mindfulness-journal-prompts/,mindfulness journaling prompts,n/a,n/a,n/a
How can I change my perspective on something that stresses me out?,https://www.aboutsocialanxiety.com/mindfulness-journal-prompts/,mindfulness journaling prompts,n/a,n/a,n/a
What is the biggest source of stress in my life right now?,https://www.aboutsocialanxiety.com/mindfulness-journal-prompts/,mindfulness journaling prompts,n/a,n/a,n/a
What physical sensations do I notice when I feel stress?,https://www.aboutsocialanxiety.com/mindfulness-journal-prompts/,mindfulness journaling prompts,n/a,n/a,n/a
"Who can I turn to for support during challenging times, and how can I reach out?",https://www.aboutsocialanxiety.com/mindfulness-journal-prompts/,mindfulness journaling prompts,n/a,n/a,n/a
What warm or soft sensation do I find calming right now?,https://www.aboutsocialanxiety.com/mindfulness-journal-prompts/,mindfulness journaling prompts,n/a,n/a,n/a
What’s one small action I can take today to lessen my worries?,https://www.aboutsocialanxiety.com/mindfulness-journal-prompts/,mindfulness journaling prompts,n/a,n/a,n/a
What’s one thing I can do to care for myself when I’m feeling overwhelmed?,https://www.aboutsocialanxiety.com/mindfulness-journal-prompts/,mindfulness journaling prompts,n/a,n/a,n/a
"When did I last truly relax, and how did it feel?",https://www.aboutsocialanxiety.com/mindfulness-journal-prompts/,mindfulness journaling prompts,n/a,n/a,n/a
What limiting belief or thought am I ready to release in my stressful moments?,https://www.aboutsocialanxiety.com/mindfulness-journal-prompts/,mindfulness journaling prompts,n/a,n/a,n/a
What’s one thing I can do to simplify my life this week?,https://www.aboutsocialanxiety.com/mindfulness-journal-prompts/,mindfulness journaling prompts,n/a,n/a,n/a
"What does 'peace' mean to me, and how can I invite more of it into my day?",https://www.aboutsocialanxiety.com/mindfulness-journal-prompts/,mindfulness journaling prompts,n/a,n/a,n/a
How does my body feel in this moment?,https://www.aboutsocialanxiety.com/mindfulness-journal-prompts/,mindfulness journaling prompts,n/a,n/a,n/a
What physical sensations do I notice without judgment?,https://www.aboutsocialanxiety.com/mindfulness-journal-prompts/,mindfulness journaling prompts,n/a,n/a,n/a
"When did I last experience complete relaxation, and how did it feel?",https://www.aboutsocialanxiety.com/mindfulness-journal-prompts/,mindfulness journaling prompts,n/a,n/a,n/a
What movements make my body feel alive?,https://www.aboutsocialanxiety.com/mindfulness-journal-prompts/,mindfulness journaling prompts,n/a,n/a,n/a
How can I care for my body today?,https://www.aboutsocialanxiety.com/mindfulness-journal-prompts/,mindfulness journaling prompts,n/a,n/a,n/a
What part of my body am I most grateful for today?,https://www.aboutsocialanxiety.com/mindfulness-journal-prompts/,mindfulness journaling prompts,n/a,n/a,n/a
What is one small way I can nurture my body right now?,https://www.aboutsocialanxiety.com/mindfulness-journal-prompts/,mindfulness journaling prompts,n/a,n/a,n/a
How does deep breathing impact how my body feels?,https://www.aboutsocialanxiety.com/mindfulness-journal-prompts/,mindfulness journaling prompts,n/a,n/a,n/a
What emotions am I feeling at this very moment?,https://www.aboutsocialanxiety.com/mindfulness-journal-prompts/,mindfulness journaling prompts,n/a,n/a,n/a
What message might my body be sending me?,https://www.aboutsocialanxiety.com/mindfulness-journal-prompts/,mindfulness journaling prompts,n/a,n/a,n/a
How often do I allow myself to sit with uncomfortable emotions?,https://www.aboutsocialanxiety.com/mindfulness-journal-prompts/,mindfulness journaling prompts,n/a,n/a,n/a
"What brings me joy, and how do I nurture it?",https://www.aboutsocialanxiety.com/mindfulness-journal-prompts/,mindfulness journaling prompts,n/a,n/a,n/a
What emotional triggers have I noticed lately?,https://www.aboutsocialanxiety.com/mindfulness-journal-prompts/,mindfulness journaling prompts,n/a,n/a,n/a
How does my mood shift when I slow down and breathe?,https://www.aboutsocialanxiety.com/mindfulness-journal-prompts/,mindfulness journaling prompts,n/a,n/a,n/a
How can I better express gratitude to myself when I feel down?,https://www.aboutsocialanxiety.com/mindfulness-journal-prompts/,mindfulness journaling prompts,n/a,n/a,n/a
What is one thing that helps restore my emotional balance?,https://www.aboutsocialanxiety.com/mindfulness-journal-prompts/,mindfulness journaling prompts,n/a,n/a,n/a
How can I practice acceptance of my feelings today?,https://www.aboutsocialanxiety.com/mindfulness-journal-prompts/,mindfulness journaling prompts,n/a,n/a,n/a
What recent experience surprised me emotionally?,https://www.aboutsocialanxiety.com/mindfulness-journal-prompts/,mindfulness journaling prompts,n/a,n/a,n/a
"When did I last spend time outside, and how did it feel?",https://www.aboutsocialanxiety.com/mindfulness-journal-prompts/,mindfulness journaling prompts,n/a,n/a,n/a
What small act of self-compassion can I offer myself today?,https://www.aboutsocialanxiety.com/mindfulness-journal-prompts/,mindfulness journaling prompts,n/a,n/a,n/a
Do I feel tension anywhere? How can I soften it?,https://www.aboutsocialanxiety.com/mindfulness-journal-prompts/,mindfulness journaling prompts,n/a,n/a,n/a
What small details in nature inspire calm in me?,https://www.aboutsocialanxiety.com/mindfulness-journal-prompts/,mindfulness journaling prompts,n/a,n/a,n/a
How does sunlight or rain affect my mood?,https://www.aboutsocialanxiety.com/mindfulness-journal-prompts/,mindfulness journaling prompts,n/a,n/a,n/a
What’s my favorite memory involving the outdoors?,https://www.aboutsocialanxiety.com/mindfulness-journal-prompts/,mindfulness journaling prompts,n/a,n/a,n/a
"What is one plant, tree, or flower that I appreciate and why?",https://www.aboutsocialanxiety.com/mindfulness-journal-prompts/,mindfulness journaling prompts,n/a,n/a,n/a
How do I feel when I hear birds sing or leaves rustle?,https://www.aboutsocialanxiety.com/mindfulness-journal-prompts/,mindfulness journaling prompts,n/a,n/a,n/a
What season do I love most and why?,https://www.aboutsocialanxiety.com/mindfulness-journal-prompts/,mindfulness journaling prompts,n/a,n/a,n/a
How can I make time to connect with nature today?,https://www.aboutsocialanxiety.com/mindfulness-journal-prompts/,mindfulness journaling prompts,n/a,n/a,n/a
What observations can I make about the sky today?,https://www.aboutsocialanxiety.com/mindfulness-journal-prompts/,mindfulness journaling prompts,n/a,n/a,n/a
"What’s my favorite natural scent, and how does it make me feel?",https://www.aboutsocialanxiety.com/mindfulness-journal-prompts/,mindfulness journaling prompts,n/a,n/a,n/a
What recent conversation brought me joy?,https://www.aboutsocialanxiety.com/mindfulness-journal-prompts/,mindfulness journaling prompts,n/a,n/a,n/a
How can I practice active listening today?,https://www.aboutsocialanxiety.com/mindfulness-journal-prompts/,mindfulness journaling prompts,n/a,n/a,n/a
Who in my life makes me feel truly seen?,https://www.aboutsocialanxiety.com/mindfulness-journal-prompts/,mindfulness journaling prompts,n/a,n/a,n/a
Who can I reach out to and express gratitude?,https://www.aboutsocialanxiety.com/mindfulness-journal-prompts/,mindfulness journaling prompts,n/a,n/a,n/a
How do I feel after spending time with loved ones?,https://www.aboutsocialanxiety.com/mindfulness-journal-prompts/,mindfulness journaling prompts,n/a,n/a,n/a
What boundary am I proud of setting?,https://www.aboutsocialanxiety.com/mindfulness-journal-prompts/,mindfulness journaling prompts,n/a,n/a,n/a
What quality do I deeply admire in someone?,https://www.aboutsocialanxiety.com/mindfulness-journal-prompts/,mindfulness journaling prompts,n/a,n/a,n/a
What does mindful communication mean to me?,https://www.aboutsocialanxiety.com/mindfulness-journal-prompts/,mindfulness journaling prompts,n/a,n/a,n/a
How can I show love and kindness today?,https://www.aboutsocialanxiety.com/mindfulness-journal-prompts/,mindfulness journaling prompts,n/a,n/a,n/a
What small act can I do to brighten someone’s day?,https://www.aboutsocialanxiety.com/mindfulness-journal-prompts/,mindfulness journaling prompts,n/a,n/a,n/a
What memory from today will I cherish?,https://www.aboutsocialanxiety.com/mindfulness-journal-prompts/,mindfulness journaling prompts,n/a,n/a,n/a
Did I notice something beautiful that I often overlook?,https://www.aboutsocialanxiety.com/mindfulness-journal-prompts/,mindfulness journaling prompts,n/a,n/a,n/a
How did I practice mindfulness today?,https://www.aboutsocialanxiety.com/mindfulness-journal-prompts/,mindfulness journaling prompts,n/a,n/a,n/a
"What went well today, no matter how small?",https://www.aboutsocialanxiety.com/mindfulness-journal-prompts/,mindfulness journaling prompts,n/a,n/a,n/a
"Did I encounter a challenge, and how did I respond?",https://www.aboutsocialanxiety.com/mindfulness-journal-prompts/,mindfulness journaling prompts,n/a,n/a,n/a
How did I nurture my mental health this evening?,https://www.aboutsocialanxiety.com/mindfulness-journal-prompts/,mindfulness journaling prompts,n/a,n/a,n/a
"If I could re-live one moment from today, what would it be?",https://www.aboutsocialanxiety.com/mindfulness-journal-prompts/,mindfulness journaling prompts,n/a,n/a,n/a
How do I plan to care for myself tomorrow?,https://www.aboutsocialanxiety.com/mindfulness-journal-prompts/,mindfulness journaling prompts,n/a,n/a,n/a
What can I release before resting?,https://www.aboutsocialanxiety.com/mindfulness-journal-prompts/,mindfulness journaling prompts,n/a,n/a,n/a
"What’s a trait I love most about myself, and why?",https://www.aboutsocialanxiety.com/mindfulness-journal-prompts/,mindfulness journaling prompts,n/a,n/a,n/a
What am I most grateful for as this day ends?,https://www.aboutsocialanxiety.com/mindfulness-journal-prompts/,mindfulness journaling prompts,n/a,n/a,n/a
"What’s one value I hold most dear, and how do I honor it?",https://www.aboutsocialanxiety.com/mindfulness-journal-prompts/,mindfulness journaling prompts,n/a,n/a,n/a
"What is something I’ve always wanted to try, and what’s stopping me?",https://www.aboutsocialanxiety.com/mindfulness-journal-prompts/,mindfulness journaling prompts,n/a,n/a,n/a
What’s one thing I’m proud of that I don’t often acknowledge?,https://www.aboutsocialanxiety.com/mindfulness-journal-prompts/,mindfulness journaling prompts,n/a,n/a,n/a
What motivates me to grow into a better version of myself each day?,https://www.aboutsocialanxiety.com/mindfulness-journal-prompts/,mindfulness journaling prompts,n/a,n/a,n/a
"How do I respond to criticism, and how can I learn from it?",https://www.aboutsocialanxiety.com/mindfulness-journal-prompts/,mindfulness journaling prompts,n/a,n/a,n/a
What’s one untapped strength I’ve noticed within myself recently?,https://www.aboutsocialanxiety.com/mindfulness-journal-prompts/,mindfulness journaling prompts,n/a,n/a,n/a
How does self-compassion look in my daily life?,https://www.aboutsocialanxiety.com/mindfulness-journal-prompts/,mindfulness journaling prompts,n/a,n/a,n/a
"If I could describe my ideal self in five words, what would they be?",https://www.aboutsocialanxiety.com/mindfulness-journal-prompts/,mindfulness journaling prompts,n/a,n/a,n/a
"Reflect on the signs that indicate you’re in emotion mind. What physical sensations or behaviours typically accompany emotion mind for you? Describe a recent situation where you experienced emotion mind, alongside reasonable mind and wise mind perspectives.",https://elizablooms.com/2024/04/06/dbt-mindfulness-journaling-guide-13-journal-prompts/,mindfulness journaling prompts,2024-04-06,2024-04-11,elizablooms
Are there any specific situations that come to mind where you often feel like you have to shut off your emotions and only think logically? Why do you think that is? How does that feel in your body? Do you notice any thoughts arise here?,https://elizablooms.com/2024/04/06/dbt-mindfulness-journaling-guide-13-journal-prompts/,mindfulness journaling prompts,2024-04-06,2024-04-11,elizablooms
"What’s my biggest dream, and what’s one small step I can take toward it today?",https://www.aboutsocialanxiety.com/mindfulness-journal-prompts/,mindfulness journaling prompts,n/a,n/a,n/a
"Explore the obstacles hindering your access to wise mind. What internal or external factors make it challenging for you to stay grounded in wise mind during distress? Brainstorm strategies to overcome these obstacles when they arise in the future, or to prepare ahead of time, and strengthen your connection to wise mind.",https://elizablooms.com/2024/04/06/dbt-mindfulness-journaling-guide-13-journal-prompts/,mindfulness journaling prompts,2024-04-06,2024-04-11,elizablooms
"Pay attention to sights, sounds, smells, and bodily sensations in detail. What are three things you observed today that you usually overlook? Describe them in detail. Alternatively, do this practice right now, simply notice, and spend a few minutes observing what is currently happening, just the facts, within and around you.",https://elizablooms.com/2024/04/06/dbt-mindfulness-journaling-guide-13-journal-prompts/,mindfulness journaling prompts,2024-04-06,2024-04-11,elizablooms
"Explore opportunities for immersive engagement in daily tasks, and journal about how this felt in the moment and after.",https://elizablooms.com/2024/04/06/dbt-mindfulness-journaling-guide-13-journal-prompts/,mindfulness journaling prompts,2024-04-06,2024-04-11,elizablooms
"Write about a recent situation where you practised just describing the facts of your thoughts and feelings, or actively write out a non-judgmental description of your surroundings, thoughts and feelings at this moment. How did this differ from your usual autopilot reactions?",https://elizablooms.com/2024/04/06/dbt-mindfulness-journaling-guide-13-journal-prompts/,mindfulness journaling prompts,2024-04-06,2024-04-11,elizablooms
"Cultivate acceptance and let go of evaluative tendencies. Reflect on a recent experience where you let go of judgement and practised acceptance of reality as it is. When judgements naturally arise, notice them and label them, then let them go. How does this impact your emotional state?",https://elizablooms.com/2024/04/06/dbt-mindfulness-journaling-guide-13-journal-prompts/,mindfulness journaling prompts,2024-04-06,2024-04-11,elizablooms
Describe moments of single-pointed focus in mundane tasks. Describe a moment from today where you focused entirely on one task. How did it feel in your body and thoughts compared to multitasking?,https://elizablooms.com/2024/04/06/dbt-mindfulness-journaling-guide-13-journal-prompts/,mindfulness journaling prompts,2024-04-06,2024-04-11,elizablooms
Consider the effectiveness of your choices in achieving desired outcomes. Do your day-to-day actions currently align with your long-term goals and underlying values? Make a values list and a current priorities list to help you identify any misalignment.,https://elizablooms.com/2024/04/06/dbt-mindfulness-journaling-guide-13-journal-prompts/,mindfulness journaling prompts,2024-04-06,2024-04-11,elizablooms
"Reflect on a recent emotional experience. What physical sensations accompanied the emotion? How did you respond to these sensations? Could you sit with the sensation of the emotion until it faded, or did you feel pulled to avoid the sensations of the emotions?",https://elizablooms.com/2024/04/06/dbt-mindfulness-journaling-guide-13-journal-prompts/,mindfulness journaling prompts,2024-04-06,2024-04-11,elizablooms
Write about a recurring thought pattern you’ve noticed lately. How does this thought pattern influence your emotions and behaviours?,https://elizablooms.com/2024/04/06/dbt-mindfulness-journaling-guide-13-journal-prompts/,mindfulness journaling prompts,2024-04-06,2024-04-11,elizablooms
"Bring to mind a current challenging situation in your life. Write out the thoughts that come to mind as honestly as you can. Then, go back and underline any thoughts that are judgments or assumptions, not facts. You can also rewrite the statements in their non-judgmental way afterwards. E.G.: My music must be bothering the neighbours. They must hate me. becomes ‘I notice that my music is loud, and this causes a tight knot of anxiety in my stomach and thoughts that my neighbour must hate me.’",https://elizablooms.com/2024/04/06/dbt-mindfulness-journaling-guide-13-journal-prompts/,mindfulness journaling prompts,2024-04-06,2024-04-11,elizablooms
"Recall a recent conversation with a loved one. How did you practise active listening and stay present during the interaction? Did you struggle to stay present at all? What thoughts, sensations, emotions did you experience during this conversation?",https://elizablooms.com/2024/04/06/dbt-mindfulness-journaling-guide-13-journal-prompts/,mindfulness journaling prompts,2024-04-06,2024-04-11,elizablooms
"Imagine it’s five years from now and you’re your most relaxed, balanced self. Write a letter from this future version of you to your present self. What advice or encouragement would they give you?",https://flatironsrecovery.com/mindfulness-based-journal-prompts-for-self-discovery/,mindfulness journaling prompts,2023-10-01,2023-10-01,Flatirons Recovery
"Think about the soundtrack that would best describe your current mood or state of mind. Write about the song or music you would choose, and why it resonates with how you’re feeling today. If there’s no soundtrack, what’s the silence telling you?",https://flatironsrecovery.com/mindfulness-based-journal-prompts-for-self-discovery/,mindfulness journaling prompts,2023-10-01,2023-10-01,Flatirons Recovery
"Set a timer for 5 minutes and close your eyes. Write down everything that comes to mind—without judgment. After the 5 minutes, describe how you feel. What’s still lingering, and what has shifted?",https://flatironsrecovery.com/mindfulness-based-journal-prompts-for-self-discovery/,mindfulness journaling prompts,2023-10-01,2023-10-01,Flatirons Recovery
"Write about a self-care practice you could make into a sacred ritual. How would you elevate a simple action—like drinking water, meditating, or stretching—into a meaningful act that nourishes both body and soul?",https://flatironsrecovery.com/mindfulness-based-journal-prompts-for-self-discovery/,mindfulness journaling prompts,2023-10-01,2023-10-01,Flatirons Recovery
"Imagine you have a peaceful, hidden sanctuary where you can go anytime for rest and rejuvenation. Describe it in vivid detail—what does it look like, smell like, sound like? How do you feel when you enter it?",https://flatironsrecovery.com/mindfulness-based-journal-prompts-for-self-discovery/,mindfulness journaling prompts,2023-10-01,2023-10-01,Flatirons Recovery
Think of an emotion you don’t often explore or understand. Write a letter to that emotion as if it were a person. What does it want to tell you? What does it need? What’s its purpose?,https://flatironsrecovery.com/mindfulness-based-journal-prompts-for-self-discovery/,mindfulness journaling prompts,2023-10-01,2023-10-01,Flatirons Recovery
"Stand in front of a mirror and say three things you love about yourself—physically, emotionally, and mentally. Write about how it felt to speak those words out loud. What would you say if you had to say five more?",https://flatironsrecovery.com/mindfulness-based-journal-prompts-for-self-discovery/,mindfulness journaling prompts,2023-10-01,2023-10-01,Flatirons Recovery
"Write a letter to yourself as if you were going to bury it in a time capsule. Describe your current self-care routines, struggles, and joys. What advice would you give your future self about staying grounded and present?",https://flatironsrecovery.com/mindfulness-based-journal-prompts-for-self-discovery/,mindfulness journaling prompts,2023-10-01,2023-10-01,Flatirons Recovery
"Spend a moment outside or close to a plant. Then, describe what you see in nature that mirrors your internal state. How does the environment reflect your emotions, energy, or current challenges?",https://flatironsrecovery.com/mindfulness-based-journal-prompts-for-self-discovery/,mindfulness journaling prompts,2023-10-01,2023-10-01,Flatirons Recovery
"Next time you eat something (even a snack), practice mindful eating. Write about the colors, textures, tastes, and sensations of the food in detail. How do these sensations make you feel in your body? What emotions arise as you eat?",https://flatironsrecovery.com/mindfulness-based-journal-prompts-for-self-discovery/,mindfulness journaling prompts,2023-10-01,2023-10-01,Flatirons Recovery
Picture your breath as a color moving through your body. What color is it? How does it shift as you breathe in and out? What does this color represent in your current state of mind?,https://flatironsrecovery.com/mindfulness-based-journal-prompts-for-self-discovery/,mindfulness journaling prompts,2023-10-01,2023-10-01,Flatirons Recovery
"Create an “un-do” list where you write down things that drain your energy or cause stress, things you could choose to let go of. What actions, habits, or thoughts could you “un-do” for a day to help increase your mindfulness?",https://flatironsrecovery.com/mindfulness-based-journal-prompts-for-self-discovery/,mindfulness journaling prompts,2023-10-01,2023-10-01,Flatirons Recovery
"Tune into your body, noticing any sensations or areas of tension. Write a dialogue between your mind and your body. What is your body trying to tell you, and how can your mind support it?",https://flatironsrecovery.com/mindfulness-based-journal-prompts-for-self-discovery/,mindfulness journaling prompts,2023-10-01,2023-10-01,Flatirons Recovery
"Describe your emotions today as if they were weather patterns. Are there storms, sunshine, fog, or maybe a gentle breeze? How does this weather pattern impact your day? What can you do to “forecast” your emotional state for tomorrow?",https://flatironsrecovery.com/mindfulness-based-journal-prompts-for-self-discovery/,mindfulness journaling prompts,2023-10-01,2023-10-01,Flatirons Recovery
"If you were a season, which one would you be right now? Write about your personal “season” in terms of your current energy, mood, and life situation. How can you align with the qualities of that season to nurture your well-being?",https://flatironsrecovery.com/mindfulness-based-journal-prompts-for-self-discovery/,mindfulness journaling prompts,2023-10-01,2023-10-01,Flatirons Recovery
"Imagine living a day where you cannot judge yourself or others. What would you do differently? How would you approach your interactions, tasks, and emotions without self-criticism or comparisons?",https://flatironsrecovery.com/mindfulness-based-journal-prompts-for-self-discovery/,mindfulness journaling prompts,2023-10-01,2023-10-01,Flatirons Recovery
"Write a list of healing words or phrases that bring you comfort. These could be affirmations, quotes, or simple words you’ve heard or read in the past. Which one speaks to you most today? Why?",https://flatironsrecovery.com/mindfulness-based-journal-prompts-for-self-discovery/,mindfulness journaling prompts,2023-10-01,2023-10-01,Flatirons Recovery
"Write about someone you’ve never met, but you feel you would deeply resonate with if you did. What do they value in life? How do they take care of themselves? Imagine they’re your ideal friend or mentor. How could they inspire your self-care routine?",https://flatironsrecovery.com/mindfulness-based-journal-prompts-for-self-discovery/,mindfulness journaling prompts,2023-10-01,2023-10-01,Flatirons Recovery
"Write a letter to your stress as if it were a person. What would you want to say to it? How can you express gratitude for the lessons it has taught you, while also setting boundaries for how much space it takes up in your life?",https://flatironsrecovery.com/mindfulness-based-journal-prompts-for-self-discovery/,mindfulness journaling prompts,2023-10-01,2023-10-01,Flatirons Recovery
"Think of an object (physical or abstract) that brings you comfort. It could be a soft blanket, a memory, or even a place in your mind. Write about this object and how it helps you ground yourself in moments of overwhelm.",https://flatironsrecovery.com/mindfulness-based-journal-prompts-for-self-discovery/,mindfulness journaling prompts,2023-10-01,2023-10-01,Flatirons Recovery
"Want to reconnect with yourself and heal your inner child? Begin with a journal exercise: write a letter to your inner child. Express everything you want her to know, celebrate her strengths, and acknowledge her contributions during your childhood. Invite her to join you in achieving your dreams. After writing, engage in activities that delight your inner child. This might include playful and joyful actions like eating with your hands, lying in the grass, blowing bubbles, or playing with your pet. Consider incorporating a Ceremonial Release to let go of outdated patterns and beliefs. By connecting with your inner child and engaging in playful and nurturing activities, you can feel more self-love, joy, and fulfillment. Enjoy this journey toward wholeness.",https://www.cateritterwellness.com/mindfulness-journaling/,mindfulness journaling prompts,2024-05-15,n/a,Cate Ritter
"Encouragement From My Favorite Famous People: Imagine that you’re sitting down with three famous people, dead or alive. Write down their names and what each one says to you below.",https://www.bryndonovan.com/2020/03/31/spiritual-journal-prompts-five-creative-writing-prompts-for-mindfulness-and-spiritual-healing/,mindfulness journaling prompts,2020-03-31,2020-04-01,Bryn Donovan
What a Wonderful World: Write about one of the most beautiful buildings you’ve ever visited…and write about one of the most beautiful places in nature you’ve ever visited.,https://www.bryndonovan.com/2020/03/31/spiritual-journal-prompts-five-creative-writing-prompts-for-mindfulness-and-spiritual-healing/,mindfulness journaling prompts,2020-03-31,2020-04-01,Bryn Donovan
"Ready to love yourself like your life depends on it (because it does!)? Every act of self-care is an act of self-love. Boost your self-love by writing a love letter to yourself. Use this letter as a reminder of your commitment to yourself every day for the rest of your life. Start with gratitude and write down your qualities, values, accomplishments, and aspirations. Answer questions to clarify how you can treat yourself better in the future. How can I take better care of my physical body, mental health, emotional well-being, and soul? Sign the letter with love and keep it as a lifelong reminder of your dedication to self-love. Regularly reflect on this letter to reinforce your commitment to nurturing yourself in every aspect of your life.",https://www.cateritterwellness.com/mindfulness-journaling/,mindfulness journaling prompts,2024-05-15,n/a,Cate Ritter
"Are you excited about the possibilities ahead? Take a journey to your glorious future! Visualize your future in vivid detail across different aspects like wellness, family, relationships, career, and home for the next 6 months, 1 year, 5 years, and 10 years. Focus on experiences rather than outcomes, using empowering language. Describe these visions using your senses, and write using affirmations such as “I would like” instead of “I want.” Display your vision in a visible place to inspire daily action towards creating your desired life.",https://www.cateritterwellness.com/mindfulness-journaling/,mindfulness journaling prompts,2024-05-15,n/a,Cate Ritter
"Elemental Self: Write about the element that you think is most symbolic of your nature, and why…and/or write about the element do you need most in your life right now, and why.",https://www.bryndonovan.com/2020/03/31/spiritual-journal-prompts-five-creative-writing-prompts-for-mindfulness-and-spiritual-healing/,mindfulness journaling prompts,2020-03-31,2020-04-01,Bryn Donovan
"Flying High Meditation: Write about imagining yourself being high above your troubles and worries, describing it as fully as you can.",https://www.bryndonovan.com/2020/03/31/spiritual-journal-prompts-five-creative-writing-prompts-for-mindfulness-and-spiritual-healing/,mindfulness journaling prompts,2020-03-31,2020-04-01,Bryn Donovan
Take a few deep breaths and center yourself in the present moment. What physical sensations do you notice in your body right now? Describe them without judgment.,https://blog.gratefulness.me/mindfulness-journal-prompts/,mindfulness journaling prompts,n/a,n/a,n/a
"Gratitude for the Present…Gratitude for the Future: Write a prayer of gratitude or a meditation for all the things you’re grateful for now…and then write one for the good things that haven’t happened yet, but you know are coming your way.",https://www.bryndonovan.com/2020/03/31/spiritual-journal-prompts-five-creative-writing-prompts-for-mindfulness-and-spiritual-healing/,mindfulness journaling prompts,2020-03-31,2020-04-01,Bryn Donovan
"Think of a recent challenge or difficulty you faced. Write about how you responded to it in the moment. Were you able to observe your reactions without immediate judgment, or did you find yourself reacting automatically?",https://blog.gratefulness.me/mindfulness-journal-prompts/,mindfulness journaling prompts,n/a,n/a,n/a
List three things you're currently grateful for in your life. Reflect on why each of these things brings you a sense of gratitude. Also describe how it feels to express gratitude for them.,https://blog.gratefulness.me/mindfulness-journal-prompts/,mindfulness journaling prompts,n/a,n/a,n/a
Consider a place that holds special meaning to you. Close your eyes and imagine being there right now. What are the feelings in your body that you can recall about being in that place?,https://blog.gratefulness.me/mindfulness-journal-prompts/,mindfulness journaling prompts,n/a,n/a,n/a
"Spend a few minutes observing nature. What do you see, hear, and smell? How does this connection with the natural world make you feel in this moment?",https://blog.gratefulness.me/mindfulness-journal-prompts/,mindfulness journaling prompts,n/a,n/a,n/a
"Take a few moments to savor a small piece of food or a sip of a beverage. Pay close attention to the taste, texture, and sensations in your mouth. How does mindful eating or drinking change your experience of consumption?",https://blog.gratefulness.me/mindfulness-journal-prompts/,mindfulness journaling prompts,n/a,n/a,n/a
"Choose a common daily activity, such as washing dishes or taking a shower. Describe the sensory experiences involved in this activity in detail. How does it feel to be fully present during this routine task?",https://blog.gratefulness.me/mindfulness-journal-prompts/,mindfulness journaling prompts,n/a,n/a,n/a
How does your breath feel right now?,https://blog.gratefulness.me/mindfulness-journal-prompts/,mindfulness journaling prompts,n/a,n/a,n/a
Observe the colors and objects around you. Describe what catches your eye in this moment.,https://blog.gratefulness.me/mindfulness-journal-prompts/,mindfulness journaling prompts,n/a,n/a,n/a
How does the temperature of the room or environment affect your body right now?,https://blog.gratefulness.me/mindfulness-journal-prompts/,mindfulness journaling prompts,n/a,n/a,n/a
Describe the taste and texture of your last meal in detail.,https://blog.gratefulness.me/mindfulness-journal-prompts/,mindfulness journaling prompts,n/a,n/a,n/a
Close your eyes and listen to your inner thoughts. What is the predominant thought or feeling right now?,https://blog.gratefulness.me/mindfulness-journal-prompts/,mindfulness journaling prompts,n/a,n/a,n/a
List three sounds you can hear at this very moment. Describe what you think about them.,https://blog.gratefulness.me/mindfulness-journal-prompts/,mindfulness journaling prompts,n/a,n/a,n/a
Recall a recent interaction with a friend or loved one. How did it make you feel in the moment?,https://blog.gratefulness.me/mindfulness-journal-prompts/,mindfulness journaling prompts,n/a,n/a,n/a
Imagine holding a favorite childhood toy or object. How does this memory connect you to your past?,https://blog.gratefulness.me/mindfulness-journal-prompts/,mindfulness journaling prompts,n/a,n/a,n/a
Take a moment to appreciate the feeling of your feet on the ground. How does it ground you?,https://blog.gratefulness.me/mindfulness-journal-prompts/,mindfulness journaling prompts,n/a,n/a,n/a
What is the most soothing or comforting scent you can think of? How does it make you feel?,https://blog.gratefulness.me/mindfulness-journal-prompts/,mindfulness journaling prompts,n/a,n/a,n/a
"Recall a time when you faced a fear or challenge. How did you overcome it, and what did you learn?",https://blog.gratefulness.me/mindfulness-journal-prompts/,mindfulness journaling prompts,n/a,n/a,n/a
Focus on the sensation of a gentle breeze or the warmth of the sun on your skin. Describe how it feels.,https://blog.gratefulness.me/mindfulness-journal-prompts/,mindfulness journaling prompts,n/a,n/a,n/a
Pay attention to your posture right now. Are you sitting or standing? How does your body feel?,https://blog.gratefulness.me/mindfulness-journal-prompts/,mindfulness journaling prompts,n/a,n/a,n/a
What is the texture and taste of your favorite fruit? How does it engage your senses?,https://blog.gratefulness.me/mindfulness-journal-prompts/,mindfulness journaling prompts,n/a,n/a,n/a
Describe the feeling of taking a deep breath and releasing it slowly.,https://blog.gratefulness.me/mindfulness-journal-prompts/,mindfulness journaling prompts,n/a,n/a,n/a
Notice the small details in your immediate environment that often go unnoticed.,https://blog.gratefulness.me/mindfulness-journal-prompts/,mindfulness journaling prompts,n/a,n/a,n/a
"Consider a favorite piece of music. How does it make you feel, and what emotions does it evoke?",https://blog.gratefulness.me/mindfulness-journal-prompts/,mindfulness journaling prompts,n/a,n/a,n/a
"Reflect on a recent accomplishment, no matter how small. How does it make you feel?",https://blog.gratefulness.me/mindfulness-journal-prompts/,mindfulness journaling prompts,n/a,n/a,n/a
Write a short note of kindness and appreciation to yourself. How does it feel to acknowledge your own worth?,https://blog.gratefulness.me/mindfulness-journal-prompts/,mindfulness journaling prompts,n/a,n/a,n/a
"What's one practice, place, or person that helps reduce stress in your life?",https://blog.gratefulness.me/mindfulness-journal-prompts/,mindfulness journaling prompts,n/a,n/a,n/a
"Think about your life. How do you feel things are going, overall?",https://blog.gratefulness.me/mindfulness-journal-prompts/,mindfulness journaling prompts,n/a,n/a,n/a
"Close your eyes and imagine a peaceful, calm place. Describe what you visualized.",https://blog.gratefulness.me/mindfulness-journal-prompts/,mindfulness journaling prompts,n/a,n/a,n/a
"Take a moment to appreciate your hands. Describe their size, shape, and any sensations you feel in them.",https://blog.gratefulness.me/mindfulness-journal-prompts/,mindfulness journaling prompts,n/a,n/a,n/a
How do you feel about yourself these days? Connect with your idea of who you are to yourself.,https://blog.gratefulness.me/mindfulness-journal-prompts/,mindfulness journaling prompts,n/a,n/a,n/a
Imagine yourself floating on a calm body of water. How does the sensation of buoyancy make you feel?,https://blog.gratefulness.me/mindfulness-journal-prompts/,mindfulness journaling prompts,n/a,n/a,n/a
Recall a place you'd like to visit someday. How does envisioning that place make you feel right now? Describe the meaning that place holds for you.,https://blog.gratefulness.me/mindfulness-journal-prompts/,mindfulness journaling prompts,n/a,n/a,n/a
Pay attention to your facial expressions in a mirror. What emotions do you see reflected?,https://blog.gratefulness.me/mindfulness-journal-prompts/,mindfulness journaling prompts,n/a,n/a,n/a
List three qualities you admire in someone you look up to. Why do you like those qualities?,https://blog.gratefulness.me/mindfulness-journal-prompts/,mindfulness journaling prompts,n/a,n/a,n/a
"Imagine being in a peaceful forest. Describe the sights, sounds, and scents you encounter.",https://blog.gratefulness.me/mindfulness-journal-prompts/,mindfulness journaling prompts,n/a,n/a,n/a
What does peace mean to you?,https://blog.gratefulness.me/mindfulness-journal-prompts/,mindfulness journaling prompts,n/a,n/a,n/a
What do you feel proud of in your life? What about those things makes you feel this way?,https://blog.gratefulness.me/mindfulness-journal-prompts/,mindfulness journaling prompts,n/a,n/a,n/a
Are there some unpleasant feelings that you have been experiencing lately? Think about them and write what you think could be the reasons for them.,https://blog.gratefulness.me/mindfulness-journal-prompts/,mindfulness journaling prompts,n/a,n/a,n/a
Close your eyes and think of a favorite childhood memory. What emotions arise from that reflection?,https://blog.gratefulness.me/mindfulness-journal-prompts/,mindfulness journaling prompts,n/a,n/a,n/a
Notice any areas of tension or discomfort in your body. What happens when you direct your attention to these sensations?,https://blog.gratefulness.me/mindfulness-journal-prompts/,mindfulness journaling prompts,n/a,n/a,n/a
What part do the Internet and social media play in your life? Write about the feelings you experience throughout the day as you interact with them.,https://blog.gratefulness.me/mindfulness-journal-prompts/,mindfulness journaling prompts,n/a,n/a,n/a
Consider the people you interacted with today. How did those interactions affect your mood and energy?,https://blog.gratefulness.me/mindfulness-journal-prompts/,mindfulness journaling prompts,n/a,n/a,n/a
Reflect on a personal goal or aspiration. Why is it important to you? What difference will it make in your life?,https://blog.gratefulness.me/mindfulness-journal-prompts/,mindfulness journaling prompts,n/a,n/a,n/a
"Recall a moment when you were fully engaged in an activity when you felt like your mind was quiet. What was it, and how did it make you feel?",https://blog.gratefulness.me/mindfulness-journal-prompts/,mindfulness journaling prompts,n/a,n/a,n/a
"Take a few moments to simply sit and be with yourself, without any distractions. What thoughts and feelings emerge in this quiet space.",https://blog.gratefulness.me/mindfulness-journal-prompts/,mindfulness journaling prompts,n/a,n/a,n/a
Identify one challenge you faced today.,https://meditationmarathon.me/blogs/wisdom/the-power-of-mindfulness-15-journal-prompts-for-inner-growth?srsltid=AfmBOooqmW8wL1vidXldByoND96_KrayZ71orcYK_xJvdrzdto6cuqR_,mindfulness journaling prompts,n/a,n/a,n/a
Name one event that brought a smile to your face today.,https://meditationmarathon.me/blogs/wisdom/the-power-of-mindfulness-15-journal-prompts-for-inner-growth?srsltid=AfmBOooqmW8wL1vidXldByoND96_KrayZ71orcYK_xJvdrzdto6cuqR_,mindfulness journaling prompts,n/a,n/a,n/a
Share one lesson you learned today.,https://meditationmarathon.me/blogs/wisdom/the-power-of-mindfulness-15-journal-prompts-for-inner-growth?srsltid=AfmBOooqmW8wL1vidXldByoND96_KrayZ71orcYK_xJvdrzdto6cuqR_,mindfulness journaling prompts,n/a,n/a,n/a
Highlight three beautiful sights you witnessed today.,https://meditationmarathon.me/blogs/wisdom/the-power-of-mindfulness-15-journal-prompts-for-inner-growth?srsltid=AfmBOooqmW8wL1vidXldByoND96_KrayZ71orcYK_xJvdrzdto6cuqR_,mindfulness journaling prompts,n/a,n/a,n/a
Discuss one incident that triggered strong emotions (be they positive or negative).,https://meditationmarathon.me/blogs/wisdom/the-power-of-mindfulness-15-journal-prompts-for-inner-growth?srsltid=AfmBOooqmW8wL1vidXldByoND96_KrayZ71orcYK_xJvdrzdto6cuqR_,mindfulness journaling prompts,n/a,n/a,n/a
How can my meditation practice benefit those around me? Follow-up question: What specific actions can I take to share the benefits of my mindfulness with others?,https://meditationmarathon.me/blogs/wisdom/the-power-of-mindfulness-15-journal-prompts-for-inner-growth?srsltid=AfmBOooqmW8wL1vidXldByoND96_KrayZ71orcYK_xJvdrzdto6cuqR_,mindfulness journaling prompts,n/a,n/a,n/a
"Why am I engaging in mindfulness (meditation)? Follow-up question: How has my practice evolved since I first started, and what specific goals do I have for the future?",https://meditationmarathon.me/blogs/wisdom/the-power-of-mindfulness-15-journal-prompts-for-inner-growth?srsltid=AfmBOooqmW8wL1vidXldByoND96_KrayZ71orcYK_xJvdrzdto6cuqR_,mindfulness journaling prompts,n/a,n/a,n/a
What aspects of my life do I wish to change? Follow-up question: How can I use the principles of mindfulness to facilitate these changes?,https://meditationmarathon.me/blogs/wisdom/the-power-of-mindfulness-15-journal-prompts-for-inner-growth?srsltid=AfmBOooqmW8wL1vidXldByoND96_KrayZ71orcYK_xJvdrzdto6cuqR_,mindfulness journaling prompts,n/a,n/a,n/a
What small daily occurrences bring me joy? Follow-up question: How can I incorporate more of these positive experiences into my everyday routine?,https://meditationmarathon.me/blogs/wisdom/the-power-of-mindfulness-15-journal-prompts-for-inner-growth?srsltid=AfmBOooqmW8wL1vidXldByoND96_KrayZ71orcYK_xJvdrzdto6cuqR_,mindfulness journaling prompts,n/a,n/a,n/a
What is one transformation I need to implement in my life this year? Follow-up question: Why is this shift so critical to me?,https://meditationmarathon.me/blogs/wisdom/the-power-of-mindfulness-15-journal-prompts-for-inner-growth?srsltid=AfmBOooqmW8wL1vidXldByoND96_KrayZ71orcYK_xJvdrzdto6cuqR_,mindfulness journaling prompts,n/a,n/a,n/a
Which emotion(s) am I trying to avoid right now? Follow-up question: Why am I attempting to evade this emotion?,https://meditationmarathon.me/blogs/wisdom/the-power-of-mindfulness-15-journal-prompts-for-inner-growth?srsltid=AfmBOooqmW8wL1vidXldByoND96_KrayZ71orcYK_xJvdrzdto6cuqR_,mindfulness journaling prompts,n/a,n/a,n/a
What matters most to me today? Follow-up question: Why is it so significant? What feelings does it stir within me?,https://meditationmarathon.me/blogs/wisdom/the-power-of-mindfulness-15-journal-prompts-for-inner-growth?srsltid=AfmBOooqmW8wL1vidXldByoND96_KrayZ71orcYK_xJvdrzdto6cuqR_,mindfulness journaling prompts,n/a,n/a,n/a
How would I define anger or irritation? Follow-up question: What is the nature of my relationship with anger and aggression?,https://meditationmarathon.me/blogs/wisdom/the-power-of-mindfulness-15-journal-prompts-for-inner-growth?srsltid=AfmBOooqmW8wL1vidXldByoND96_KrayZ71orcYK_xJvdrzdto6cuqR_,mindfulness journaling prompts,n/a,n/a,n/a
"How am I feeling at this moment? Follow-up question: What sensations, thoughts, or emotions are associated with this feeling, and how can I mindfully respond to them?",https://meditationmarathon.me/blogs/wisdom/the-power-of-mindfulness-15-journal-prompts-for-inner-growth?srsltid=AfmBOooqmW8wL1vidXldByoND96_KrayZ71orcYK_xJvdrzdto6cuqR_,mindfulness journaling prompts,n/a,n/a,n/a
What's the most crucial revelation I've had about myself recently? Follow-up question: How does this insight influence my life?,https://meditationmarathon.me/blogs/wisdom/the-power-of-mindfulness-15-journal-prompts-for-inner-growth?srsltid=AfmBOooqmW8wL1vidXldByoND96_KrayZ71orcYK_xJvdrzdto6cuqR_,mindfulness journaling prompts,n/a,n/a,n/a
What am I grateful for today?,https://www.thesimplicityhabit.com/mindful-journaling-prompts/,mindfulness journaling prompts,2022-03-01,2023-10-01,The Simplicity Habit
When do I feel most energized?,https://www.thesimplicityhabit.com/mindful-journaling-prompts/,mindfulness journaling prompts,2022-03-01,2023-10-01,The Simplicity Habit
What are three things I can let go of today?,https://www.thesimplicityhabit.com/mindful-journaling-prompts/,mindfulness journaling prompts,2022-03-01,2023-10-01,The Simplicity Habit
How do I want to be remembered?,https://www.thesimplicityhabit.com/mindful-journaling-prompts/,mindfulness journaling prompts,2022-03-01,2023-10-01,The Simplicity Habit
What do I love the most about my life?,https://www.thesimplicityhabit.com/mindful-journaling-prompts/,mindfulness journaling prompts,2022-03-01,2023-10-01,The Simplicity Habit
"Where do I see myself in five, ten, twenty years?",https://www.thesimplicityhabit.com/mindful-journaling-prompts/,mindfulness journaling prompts,2022-03-01,2023-10-01,The Simplicity Habit
What am I grateful for right now?,https://aldohappy.com/mindfulness-journal-prompts,mindfulness journaling prompts,2023-02-01,2023-02-01,a little dose of happy
What do I value most in life?,https://www.thesimplicityhabit.com/mindful-journaling-prompts/,mindfulness journaling prompts,2022-03-01,2023-10-01,The Simplicity Habit
What thoughts and feelings did I experience today?,https://aldohappy.com/mindfulness-journal-prompts,mindfulness journaling prompts,2023-02-01,2023-02-01,a little dose of happy
What were some moments of pure joy today? What was I doing?,https://aldohappy.com/mindfulness-journal-prompts,mindfulness journaling prompts,2023-02-01,2023-02-01,a little dose of happy
How did I move forward with my goals today?,https://aldohappy.com/mindfulness-journal-prompts,mindfulness journaling prompts,2023-02-01,2023-02-01,a little dose of happy
How did I make a positive impact today?,https://aldohappy.com/mindfulness-journal-prompts,mindfulness journaling prompts,2023-02-01,2023-02-01,a little dose of happy
Are there any choices I made today that I can improve on tomorrow?,https://aldohappy.com/mindfulness-journal-prompts,mindfulness journaling prompts,2023-02-01,2023-02-01,a little dose of happy
What did I learn today?,https://aldohappy.com/mindfulness-journal-prompts,mindfulness journaling prompts,2023-02-01,2023-02-01,a little dose of happy
What healthy habits can I develop to support my mental health?,https://aldohappy.com/mindfulness-journal-prompts,mindfulness journaling prompts,2023-02-01,2023-02-01,a little dose of happy
"What’s the best advice I’ve ever been given, and why does it still resonate with me?",https://aldohappy.com/mindfulness-journal-prompts,mindfulness journaling prompts,2023-02-01,2023-02-01,a little dose of happy
How can I treat myself with kindness and compassion?,https://aldohappy.com/mindfulness-journal-prompts,mindfulness journaling prompts,2023-02-01,2023-02-01,a little dose of happy
"Are there certain smells, sounds, tastes, or images that trigger feelings of peace/serenity in me?",https://aldohappy.com/mindfulness-journal-prompts,mindfulness journaling prompts,2023-02-01,2023-02-01,a little dose of happy
How does my environment (outer and inner) impact my thoughts and behaviors?,https://aldohappy.com/mindfulness-journal-prompts,mindfulness journaling prompts,2023-02-01,2023-02-01,a little dose of happy
How can I bring more joy into my day-to-day life?,https://aldohappy.com/mindfulness-journal-prompts,mindfulness journaling prompts,2023-02-01,2023-02-01,a little dose of happy
Who are my people? Who makes me feel seen and safe?,https://aldohappy.com/mindfulness-journal-prompts,mindfulness journaling prompts,2023-02-01,2023-02-01,a little dose of happy
What grounds me when I feel uncentered?,https://aldohappy.com/mindfulness-journal-prompts,mindfulness journaling prompts,2023-02-01,2023-02-01,a little dose of happy
"Which of my qualities am I especially proud of lately, and how have these helped me reach my goals?",https://aldohappy.com/mindfulness-journal-prompts,mindfulness journaling prompts,2023-02-01,2023-02-01,a little dose of happy
What dreams can I pursue to make my life more meaningful?,https://aldohappy.com/mindfulness-journal-prompts,mindfulness journaling prompts,2023-02-01,2023-02-01,a little dose of happy
What have been some of the biggest lessons I have learned over the past few months?,https://aldohappy.com/mindfulness-journal-prompts,mindfulness journaling prompts,2023-02-01,2023-02-01,a little dose of happy
What or where is my happy place?,https://aldohappy.com/mindfulness-journal-prompts,mindfulness journaling prompts,2023-02-01,2023-02-01,a little dose of happy
How can I cultivate more self-awareness to better understand who I am and what I need?,https://aldohappy.com/mindfulness-journal-prompts,mindfulness journaling prompts,2023-02-01,2023-02-01,a little dose of happy
What am I doing to stay connected to others?,https://aldohappy.com/mindfulness-journal-prompts,mindfulness journaling prompts,2023-02-01,2023-02-01,a little dose of happy
"When did I last feel truly content with my life, and what were those circumstances?",https://aldohappy.com/mindfulness-journal-prompts,mindfulness journaling prompts,2023-02-01,2023-02-01,a little dose of happy
"What negative beliefs or attitudes am I holding onto from past experiences, and how can I release them in a healthy way?",https://aldohappy.com/mindfulness-journal-prompts,mindfulness journaling prompts,2023-02-01,2023-02-01,a little dose of happy
What beliefs do I hold that I can challenge and change?,https://aldohappy.com/mindfulness-journal-prompts,mindfulness journaling prompts,2023-02-01,2023-02-01,a little dose of happy
What would I do differently if I knew no one was judging me or telling me what to do?,https://aldohappy.com/mindfulness-journal-prompts,mindfulness journaling prompts,2023-02-01,2023-02-01,a little dose of happy
"What’s my biggest pet peeve, and how can I avoid it in everyday life?",https://aldohappy.com/mindfulness-journal-prompts,mindfulness journaling prompts,2023-02-01,2023-02-01,a little dose of happy
What feedback have I received that has affected me?,https://aldohappy.com/mindfulness-journal-prompts,mindfulness journaling prompts,2023-02-01,2023-02-01,a little dose of happy
What stories from today can I cherish and save for my future self?,https://aldohappy.com/mindfulness-journal-prompts,mindfulness journaling prompts,2023-02-01,2023-02-01,a little dose of happy
What boundaries have I set for myself that I need to hold sacred and protect?,https://aldohappy.com/mindfulness-journal-prompts,mindfulness journaling prompts,2023-02-01,2023-02-01,a little dose of happy
Are there any unhealthy routines that you need to cut out?,https://aldohappy.com/mindfulness-journal-prompts,mindfulness journaling prompts,2023-02-01,2023-02-01,a little dose of happy
"Write about the last meal you ate (taste, texture, smell, appearance, etc.).",https://www.brookeleithcounseling.com/blog/being-mindful-journal-prompts,mindfulness journaling prompts,2024-10-04,2024-10-04,Brooke Leith
Describe five things you see in front of you right now in great detail.,https://www.brookeleithcounseling.com/blog/being-mindful-journal-prompts,mindfulness journaling prompts,2024-10-04,2024-10-04,Brooke Leith
Do a body scan and identify an area of pain or tension. Write about what it feels like.,https://www.brookeleithcounseling.com/blog/being-mindful-journal-prompts,mindfulness journaling prompts,2024-10-04,2024-10-04,Brooke Leith
Write down three things you’re grateful for and why you’re grateful for them.,https://www.brookeleithcounseling.com/blog/being-mindful-journal-prompts,mindfulness journaling prompts,2024-10-04,2024-10-04,Brooke Leith
"What’s the strongest emotion you felt today? Write about how it made your body feel, what thoughts arose from it, and how you knew you felt that emotion. (The Feelings Wheel may help.)",https://www.brookeleithcounseling.com/blog/being-mindful-journal-prompts,mindfulness journaling prompts,2024-10-04,2024-10-04,Brooke Leith
"What’s the weather right now? Describe how it looks and feels, and what emotions come up with this type of weather.",https://www.brookeleithcounseling.com/blog/being-mindful-journal-prompts,mindfulness journaling prompts,2024-10-04,2024-10-04,Brooke Leith
What’s a reality that you’re resisting right now? How would it feel to let it go?,https://www.brookeleithcounseling.com/blog/being-mindful-journal-prompts,mindfulness journaling prompts,2024-10-04,2024-10-04,Brooke Leith
"Play a random song, then describe how it sounded and what it made you think about.",https://www.brookeleithcounseling.com/blog/being-mindful-journal-prompts,mindfulness journaling prompts,2024-10-04,2024-10-04,Brooke Leith
What’s your favorite emotion to experience? Why do you like it so much? (The Feelings Wheel may help.),https://www.brookeleithcounseling.com/blog/being-mindful-journal-prompts,mindfulness journaling prompts,2024-10-04,2024-10-04,Brooke Leith
"Consider a recent experience where you judged yourself. Write the narrative of the situation but from a nonjudgmental perspective. Don’t attribute any meaning or blame to the events, just state them as facts.",https://www.brookeleithcounseling.com/blog/being-mindful-journal-prompts,mindfulness journaling prompts,2024-10-04,2024-10-04,Brooke Leith
What is good about this exact moment you’re experiencing? Why is right now a good place to be?,https://www.brookeleithcounseling.com/blog/being-mindful-journal-prompts,mindfulness journaling prompts,2024-10-04,2024-10-04,Brooke Leith
"Make a list of things you would consider yourself a beginner at, and are interested in learning more about.",https://www.brookeleithcounseling.com/blog/being-mindful-journal-prompts,mindfulness journaling prompts,2024-10-04,2024-10-04,Brooke Leith
What’s a time recently when you trusted yourself?,https://www.brookeleithcounseling.com/blog/being-mindful-journal-prompts,mindfulness journaling prompts,2024-10-04,2024-10-04,Brooke Leith
How would your life be different if you focused more on the present moment?,https://www.brookeleithcounseling.com/blog/being-mindful-journal-prompts,mindfulness journaling prompts,2024-10-04,2024-10-04,Brooke Leith
What activities make you feel most alive?,https://www.brookeleithcounseling.com/blog/being-mindful-journal-prompts,mindfulness journaling prompts,2024-10-04,2024-10-04,Brooke Leith
What colors do you see around you at this moment?,https://lestallion.com/blogs/journal-prompts/50-journal-prompts-for-those-practicing-mindfulness?srsltid=AfmBOop4LpNtHKBUU73k563KYl0oK4bEGDEVP6V-o9SIHqDfkEys9d67,mindfulness journaling prompts,2024-10-14,n/a,LeStallion
Focus on your breathing for a minute. How did that feel?,https://lestallion.com/blogs/journal-prompts/50-journal-prompts-for-those-practicing-mindfulness?srsltid=AfmBOop4LpNtHKBUU73k563KYl0oK4bEGDEVP6V-o9SIHqDfkEys9d67,mindfulness journaling prompts,2024-10-14,n/a,LeStallion
"When you woke up today, what was the first thing you thought about?",https://lestallion.com/blogs/journal-prompts/50-journal-prompts-for-those-practicing-mindfulness?srsltid=AfmBOop4LpNtHKBUU73k563KYl0oK4bEGDEVP6V-o9SIHqDfkEys9d67,mindfulness journaling prompts,2024-10-14,n/a,LeStallion
What is one thing you can hear right now?,https://lestallion.com/blogs/journal-prompts/50-journal-prompts-for-those-practicing-mindfulness?srsltid=AfmBOop4LpNtHKBUU73k563KYl0oK4bEGDEVP6V-o9SIHqDfkEys9d67,mindfulness journaling prompts,2024-10-14,n/a,LeStallion
What’s one texture you can feel with your hands right now?,https://lestallion.com/blogs/journal-prompts/50-journal-prompts-for-those-practicing-mindfulness?srsltid=AfmBOop4LpNtHKBUU73k563KYl0oK4bEGDEVP6V-o9SIHqDfkEys9d67,mindfulness journaling prompts,2024-10-14,n/a,LeStallion
Write about how your breakfast tasted.,https://lestallion.com/blogs/journal-prompts/50-journal-prompts-for-those-practicing-mindfulness?srsltid=AfmBOop4LpNtHKBUU73k563KYl0oK4bEGDEVP6V-o9SIHqDfkEys9d67,mindfulness journaling prompts,2024-10-14,n/a,LeStallion
Describe the smell in the air at this moment.,https://lestallion.com/blogs/journal-prompts/50-journal-prompts-for-those-practicing-mindfulness?srsltid=AfmBOop4LpNtHKBUU73k563KYl0oK4bEGDEVP6V-o9SIHqDfkEys9d67,mindfulness journaling prompts,2024-10-14,n/a,LeStallion
Think about your current emotion. What color would it be?,https://lestallion.com/blogs/journal-prompts/50-journal-prompts-for-those-practicing-mindfulness?srsltid=AfmBOop4LpNtHKBUU73k563KYl0oK4bEGDEVP6V-o9SIHqDfkEys9d67,mindfulness journaling prompts,2024-10-14,n/a,LeStallion
"What part of your body feels the most relaxed, and why?",https://lestallion.com/blogs/journal-prompts/50-journal-prompts-for-those-practicing-mindfulness?srsltid=AfmBOop4LpNtHKBUU73k563KYl0oK4bEGDEVP6V-o9SIHqDfkEys9d67,mindfulness journaling prompts,2024-10-14,n/a,LeStallion
"How do you feel today, and why do you think that is?",https://lestallion.com/blogs/journal-prompts/50-journal-prompts-for-those-practicing-mindfulness?srsltid=AfmBOop4LpNtHKBUU73k563KYl0oK4bEGDEVP6V-o9SIHqDfkEys9d67,mindfulness journaling prompts,2024-10-14,n/a,LeStallion
Describe an emotion you had trouble with recently. How did you handle it?,https://lestallion.com/blogs/journal-prompts/50-journal-prompts-for-those-practicing-mindfulness?srsltid=AfmBOop4LpNtHKBUU73k563KYl0oK4bEGDEVP6V-o9SIHqDfkEys9d67,mindfulness journaling prompts,2024-10-14,n/a,LeStallion
How does being mindful change your emotions?,https://lestallion.com/blogs/journal-prompts/50-journal-prompts-for-those-practicing-mindfulness?srsltid=AfmBOop4LpNtHKBUU73k563KYl0oK4bEGDEVP6V-o9SIHqDfkEys9d67,mindfulness journaling prompts,2024-10-14,n/a,LeStallion
What’s something that made you smile today?,https://lestallion.com/blogs/journal-prompts/50-journal-prompts-for-those-practicing-mindfulness?srsltid=AfmBOop4LpNtHKBUU73k563KYl0oK4bEGDEVP6V-o9SIHqDfkEys9d67,mindfulness journaling prompts,2024-10-14,n/a,LeStallion
What’s a positive mantra that helps you feel better?,https://lestallion.com/blogs/journal-prompts/50-journal-prompts-for-those-practicing-mindfulness?srsltid=AfmBOop4LpNtHKBUU73k563KYl0oK4bEGDEVP6V-o9SIHqDfkEys9d67,mindfulness journaling prompts,2024-10-14,n/a,LeStallion
Write about a time when you felt calm. What helped?,https://lestallion.com/blogs/journal-prompts/50-journal-prompts-for-those-practicing-mindfulness?srsltid=AfmBOop4LpNtHKBUU73k563KYl0oK4bEGDEVP6V-o9SIHqDfkEys9d67,mindfulness journaling prompts,2024-10-14,n/a,LeStallion
"When did you last laugh, and what was so funny?",https://lestallion.com/blogs/journal-prompts/50-journal-prompts-for-those-practicing-mindfulness?srsltid=AfmBOop4LpNtHKBUU73k563KYl0oK4bEGDEVP6V-o9SIHqDfkEys9d67,mindfulness journaling prompts,2024-10-14,n/a,LeStallion
"Who or what are you grateful for today, and why?",https://lestallion.com/blogs/journal-prompts/50-journal-prompts-for-those-practicing-mindfulness?srsltid=AfmBOop4LpNtHKBUU73k563KYl0oK4bEGDEVP6V-o9SIHqDfkEys9d67,mindfulness journaling prompts,2024-10-14,n/a,LeStallion
How do you feel after spending time with friends or family?,https://lestallion.com/blogs/journal-prompts/50-journal-prompts-for-those-practicing-mindfulness?srsltid=AfmBOop4LpNtHKBUU73k563KYl0oK4bEGDEVP6V-o9SIHqDfkEys9d67,mindfulness journaling prompts,2024-10-14,n/a,LeStallion
Describe your last meal using all your senses.,https://lestallion.com/blogs/journal-prompts/50-journal-prompts-for-those-practicing-mindfulness?srsltid=AfmBOop4LpNtHKBUU73k563KYl0oK4bEGDEVP6V-o9SIHqDfkEys9d67,mindfulness journaling prompts,2024-10-14,n/a,LeStallion
"While walking, what are different things you notice?",https://lestallion.com/blogs/journal-prompts/50-journal-prompts-for-those-practicing-mindfulness?srsltid=AfmBOop4LpNtHKBUU73k563KYl0oK4bEGDEVP6V-o9SIHqDfkEys9d67,mindfulness journaling prompts,2024-10-14,n/a,LeStallion
How can you turn a daily chore into a mindful practice?,https://lestallion.com/blogs/journal-prompts/50-journal-prompts-for-those-practicing-mindfulness?srsltid=AfmBOop4LpNtHKBUU73k563KYl0oK4bEGDEVP6V-o9SIHqDfkEys9d67,mindfulness journaling prompts,2024-10-14,n/a,LeStallion
How does staying present affect your work or schoolwork?,https://lestallion.com/blogs/journal-prompts/50-journal-prompts-for-those-practicing-mindfulness?srsltid=AfmBOop4LpNtHKBUU73k563KYl0oK4bEGDEVP6V-o9SIHqDfkEys9d67,mindfulness journaling prompts,2024-10-14,n/a,LeStallion
Write about your experience with mindful eating.,https://lestallion.com/blogs/journal-prompts/50-journal-prompts-for-those-practicing-mindfulness?srsltid=AfmBOop4LpNtHKBUU73k563KYl0oK4bEGDEVP6V-o9SIHqDfkEys9d67,mindfulness journaling prompts,2024-10-14,n/a,LeStallion
What’s something new you noticed on your route to school or work?,https://lestallion.com/blogs/journal-prompts/50-journal-prompts-for-those-practicing-mindfulness?srsltid=AfmBOop4LpNtHKBUU73k563KYl0oK4bEGDEVP6V-o9SIHqDfkEys9d67,mindfulness journaling prompts,2024-10-14,n/a,LeStallion
How does mindfulness help you with homework or tasks?,https://lestallion.com/blogs/journal-prompts/50-journal-prompts-for-those-practicing-mindfulness?srsltid=AfmBOop4LpNtHKBUU73k563KYl0oK4bEGDEVP6V-o9SIHqDfkEys9d67,mindfulness journaling prompts,2024-10-14,n/a,LeStallion
How can you apply mindfulness to watching TV or using the internet?,https://lestallion.com/blogs/journal-prompts/50-journal-prompts-for-those-practicing-mindfulness?srsltid=AfmBOop4LpNtHKBUU73k563KYl0oK4bEGDEVP6V-o9SIHqDfkEys9d67,mindfulness journaling prompts,2024-10-14,n/a,LeStallion
What’s one way you can be more mindful with technology?,https://lestallion.com/blogs/journal-prompts/50-journal-prompts-for-those-practicing-mindfulness?srsltid=AfmBOop4LpNtHKBUU73k563KYl0oK4bEGDEVP6V-o9SIHqDfkEys9d67,mindfulness journaling prompts,2024-10-14,n/a,LeStallion
How can being mindful change the way you talk to others?,https://lestallion.com/blogs/journal-prompts/50-journal-prompts-for-those-practicing-mindfulness?srsltid=AfmBOop4LpNtHKBUU73k563KYl0oK4bEGDEVP6V-o9SIHqDfkEys9d67,mindfulness journaling prompts,2024-10-14,n/a,LeStallion
Can you identify a trigger that made you feel stressed today?,https://lestallion.com/blogs/journal-prompts/50-journal-prompts-for-those-practicing-mindfulness?srsltid=AfmBOop4LpNtHKBUU73k563KYl0oK4bEGDEVP6V-o9SIHqDfkEys9d67,mindfulness journaling prompts,2024-10-14,n/a,LeStallion
Write about a conversation where you were fully present.,https://lestallion.com/blogs/journal-prompts/50-journal-prompts-for-those-practicing-mindfulness?srsltid=AfmBOop4LpNtHKBUU73k563KYl0oK4bEGDEVP6V-o9SIHqDfkEys9d67,mindfulness journaling prompts,2024-10-14,n/a,LeStallion
How does active listening affect your relationships?,https://lestallion.com/blogs/journal-prompts/50-journal-prompts-for-those-practicing-mindfulness?srsltid=AfmBOop4LpNtHKBUU73k563KYl0oK4bEGDEVP6V-o9SIHqDfkEys9d67,mindfulness journaling prompts,2024-10-14,n/a,LeStallion
What did you appreciate about someone else today?,https://lestallion.com/blogs/journal-prompts/50-journal-prompts-for-those-practicing-mindfulness?srsltid=AfmBOop4LpNtHKBUU73k563KYl0oK4bEGDEVP6V-o9SIHqDfkEys9d67,mindfulness journaling prompts,2024-10-14,n/a,LeStallion
How can you show more empathy in your interactions?,https://lestallion.com/blogs/journal-prompts/50-journal-prompts-for-those-practicing-mindfulness?srsltid=AfmBOop4LpNtHKBUU73k563KYl0oK4bEGDEVP6V-o9SIHqDfkEys9d67,mindfulness journaling prompts,2024-10-14,n/a,LeStallion
Describe how being mindful makes you a better friend or family member.,https://lestallion.com/blogs/journal-prompts/50-journal-prompts-for-those-practicing-mindfulness?srsltid=AfmBOop4LpNtHKBUU73k563KYl0oK4bEGDEVP6V-o9SIHqDfkEys9d67,mindfulness journaling prompts,2024-10-14,n/a,LeStallion
How can you use mindfulness to resolve conflicts?,https://lestallion.com/blogs/journal-prompts/50-journal-prompts-for-those-practicing-mindfulness?srsltid=AfmBOop4LpNtHKBUU73k563KYl0oK4bEGDEVP6V-o9SIHqDfkEys9d67,mindfulness journaling prompts,2024-10-14,n/a,LeStallion
What changes when you give someone your full attention?,https://lestallion.com/blogs/journal-prompts/50-journal-prompts-for-those-practicing-mindfulness?srsltid=AfmBOop4LpNtHKBUU73k563KYl0oK4bEGDEVP6V-o9SIHqDfkEys9d67,mindfulness journaling prompts,2024-10-14,n/a,LeStallion
What’s something kind you noticed someone doing?,https://lestallion.com/blogs/journal-prompts/50-journal-prompts-for-those-practicing-mindfulness?srsltid=AfmBOop4LpNtHKBUU73k563KYl0oK4bEGDEVP6V-o9SIHqDfkEys9d67,mindfulness journaling prompts,2024-10-14,n/a,LeStallion
How do you feel when others are mindful with you?,https://lestallion.com/blogs/journal-prompts/50-journal-prompts-for-those-practicing-mindfulness?srsltid=AfmBOop4LpNtHKBUU73k563KYl0oK4bEGDEVP6V-o9SIHqDfkEys9d67,mindfulness journaling prompts,2024-10-14,n/a,LeStallion
How has mindfulness impacted your life so far?,https://lestallion.com/blogs/journal-prompts/50-journal-prompts-for-those-practicing-mindfulness?srsltid=AfmBOop4LpNtHKBUU73k563KYl0oK4bEGDEVP6V-o9SIHqDfkEys9d67,mindfulness journaling prompts,2024-10-14,n/a,LeStallion
What have you learned about yourself through mindfulness?,https://lestallion.com/blogs/journal-prompts/50-journal-prompts-for-those-practicing-mindfulness?srsltid=AfmBOop4LpNtHKBUU73k563KYl0oK4bEGDEVP6V-o9SIHqDfkEys9d67,mindfulness journaling prompts,2024-10-14,n/a,LeStallion
What challenges do you face in maintaining mindfulness?,https://lestallion.com/blogs/journal-prompts/50-journal-prompts-for-those-practicing-mindfulness?srsltid=AfmBOop4LpNtHKBUU73k563KYl0oK4bEGDEVP6V-o9SIHqDfkEys9d67,mindfulness journaling prompts,2024-10-14,n/a,LeStallion
How do you plan to continue practicing mindfulness?,https://lestallion.com/blogs/journal-prompts/50-journal-prompts-for-those-practicing-mindfulness?srsltid=AfmBOop4LpNtHKBUU73k563KYl0oK4bEGDEVP6V-o9SIHqDfkEys9d67,mindfulness journaling prompts,2024-10-14,n/a,LeStallion
What mindfulness skill are you most proud of developing?,https://lestallion.com/blogs/journal-prompts/50-journal-prompts-for-those-practicing-mindfulness?srsltid=AfmBOop4LpNtHKBUU73k563KYl0oK4bEGDEVP6V-o9SIHqDfkEys9d67,mindfulness journaling prompts,2024-10-14,n/a,LeStallion
Write about how mindfulness affects your sleep.,https://lestallion.com/blogs/journal-prompts/50-journal-prompts-for-those-practicing-mindfulness?srsltid=AfmBOop4LpNtHKBUU73k563KYl0oK4bEGDEVP6V-o9SIHqDfkEys9d67,mindfulness journaling prompts,2024-10-14,n/a,LeStallion
How do you encourage others to practice mindfulness?,https://lestallion.com/blogs/journal-prompts/50-journal-prompts-for-those-practicing-mindfulness?srsltid=AfmBOop4LpNtHKBUU73k563KYl0oK4bEGDEVP6V-o9SIHqDfkEys9d67,mindfulness journaling prompts,2024-10-14,n/a,LeStallion
What’s your favorite mindfulness exercise and why?,https://lestallion.com/blogs/journal-prompts/50-journal-prompts-for-those-practicing-mindfulness?srsltid=AfmBOop4LpNtHKBUU73k563KYl0oK4bEGDEVP6V-o9SIHqDfkEys9d67,mindfulness journaling prompts,2024-10-14,n/a,LeStallion
What’s the most surprising benefit of mindfulness you’ve discovered?,https://lestallion.com/blogs/journal-prompts/50-journal-prompts-for-those-practicing-mindfulness?srsltid=AfmBOop4LpNtHKBUU73k563KYl0oK4bEGDEVP6V-o9SIHqDfkEys9d67,mindfulness journaling prompts,2024-10-14,n/a,LeStallion
Reflect on how you've grown since starting mindfulness practice.,https://lestallion.com/blogs/journal-prompts/50-journal-prompts-for-those-practicing-mindfulness?srsltid=AfmBOop4LpNtHKBUU73k563KYl0oK4bEGDEVP6V-o9SIHqDfkEys9d67,mindfulness journaling prompts,2024-10-14,n/a,LeStallion
What brings you joy?,https://www.sheknows.com/health-and-wellness/slideshow/2611427/journal-prompts-mindfulness/,mindfulness journaling prompts,2022-10-26,n/a,Brianne Hogan
What risks have you taken?,https://www.sheknows.com/health-and-wellness/slideshow/2611427/journal-prompts-mindfulness/,mindfulness journaling prompts,2022-10-26,n/a,Brianne Hogan
How can you take better care of yourself?,https://www.sheknows.com/health-and-wellness/slideshow/2611427/journal-prompts-mindfulness/,mindfulness journaling prompts,2022-10-26,n/a,Brianne Hogan
What’s got you smiling?,https://www.sheknows.com/health-and-wellness/slideshow/2611427/journal-prompts-mindfulness/,mindfulness journaling prompts,2022-10-26,n/a,Brianne Hogan
What’s causing you stress?,https://www.sheknows.com/health-and-wellness/slideshow/2611427/journal-prompts-mindfulness/,mindfulness journaling prompts,2022-10-26,n/a,Brianne Hogan
What do you look forward to?,https://www.sheknows.com/health-and-wellness/slideshow/2611427/journal-prompts-mindfulness/,mindfulness journaling prompts,2022-10-26,n/a,Brianne Hogan
What are you looking forward to?,https://www.sheknows.com/health-and-wellness/slideshow/2611427/journal-prompts-mindfulness/,mindfulness journaling prompts,2022-10-26,n/a,Brianne Hogan
What are you grateful for in this moment?,https://www.diaxna.com/diaxna-blog/20-mindfulness-journal-prompts-to-cultivate-inner-peace-and-clarity,mindfulness journaling prompts,n/a,n/a,Diaxna Digital
What is one thing you can do today to take care of your mind and body?,https://www.diaxna.com/diaxna-blog/20-mindfulness-journal-prompts-to-cultivate-inner-peace-and-clarity,mindfulness journaling prompts,n/a,n/a,Diaxna Digital
What emotions are you feeling right now? Can you sit with them and observe them without judgment?,https://www.diaxna.com/diaxna-blog/20-mindfulness-journal-prompts-to-cultivate-inner-peace-and-clarity,mindfulness journaling prompts,n/a,n/a,Diaxna Digital
What are some of the beliefs or thought patterns that may be holding you back from being present in the moment?,https://www.diaxna.com/diaxna-blog/20-mindfulness-journal-prompts-to-cultivate-inner-peace-and-clarity,mindfulness journaling prompts,n/a,n/a,Diaxna Digital
How can you incorporate mindfulness into your daily routine?,https://www.diaxna.com/diaxna-blog/20-mindfulness-journal-prompts-to-cultivate-inner-peace-and-clarity,mindfulness journaling prompts,n/a,n/a,Diaxna Digital
Write down three things that inspire you and why.,https://www.diaxna.com/diaxna-blog/20-mindfulness-journal-prompts-to-cultivate-inner-peace-and-clarity,mindfulness journaling prompts,n/a,n/a,Diaxna Digital
What would you do if you had a day all to yourself with no responsibilities?,https://www.diaxna.com/diaxna-blog/20-mindfulness-journal-prompts-to-cultivate-inner-peace-and-clarity,mindfulness journaling prompts,n/a,n/a,Diaxna Digital
When was the last time you laughed out loud? What was it that made you laugh?,https://www.diaxna.com/diaxna-blog/20-mindfulness-journal-prompts-to-cultivate-inner-peace-and-clarity,mindfulness journaling prompts,n/a,n/a,Diaxna Digital
What is one thing you appreciate about yourself?,https://www.diaxna.com/diaxna-blog/20-mindfulness-journal-prompts-to-cultivate-inner-peace-and-clarity,mindfulness journaling prompts,n/a,n/a,Diaxna Digital
What is something you’ve been avoiding that you know would benefit you if you faced it?,https://www.diaxna.com/diaxna-blog/20-mindfulness-journal-prompts-to-cultivate-inner-peace-and-clarity,mindfulness journaling prompts,n/a,n/a,Diaxna Digital
What do you love about your life right now?,https://www.diaxna.com/diaxna-blog/20-mindfulness-journal-prompts-to-cultivate-inner-peace-and-clarity,mindfulness journaling prompts,n/a,n/a,Diaxna Digital
What is something that makes you feel calm and centered?,https://www.diaxna.com/diaxna-blog/20-mindfulness-journal-prompts-to-cultivate-inner-peace-and-clarity,mindfulness journaling prompts,n/a,n/a,Diaxna Digital
When do you feel most present in the moment?,https://www.diaxna.com/diaxna-blog/20-mindfulness-journal-prompts-to-cultivate-inner-peace-and-clarity,mindfulness journaling prompts,n/a,n/a,Diaxna Digital
What is one challenge you’re currently facing? How can you approach it mindfully?,https://www.diaxna.com/diaxna-blog/20-mindfulness-journal-prompts-to-cultivate-inner-peace-and-clarity,mindfulness journaling prompts,n/a,n/a,Diaxna Digital
What is one thing you could do today to show yourself some self-love and self-care?,https://www.diaxna.com/diaxna-blog/20-mindfulness-journal-prompts-to-cultivate-inner-peace-and-clarity,mindfulness journaling prompts,n/a,n/a,Diaxna Digital
What is a limiting belief you hold about yourself or your life? How can you reframe this belief in a more positive and empowering way?,https://www.diaxna.com/diaxna-blog/20-mindfulness-journal-prompts-to-cultivate-inner-peace-and-clarity,mindfulness journaling prompts,n/a,n/a,Diaxna Digital
What is one habit or behavior that you would like to cultivate in your life to support your mindfulness practice?,https://www.diaxna.com/diaxna-blog/20-mindfulness-journal-prompts-to-cultivate-inner-peace-and-clarity,mindfulness journaling prompts,n/a,n/a,Diaxna Digital
What are some things that make you feel stressed or anxious? How can you release these feelings and cultivate a more peaceful state of mind?,https://www.diaxna.com/diaxna-blog/20-mindfulness-journal-prompts-to-cultivate-inner-peace-and-clarity,mindfulness journaling prompts,n/a,n/a,Diaxna Digital
What are some of your personal values and how can you align your actions with these values in a more mindful way?,https://www.diaxna.com/diaxna-blog/20-mindfulness-journal-prompts-to-cultivate-inner-peace-and-clarity,mindfulness journaling prompts,n/a,n/a,Diaxna Digital
Write down one thing you’d like to let go of today to feel more free and at peace.,https://www.diaxna.com/diaxna-blog/20-mindfulness-journal-prompts-to-cultivate-inner-peace-and-clarity,mindfulness journaling prompts,n/a,n/a,Diaxna Digital
Why do you want to be present with your family? What is the hardest thing about being present with the people you love?,https://bouncebackparenting.com/journal-prompts-on-presence-and-mindfulness/,mindfulness journaling prompts,2023-07-01,2023-07-01,Alissa Zorn
Who do you know who feels very present when they are with you? What do they do? How do they act that makes them so present?,https://bouncebackparenting.com/journal-prompts-on-presence-and-mindfulness/,mindfulness journaling prompts,2023-07-01,2023-07-01,Alissa Zorn
What does it mean to you to “be present”? What does it mean to you to do something “mindfully”? Does it sound good? Or like a chore?,https://bouncebackparenting.com/journal-prompts-on-presence-and-mindfulness/,mindfulness journaling prompts,2023-07-01,2023-07-01,Alissa Zorn
What will you regret most if you miss it?,https://bouncebackparenting.com/journal-prompts-on-presence-and-mindfulness/,mindfulness journaling prompts,2023-07-01,2023-07-01,Alissa Zorn
"What are some events in your life you feel guilty about not being present for? Are you feeling guilty because you actually wanted to be there, or is this an outside pressure?",https://bouncebackparenting.com/journal-prompts-on-presence-and-mindfulness/,mindfulness journaling prompts,2023-07-01,2023-07-01,Alissa Zorn
What parts of your life are most distracting?,https://bouncebackparenting.com/journal-prompts-on-presence-and-mindfulness/,mindfulness journaling prompts,2023-07-01,2023-07-01,Alissa Zorn
"What is your relationship with media – do you like how you use phones, computers, entertainment?",https://bouncebackparenting.com/journal-prompts-on-presence-and-mindfulness/,mindfulness journaling prompts,2023-07-01,2023-07-01,Alissa Zorn
"When do you have a hard time letting go and being ‘here' in the moment? When do you “check out”? What are you checking out behaviors (i.e. I check Facebook, check email too much, etc.)",https://bouncebackparenting.com/journal-prompts-on-presence-and-mindfulness/,mindfulness journaling prompts,2023-07-01,2023-07-01,Alissa Zorn
Make a list: What online activities take the most of your time? Which online activities do you enjoy? which ones nurture you? are necessary? and which simply take time away?,https://bouncebackparenting.com/journal-prompts-on-presence-and-mindfulness/,mindfulness journaling prompts,2023-07-01,2023-07-01,Alissa Zorn
"How do you show you're listening? Write about what your body language is, your voice, your feelings, when you are focused on your child (or anyone). Now, what does your body language, voice, etc. look like when you are only half focused?",https://bouncebackparenting.com/journal-prompts-on-presence-and-mindfulness/,mindfulness journaling prompts,2023-07-01,2023-07-01,Alissa Zorn
"Think back to a time you agreed to do something that was a Hell YEAH I want to do this! type of event for you. Maybe it was difficult or inconvenient, but you were thrilled to do it anyways. How did that feel? What happened?",https://bouncebackparenting.com/journal-prompts-on-presence-and-mindfulness/,mindfulness journaling prompts,2023-07-01,2023-07-01,Alissa Zorn
What have you recently said ‘yes' to that is not a ‘hell yes' in your life?,https://bouncebackparenting.com/journal-prompts-on-presence-and-mindfulness/,mindfulness journaling prompts,2023-07-01,2023-07-01,Alissa Zorn
"Describe a time you've agreed to do something that is not a “hell yeah” only “I guess I should.” How does it feel when you’re saying yes – how does your body feel, your thoughts, what do you tell yourself that makes you say yes? How does it feel when you’re doing the task?",https://bouncebackparenting.com/journal-prompts-on-presence-and-mindfulness/,mindfulness journaling prompts,2023-07-01,2023-07-01,Alissa Zorn
What things do you tell yourself you will be present “once this is finished”? What are you waiting for in your life?,https://bouncebackparenting.com/journal-prompts-on-presence-and-mindfulness/,mindfulness journaling prompts,2023-07-01,2023-07-01,Alissa Zorn
"Mindfulness – does it feel like a waste of time to you to be present and mindful while doing something like washing dishes? Is it ‘wrong' to be thinking of other things while washing dishes? If you're trying to lead a mindful life and find yourself not being mindful, do you guilt yourself about it?",https://bouncebackparenting.com/journal-prompts-on-presence-and-mindfulness/,mindfulness journaling prompts,2023-07-01,2023-07-01,Alissa Zorn
"Try it: Stay with an unpleasant feeling or emotion, for 30 seconds or so – next time you're irritated, upset or fearful simply “be present” with that emotion, don't judge it, just feel for a moment – what is that experience like?",https://bouncebackparenting.com/journal-prompts-on-presence-and-mindfulness/,mindfulness journaling prompts,2023-07-01,2023-07-01,Alissa Zorn
"To be present with our kids we need to have a SELF to be present with. What do you do to recharge yourself? Are there things, big or small you would like to do to get in touch with yourself now? How can you start doing one of them?",https://bouncebackparenting.com/journal-prompts-on-presence-and-mindfulness/,mindfulness journaling prompts,2023-07-01,2023-07-01,Alissa Zorn
"What events or activities are you easily present and engaged in? Which ones bring you back into your body, here in the moment?",https://bouncebackparenting.com/journal-prompts-on-presence-and-mindfulness/,mindfulness journaling prompts,2023-07-01,2023-07-01,Alissa Zorn
Does focusing on your breath help you sit with feelings of anger or fear? When do you most need to “just breathe?” What keeps you from pausing – notice and write about your thoughts?,https://bouncebackparenting.com/journal-prompts-on-presence-and-mindfulness/,mindfulness journaling prompts,2023-07-01,2023-07-01,Alissa Zorn
What new things am I excited to explore today?,https://fromsarahjolie.com/mindfulness-journal-prompts/,mindfulness journaling prompts,2023-08-01,2023-08-01,Sarah Jolie
How much time did I spend being truly present today?,https://fromsarahjolie.com/mindfulness-journal-prompts/,mindfulness journaling prompts,2023-08-01,2023-08-01,Sarah Jolie
Today I am thankful for…,https://fromsarahjolie.com/mindfulness-journal-prompts/,mindfulness journaling prompts,2023-08-01,2023-08-01,Sarah Jolie
What healthy habits did I practice today?,https://fromsarahjolie.com/mindfulness-journal-prompts/,mindfulness journaling prompts,2023-08-01,2023-08-01,Sarah Jolie
Which moment today made me feel most connected to the present?,https://fromsarahjolie.com/mindfulness-journal-prompts/,mindfulness journaling prompts,2023-08-01,2023-08-01,Sarah Jolie
"Explain, in detail, how your body feels right now. Note where you might feel tension or heaviness.",https://fromsarahjolie.com/mindfulness-journal-prompts/,mindfulness journaling prompts,2023-08-01,2023-08-01,Sarah Jolie
"Describe your current environment using your 5 senses. What do you see, hear, feel, taste?",https://fromsarahjolie.com/mindfulness-journal-prompts/,mindfulness journaling prompts,2023-08-01,2023-08-01,Sarah Jolie
What are some different ways I can practice kindness to myself today?,https://fromsarahjolie.com/mindfulness-journal-prompts/,mindfulness journaling prompts,2023-08-01,2023-08-01,Sarah Jolie
What stressful situations came up today?,https://fromsarahjolie.com/mindfulness-journal-prompts/,mindfulness journaling prompts,2023-08-01,2023-08-01,Sarah Jolie
"If I could capture today in a single word, what would it be?",https://fromsarahjolie.com/mindfulness-journal-prompts/,mindfulness journaling prompts,2023-08-01,2023-08-01,Sarah Jolie
The biggest challenge I have recently overcome was…,https://fromsarahjolie.com/mindfulness-journal-prompts/,mindfulness journaling prompts,2023-08-01,2023-08-01,Sarah Jolie
When was the last time I tried a new skill and felt the thrill of learning?,https://fromsarahjolie.com/mindfulness-journal-prompts/,mindfulness journaling prompts,2023-08-01,2023-08-01,Sarah Jolie
What would I tell my younger self about life goals?,https://fromsarahjolie.com/mindfulness-journal-prompts/,mindfulness journaling prompts,2023-08-01,2023-08-01,Sarah Jolie
Is there a fear that is keeping me from going after my dreams? What is it?,https://fromsarahjolie.com/mindfulness-journal-prompts/,mindfulness journaling prompts,2023-08-01,2023-08-01,Sarah Jolie
What am I most proud of achieving? Why?,https://fromsarahjolie.com/mindfulness-journal-prompts/,mindfulness journaling prompts,2023-08-01,2023-08-01,Sarah Jolie
When do I feel most at peace and content?,https://fromsarahjolie.com/mindfulness-journal-prompts/,mindfulness journaling prompts,2023-08-01,2023-08-01,Sarah Jolie
Write a letter to your future self.,https://fromsarahjolie.com/mindfulness-journal-prompts/,mindfulness journaling prompts,2023-08-01,2023-08-01,Sarah Jolie
What new habit would have the most positive impact on my life?,https://fromsarahjolie.com/mindfulness-journal-prompts/,mindfulness journaling prompts,2023-08-01,2023-08-01,Sarah Jolie
How have I changed since middle school? Since high school?,https://fromsarahjolie.com/mindfulness-journal-prompts/,mindfulness journaling prompts,2023-08-01,2023-08-01,Sarah Jolie
The best thing about last year was…,https://fromsarahjolie.com/mindfulness-journal-prompts/,mindfulness journaling prompts,2023-08-01,2023-08-01,Sarah Jolie
My favorite meal from when I was a kid that brings positive thoughts is…,https://fromsarahjolie.com/mindfulness-journal-prompts/,mindfulness journaling prompts,2023-08-01,2023-08-01,Sarah Jolie
"Last night, I dreamt of…",https://fromsarahjolie.com/mindfulness-journal-prompts/,mindfulness journaling prompts,2023-08-01,2023-08-01,Sarah Jolie
Describe a time you felt pure joy in the last month.,https://fromsarahjolie.com/mindfulness-journal-prompts/,mindfulness journaling prompts,2023-08-01,2023-08-01,Sarah Jolie
When was the last time I did something for the first time?,https://fromsarahjolie.com/mindfulness-journal-prompts/,mindfulness journaling prompts,2023-08-01,2023-08-01,Sarah Jolie
What’s the most valuable lesson I learned from my biggest mistake?,https://fromsarahjolie.com/mindfulness-journal-prompts/,mindfulness journaling prompts,2023-08-01,2023-08-01,Sarah Jolie
What memories immediately come to mind for the following emotions: happiness? excitement? fear? worry?,https://fromsarahjolie.com/mindfulness-journal-prompts/,mindfulness journaling prompts,2023-08-01,2023-08-01,Sarah Jolie
What’s one situation I have regret about? Why do I regret it?,https://fromsarahjolie.com/mindfulness-journal-prompts/,mindfulness journaling prompts,2023-08-01,2023-08-01,Sarah Jolie
"How much time did I spend on social media today, and how did it make me feel?",https://fromsarahjolie.com/mindfulness-journal-prompts/,mindfulness journaling prompts,2023-08-01,2023-08-01,Sarah Jolie
A family member I look up to is… because…,https://fromsarahjolie.com/mindfulness-journal-prompts/,mindfulness journaling prompts,2023-08-01,2023-08-01,Sarah Jolie
Describe the last time a small thing made a big difference in your day (can be positive or negative),https://fromsarahjolie.com/mindfulness-journal-prompts/,mindfulness journaling prompts,2023-08-01,2023-08-01,Sarah Jolie
The best part about my relationship with my best friend is…,https://fromsarahjolie.com/mindfulness-journal-prompts/,mindfulness journaling prompts,2023-08-01,2023-08-01,Sarah Jolie
What qualities do I value most in friendships?,https://fromsarahjolie.com/mindfulness-journal-prompts/,mindfulness journaling prompts,2023-08-01,2023-08-01,Sarah Jolie
Describe a time you felt hurt by someone’s actions towards you. Why did it make you feel the way you did?,https://fromsarahjolie.com/mindfulness-journal-prompts/,mindfulness journaling prompts,2023-08-01,2023-08-01,Sarah Jolie
"Who has taught me the most about life, and how?",https://fromsarahjolie.com/mindfulness-journal-prompts/,mindfulness journaling prompts,2023-08-01,2023-08-01,Sarah Jolie
How has social media influenced my perception of relationships?,https://fromsarahjolie.com/mindfulness-journal-prompts/,mindfulness journaling prompts,2023-08-01,2023-08-01,Sarah Jolie
Is there a person I’ve lost in my life that I miss? Why?,https://fromsarahjolie.com/mindfulness-journal-prompts/,mindfulness journaling prompts,2023-08-01,2023-08-01,Sarah Jolie
"If I could relive one day from last year, which would it be and why?",https://fromsarahjolie.com/mindfulness-journal-prompts/,mindfulness journaling prompts,2023-08-01,2023-08-01,Sarah Jolie
How do I feel when meeting new people?,https://fromsarahjolie.com/mindfulness-journal-prompts/,mindfulness journaling prompts,2023-08-01,2023-08-01,Sarah Jolie
When was the last time a random act of kindness from someone impacted my day?,https://fromsarahjolie.com/mindfulness-journal-prompts/,mindfulness journaling prompts,2023-08-01,2023-08-01,Sarah Jolie
"If life gave me a second chance at one thing, it would be…",https://fromsarahjolie.com/mindfulness-journal-prompts/,mindfulness journaling prompts,2023-08-01,2023-08-01,Sarah Jolie
"If I could take any risk without consequences, what would it be?",https://fromsarahjolie.com/mindfulness-journal-prompts/,mindfulness journaling prompts,2023-08-01,2023-08-01,Sarah Jolie
"If I had a time machine, the era I’d visit would be…",https://fromsarahjolie.com/mindfulness-journal-prompts/,mindfulness journaling prompts,2023-08-01,2023-08-01,Sarah Jolie
"Describe, in detail, what a day in your dream life looks like.",https://fromsarahjolie.com/mindfulness-journal-prompts/,mindfulness journaling prompts,2023-08-01,2023-08-01,Sarah Jolie
Something I want to know about my future self is…,https://fromsarahjolie.com/mindfulness-journal-prompts/,mindfulness journaling prompts,2023-08-01,2023-08-01,Sarah Jolie
What would I do with an extra hour in the day?,https://fromsarahjolie.com/mindfulness-journal-prompts/,mindfulness journaling prompts,2023-08-01,2023-08-01,Sarah Jolie
"If I could possess any one skill instantly, what would it be?",https://fromsarahjolie.com/mindfulness-journal-prompts/,mindfulness journaling prompts,2023-08-01,2023-08-01,Sarah Jolie
"If I could teleport to any place at this moment, where would I go?",https://fromsarahjolie.com/mindfulness-journal-prompts/,mindfulness journaling prompts,2023-08-01,2023-08-01,Sarah Jolie
Imagine a world where my biggest challenge didn’t exist. What’s different?,https://fromsarahjolie.com/mindfulness-journal-prompts/,mindfulness journaling prompts,2023-08-01,2023-08-01,Sarah Jolie
"What are three things I'm grateful for today, and why?",https://ottoapp.me/reflections/journal-prompts-mindfulness,mindfulness journaling prompts,n/a,n/a,n/a
"If I had an endless supply of one thing, what would it be?",https://fromsarahjolie.com/mindfulness-journal-prompts/,mindfulness journaling prompts,2023-08-01,2023-08-01,Sarah Jolie
What lessons did your experience today teach you?,https://www.trvst.world/mind-body/mindfulness-journal-prompts/,mindfulness journaling prompts,2023-10-01,2023-10-01,Jennifer Okafor
What do you love most about yourself right now?,https://www.trvst.world/mind-body/mindfulness-journal-prompts/,mindfulness journaling prompts,2023-10-01,2023-10-01,Jennifer Okafor
How much progress did you make towards your goals today?,https://www.trvst.world/mind-body/mindfulness-journal-prompts/,mindfulness journaling prompts,2023-10-01,2023-10-01,Jennifer Okafor
What is the ambitious risk you have taken? What did your experience teach you?,https://www.trvst.world/mind-body/mindfulness-journal-prompts/,mindfulness journaling prompts,2023-10-01,2023-10-01,Jennifer Okafor
How easy is it for you to admit when you're wrong?,https://www.trvst.world/mind-body/mindfulness-journal-prompts/,mindfulness journaling prompts,2023-10-01,2023-10-01,Jennifer Okafor
"Do you get a good night's rest? If not, what can you do to improve it?",https://www.trvst.world/mind-body/mindfulness-journal-prompts/,mindfulness journaling prompts,2023-10-01,2023-10-01,Jennifer Okafor
"Do you love your career path? If yes, why? If not, what would you do instead?",https://www.trvst.world/mind-body/mindfulness-journal-prompts/,mindfulness journaling prompts,2023-10-01,2023-10-01,Jennifer Okafor
Look out your window and describe what you see.,https://www.trvst.world/mind-body/mindfulness-journal-prompts/,mindfulness journaling prompts,2023-10-01,2023-10-01,Jennifer Okafor
What would you like to change in your life?,https://www.trvst.world/mind-body/mindfulness-journal-prompts/,mindfulness journaling prompts,2023-10-01,2023-10-01,Jennifer Okafor
What activities can take you away from your phone and the internet?,https://www.trvst.world/mind-body/mindfulness-journal-prompts/,mindfulness journaling prompts,2023-10-01,2023-10-01,Jennifer Okafor
"Are you chronically online? If yes, why do you think you're addicted to the internet?",https://www.trvst.world/mind-body/mindfulness-journal-prompts/,mindfulness journaling prompts,2023-10-01,2023-10-01,Jennifer Okafor
"Are you happy to be alive? If yes, why? If not, why?",https://www.trvst.world/mind-body/mindfulness-journal-prompts/,mindfulness journaling prompts,2023-10-01,2023-10-01,Jennifer Okafor
"Do you love your current friend group? If yes, why? If not, why?",https://www.trvst.world/mind-body/mindfulness-journal-prompts/,mindfulness journaling prompts,2023-10-01,2023-10-01,Jennifer Okafor
What are you doing to stay connected to others?,https://www.trvst.world/mind-body/mindfulness-journal-prompts/,mindfulness journaling prompts,2023-10-01,2023-10-01,Jennifer Okafor
What is your favorite thing about being alive?,https://www.trvst.world/mind-body/mindfulness-journal-prompts/,mindfulness journaling prompts,2023-10-01,2023-10-01,Jennifer Okafor
How can you bring more positivity into your life?,https://www.trvst.world/mind-body/mindfulness-journal-prompts/,mindfulness journaling prompts,2023-10-01,2023-10-01,Jennifer Okafor
How do you recenter and regulate your emotions?,https://www.trvst.world/mind-body/mindfulness-journal-prompts/,mindfulness journaling prompts,2023-10-01,2023-10-01,Jennifer Okafor
What negative thoughts and behaviors from the past are you still holding on to? How can you release them?,https://www.trvst.world/mind-body/mindfulness-journal-prompts/,mindfulness journaling prompts,2023-10-01,2023-10-01,Jennifer Okafor
What or where is your happy place?,https://www.trvst.world/mind-body/mindfulness-journal-prompts/,mindfulness journaling prompts,2023-10-01,2023-10-01,Jennifer Okafor
What would you do differently if no one judged you or told you what to do?,https://www.trvst.world/mind-body/mindfulness-journal-prompts/,mindfulness journaling prompts,2023-10-01,2023-10-01,Jennifer Okafor
What unhealthy routines do you need to remove from your life?,https://www.trvst.world/mind-body/mindfulness-journal-prompts/,mindfulness journaling prompts,2023-10-01,2023-10-01,Jennifer Okafor
In what ways do you show kindness yourself?,https://www.trvst.world/mind-body/mindfulness-journal-prompts/,mindfulness journaling prompts,2023-10-01,2023-10-01,Jennifer Okafor
"Do you have a healthy relationship with food? If not, how do you make improvements?",https://www.trvst.world/mind-body/mindfulness-journal-prompts/,mindfulness journaling prompts,2023-10-01,2023-10-01,Jennifer Okafor
What positive things happened today?,https://www.trvst.world/mind-body/mindfulness-journal-prompts/,mindfulness journaling prompts,2023-10-01,2023-10-01,Jennifer Okafor
What are you grateful for?,https://www.trvst.world/mind-body/mindfulness-journal-prompts/,mindfulness journaling prompts,2023-10-01,2023-10-01,Jennifer Okafor
"When are you the most productive, and why?",https://www.trvst.world/mind-body/mindfulness-journal-prompts/,mindfulness journaling prompts,2023-10-01,2023-10-01,Jennifer Okafor
Have you been proud of yourself lately?,https://www.trvst.world/mind-body/mindfulness-journal-prompts/,mindfulness journaling prompts,2023-10-01,2023-10-01,Jennifer Okafor
What are your current thoughts and emotions? Write without judgment.,https://thewell-beingcafe.com/27-mindfulness-journal-prompts/,mindfulness journaling prompts,2023-07-01,n/a,Ruth
"What is your biggest pet peeve, and how does it affect you?",https://www.trvst.world/mind-body/mindfulness-journal-prompts/,mindfulness journaling prompts,2023-10-01,2023-10-01,Jennifer Okafor
What are some thoughts you notice yourself having frequently throughout the day or week?,https://thewell-beingcafe.com/27-mindfulness-journal-prompts/,mindfulness journaling prompts,2023-07-01,n/a,Ruth
Can you be aware of them without getting lost in them? How does this feel?,https://thewell-beingcafe.com/27-mindfulness-journal-prompts/,mindfulness journaling prompts,2023-07-01,n/a,Ruth
Where are these thoughts coming from?,https://thewell-beingcafe.com/27-mindfulness-journal-prompts/,mindfulness journaling prompts,2023-07-01,n/a,Ruth
"What have I felt negatively about recently? What has made me sad, angry, fearful, regretful, or stressed?",https://thewell-beingcafe.com/27-mindfulness-journal-prompts/,mindfulness journaling prompts,2023-07-01,n/a,Ruth
"What can you do next time you have these thoughts to help you notice them, let them go, and return to the present moment?",https://thewell-beingcafe.com/27-mindfulness-journal-prompts/,mindfulness journaling prompts,2023-07-01,n/a,Ruth
In what situations might the pain-body be responsible for creating these feelings?,https://thewell-beingcafe.com/27-mindfulness-journal-prompts/,mindfulness journaling prompts,2023-07-01,n/a,Ruth
Recall a recent experience when you felt fully present and alive. Describe it in detail.,https://thewell-beingcafe.com/27-mindfulness-journal-prompts/,mindfulness journaling prompts,2023-07-01,n/a,Ruth
How can you cultivate more mindful moments like this in your day?,https://thewell-beingcafe.com/27-mindfulness-journal-prompts/,mindfulness journaling prompts,2023-07-01,n/a,Ruth
"Once I notice where the pain-body is responsible for my suffering, how do I feel about the situation now?",https://thewell-beingcafe.com/27-mindfulness-journal-prompts/,mindfulness journaling prompts,2023-07-01,n/a,Ruth
Reflect on a recent mistake or failure. What did you learn from it?,https://thewell-beingcafe.com/27-mindfulness-journal-prompts/,mindfulness journaling prompts,2023-07-01,n/a,Ruth
What can I do in the future to recognise the pain-body in myself and my emotions/ reactions?,https://thewell-beingcafe.com/27-mindfulness-journal-prompts/,mindfulness journaling prompts,2023-07-01,n/a,Ruth
"Take your mind back to a time that you felt angry, embarrassed, or sad. Re-live that feeling. How does it feel in your body?",https://thewell-beingcafe.com/27-mindfulness-journal-prompts/,mindfulness journaling prompts,2023-07-01,n/a,Ruth
Notice that this sensation is self-created as a response to a certain thought. How does it feel now?,https://thewell-beingcafe.com/27-mindfulness-journal-prompts/,mindfulness journaling prompts,2023-07-01,n/a,Ruth
How can you embrace imperfection and cultivate self-compassion?,https://thewell-beingcafe.com/27-mindfulness-journal-prompts/,mindfulness journaling prompts,2023-07-01,n/a,Ruth
What are your attentions for the week ahead? Are these aligned with your values and goals?,https://thewell-beingcafe.com/27-mindfulness-journal-prompts/,mindfulness journaling prompts,2023-07-01,n/a,Ruth
How can you align your actions with your intentions?,https://thewell-beingcafe.com/27-mindfulness-journal-prompts/,mindfulness journaling prompts,2023-07-01,n/a,Ruth
"When I bring awareness to my interactions with others, what changes do I notice in the way they relate to me, if any? (for example, do they also become more calm and present, do they become irritated, etc?)",https://thewell-beingcafe.com/27-mindfulness-journal-prompts/,mindfulness journaling prompts,2023-07-01,n/a,Ruth
How can I interact more genuinely with others?,https://thewell-beingcafe.com/27-mindfulness-journal-prompts/,mindfulness journaling prompts,2023-07-01,n/a,Ruth
How can I be more mindful in my interactions with others? How would this benefit my relationships?,https://thewell-beingcafe.com/27-mindfulness-journal-prompts/,mindfulness journaling prompts,2023-07-01,n/a,Ruth
Think of a person/ loved one I interact with regularly. What are my thoughts and beliefs about this person? In what ways may these be incorrect or unhelpful?,https://thewell-beingcafe.com/27-mindfulness-journal-prompts/,mindfulness journaling prompts,2023-07-01,n/a,Ruth
Take a moment to be still and observe your breath. How does this feel?,https://thewell-beingcafe.com/27-mindfulness-journal-prompts/,mindfulness journaling prompts,2023-07-01,n/a,Ruth
How can you create more moments of stillness and tranquility in your day?,https://thewell-beingcafe.com/27-mindfulness-journal-prompts/,mindfulness journaling prompts,2023-07-01,n/a,Ruth
Pay attention to the sensations in your body. What do you notice?,https://thewell-beingcafe.com/27-mindfulness-journal-prompts/,mindfulness journaling prompts,2023-07-01,n/a,Ruth
Bring to mind a memory that provokes a certain emotion in you. How does this feel in your body?,https://thewell-beingcafe.com/27-mindfulness-journal-prompts/,mindfulness journaling prompts,2023-07-01,n/a,Ruth
What actions can you take now that you will be grateful for later?,https://brahmas.co/blog/mindful-journal-prompts/,mindfulness journaling prompts,2023-12-04,n/a,Mekhala
"When you sit quietly and aren’t distracted by TV or electronics, how does it make you feel?",https://brahmas.co/blog/mindful-journal-prompts/,mindfulness journaling prompts,2023-12-04,n/a,Mekhala
What would I do with a day off if I could do anything I wanted?,https://brahmas.co/blog/mindful-journal-prompts/,mindfulness journaling prompts,2023-12-04,n/a,Mekhala
What is it that I put off doing?,https://brahmas.co/blog/mindful-journal-prompts/,mindfulness journaling prompts,2023-12-04,n/a,Mekhala
"What has been the best part of my week, month, or day?",https://brahmas.co/blog/mindful-journal-prompts/,mindfulness journaling prompts,2023-12-04,n/a,Mekhala
How did my breakfast taste? What did I consume for morning?,https://brahmas.co/blog/mindful-journal-prompts/,mindfulness journaling prompts,2023-12-04,n/a,Mekhala
What is the idea or principle that guides my life?,https://brahmas.co/blog/mindful-journal-prompts/,mindfulness journaling prompts,2023-12-04,n/a,Mekhala
"Which animal would I like to be for a day, if I could? Why?",https://brahmas.co/blog/mindful-journal-prompts/,mindfulness journaling prompts,2023-12-04,n/a,Mekhala
Which risk was the largest I have ever taken?,https://brahmas.co/blog/mindful-journal-prompts/,mindfulness journaling prompts,2023-12-04,n/a,Mekhala
"When did I last cry, and for what reason?",https://brahmas.co/blog/mindful-journal-prompts/,mindfulness journaling prompts,2023-12-04,n/a,Mekhala
What guidance would I provide my sixteen-year-old self?,https://brahmas.co/blog/mindful-journal-prompts/,mindfulness journaling prompts,2023-12-04,n/a,Mekhala
How simple is it for me to own up to my mistakes?,https://brahmas.co/blog/mindful-journal-prompts/,mindfulness journaling prompts,2023-12-04,n/a,Mekhala
What aspects of my job bother me?,https://brahmas.co/blog/mindful-journal-prompts/,mindfulness journaling prompts,2023-12-04,n/a,Mekhala
"What have you resisted recently, or even today? What made you oppose it, in your opinion?",https://brahmas.co/blog/mindful-journal-prompts/,mindfulness journaling prompts,2023-12-04,n/a,Mekhala
"For you, what does 'mindful living' mean?",https://brahmas.co/blog/mindful-journal-prompts/,mindfulness journaling prompts,2023-12-04,n/a,Mekhala
"Do you think of yourself as nervous? If not, why not?",https://brahmas.co/blog/mindful-journal-prompts/,mindfulness journaling prompts,2023-12-04,n/a,Mekhala
For what do I feel most thankful today? How can I show my appreciation for this?,https://brahmas.co/blog/mindful-journal-prompts/,mindfulness journaling prompts,2023-12-04,n/a,Mekhala
Describe three things that went well today.,https://brahmas.co/blog/mindful-journal-prompts/,mindfulness journaling prompts,2023-12-04,n/a,Mekhala
"What in my life is causing me to feel fear, wrath, irritation, or worry? How can I alter, modify, or move these unfavourable feelings or thoughts?",https://brahmas.co/blog/mindful-journal-prompts/,mindfulness journaling prompts,2023-12-04,n/a,Mekhala
What has happened to me that I am most grateful for today?,https://brahmas.co/blog/mindful-journal-prompts/,mindfulness journaling prompts,2023-12-04,n/a,Mekhala
What occurred to me today that was the worst? What can I do differently the next day?,https://brahmas.co/blog/mindful-journal-prompts/,mindfulness journaling prompts,2023-12-04,n/a,Mekhala
What excites me about tomorrow?,https://brahmas.co/blog/mindful-journal-prompts/,mindfulness journaling prompts,2023-12-04,n/a,Mekhala
What may provide a difficulty for me tomorrow?,https://brahmas.co/blog/mindful-journal-prompts/,mindfulness journaling prompts,2023-12-04,n/a,Mekhala
How can I go into tomorrow feeling comfortable and full of wonder?,https://brahmas.co/blog/mindful-journal-prompts/,mindfulness journaling prompts,2023-12-04,n/a,Mekhala
How does my body currently feel?,https://thebalancedceo.com/mindfulness-journal-prompts/,mindfulness journaling prompts,2022-10-01,2023-02-01,Deanna Frig
What am I grateful for right now?,https://thebalancedceo.com/mindfulness-journal-prompts/,mindfulness journaling prompts,2022-10-01,2023-02-01,Deanna Frig
What do I value in life and why?,https://thebalancedceo.com/mindfulness-journal-prompts/,mindfulness journaling prompts,2022-10-01,2023-02-01,Deanna Frig
What is something I want to change in my life?,https://thebalancedceo.com/mindfulness-journal-prompts/,mindfulness journaling prompts,2022-10-01,2023-02-01,Deanna Frig
What are 5 things I love about myself?,https://thebalancedceo.com/mindfulness-journal-prompts/,mindfulness journaling prompts,2022-10-01,2023-02-01,Deanna Frig
How can I be more present during the day?,https://thebalancedceo.com/mindfulness-journal-prompts/,mindfulness journaling prompts,2022-10-01,2023-02-01,Deanna Frig
"If I called my best friend right now, what would we talk about?",https://thebalancedceo.com/mindfulness-journal-prompts/,mindfulness journaling prompts,2022-10-01,2023-02-01,Deanna Frig
Look outside and describe what I see,https://thebalancedceo.com/mindfulness-journal-prompts/,mindfulness journaling prompts,2022-10-01,2023-02-01,Deanna Frig
What are my top 3 goals right now?,https://thebalancedceo.com/mindfulness-journal-prompts/,mindfulness journaling prompts,2022-10-01,2023-02-01,Deanna Frig
How do my stress levels feel right now?,https://thebalancedceo.com/mindfulness-journal-prompts/,mindfulness journaling prompts,2022-10-01,2023-02-01,Deanna Frig
When do I feel the most confident?,https://thebalancedceo.com/mindfulness-journal-prompts/,mindfulness journaling prompts,2022-10-01,2023-02-01,Deanna Frig
How do I feel about the day that just happened?,https://thebalancedceo.com/mindfulness-journal-prompts/,mindfulness journaling prompts,2022-10-01,2023-02-01,Deanna Frig
"When someone asks who you are, what do you say?",https://healingsoulfully.com/mindfulness-journal-prompts/,mindfulness journaling prompts,2024-02-01,2024-02-01,Healing Soulfully
"Within the previous answer did you include your name, age, and job title? Do you think that’s who you truly are, or are you more than that?",https://healingsoulfully.com/mindfulness-journal-prompts/,mindfulness journaling prompts,2024-02-01,2024-02-01,Healing Soulfully
"If you had to explain who you are without using your name, age, job title, parents, significant other, where you live, etc. What would you say?",https://healingsoulfully.com/mindfulness-journal-prompts/,mindfulness journaling prompts,2024-02-01,2024-02-01,Healing Soulfully
"Think back to when you were a child, how did you feel about yourself? How did you view yourself? Now think about how you feel and view yourself today. Has anything changed? What changed? Why do you think it changed?",https://healingsoulfully.com/mindfulness-journal-prompts/,mindfulness journaling prompts,2024-02-01,2024-02-01,Healing Soulfully
"Are there things about yourself that you are self-conscious or embarrassed about? Why do you think you feel that way? When did those feelings start, recently, or when you were young?",https://healingsoulfully.com/mindfulness-journal-prompts/,mindfulness journaling prompts,2024-02-01,2024-02-01,Healing Soulfully
"When we’re young we sometimes imagine what our future lives will be like. Have you been living that life you dreamed of as a child? If not, why?",https://healingsoulfully.com/mindfulness-journal-prompts/,mindfulness journaling prompts,2024-02-01,2024-02-01,Healing Soulfully
From your childhood do you have any memories that stick out? Why do you think those specific memories are the ones you remember? Do you feel any specific ways when you’re thinking about those memories?,https://healingsoulfully.com/mindfulness-journal-prompts/,mindfulness journaling prompts,2024-02-01,2024-02-01,Healing Soulfully
Are there things you wish you would have already done in life? What are those things?,https://healingsoulfully.com/mindfulness-journal-prompts/,mindfulness journaling prompts,2024-02-01,2024-02-01,Healing Soulfully
Are the things you listed above truly what you desired to have done with your life? Do you feel that you’ve had any external pressure from specific people or maybe even pressure from the social media world to have done those things?,https://healingsoulfully.com/mindfulness-journal-prompts/,mindfulness journaling prompts,2024-02-01,2024-02-01,Healing Soulfully
"Push aside all the external opinions and pressure, do you still want to do those things? Are there new things you want to do in your life now?",https://healingsoulfully.com/mindfulness-journal-prompts/,mindfulness journaling prompts,2024-02-01,2024-02-01,Healing Soulfully
"What is most important to you in this life? Relationships, career, family, travel, experiences, objects, etc? Why do you feel an attachment to these things?",https://healingsoulfully.com/mindfulness-journal-prompts/,mindfulness journaling prompts,2024-02-01,2024-02-01,Healing Soulfully
"If you could start over and live a life completely new, what would it look like? Would it be similar to your current life or different?",https://healingsoulfully.com/mindfulness-journal-prompts/,mindfulness journaling prompts,2024-02-01,2024-02-01,Healing Soulfully
"How would you describe your true authentic self? Do you feel like you live life as your true authentic self? Do you ever feel like you hide your authentic self from certain people or situations? If so, why do you hide it?",https://healingsoulfully.com/mindfulness-journal-prompts/,mindfulness journaling prompts,2024-02-01,2024-02-01,Healing Soulfully
What is something you do or somewhere you go that brings you complete and utter joy?,https://healingsoulfully.com/mindfulness-journal-prompts/,mindfulness journaling prompts,2024-02-01,2024-02-01,Healing Soulfully
Where is somewhere you feel completely comfortable to be yourself?,https://healingsoulfully.com/mindfulness-journal-prompts/,mindfulness journaling prompts,2024-02-01,2024-02-01,Healing Soulfully
What is something you do that makes you feel at peace? Not watching TV or on social media.,https://healingsoulfully.com/mindfulness-journal-prompts/,mindfulness journaling prompts,2024-02-01,2024-02-01,Healing Soulfully
Are you proud of the person you have become so far?,https://healingsoulfully.com/mindfulness-journal-prompts/,mindfulness journaling prompts,2024-02-01,2024-02-01,Healing Soulfully
Do you spend time doing the things that bring you joy? Do you wish you could spend more time doing those things?,https://healingsoulfully.com/mindfulness-journal-prompts/,mindfulness journaling prompts,2024-02-01,2024-02-01,Healing Soulfully
Do you feel like you have more room to grow? What areas do you want to grow in?,https://healingsoulfully.com/mindfulness-journal-prompts/,mindfulness journaling prompts,2024-02-01,2024-02-01,Healing Soulfully
Do you feel like you have a strong support system? Do you have people in your life who will be there no matter what? Are there people who you feel maybe won’t be there for you if you do a particular thing or act a certain way? Does losing those people scare you?,https://healingsoulfully.com/mindfulness-journal-prompts/,mindfulness journaling prompts,2024-02-01,2024-02-01,Healing Soulfully
"Are you happy with where you currently live or do you wish to live somewhere else? Where, and why?",https://healingsoulfully.com/mindfulness-journal-prompts/,mindfulness journaling prompts,2024-02-01,2024-02-01,Healing Soulfully
"Are you living the life of your dreams? If not, do you feel like the life you desire is attainable?",https://healingsoulfully.com/mindfulness-journal-prompts/,mindfulness journaling prompts,2024-02-01,2024-02-01,Healing Soulfully
What are 3 things you can start doing today that will help align you with living the life of your dreams.,https://healingsoulfully.com/mindfulness-journal-prompts/,mindfulness journaling prompts,2024-02-01,2024-02-01,Healing Soulfully
What do you look forward to every day?,https://goalsnplans.com/mindfulness-journal-prompts/,mindfulness journaling prompts,2020-11-23,2021-01-19,n/a
List 3 things you are grateful for and actually take a moment to feel the gratefulness as you write them down.,https://goalsnplans.com/mindfulness-journal-prompts/,mindfulness journaling prompts,2020-11-23,2021-01-19,n/a
What are you looking forward to today?,https://goalsnplans.com/mindfulness-journal-prompts/,mindfulness journaling prompts,2020-11-23,2021-01-19,n/a
List 3 things or thoughts that made you smile today.,https://goalsnplans.com/mindfulness-journal-prompts/,mindfulness journaling prompts,2020-11-23,2021-01-19,n/a
List one urge you resisted today and the benefits of doing so.,https://goalsnplans.com/mindfulness-journal-prompts/,mindfulness journaling prompts,2020-11-23,2021-01-19,n/a
What made you feel loved today?,https://goalsnplans.com/mindfulness-journal-prompts/,mindfulness journaling prompts,2020-11-23,2021-01-19,n/a
What did you learn today? No lesson is too small.,https://goalsnplans.com/mindfulness-journal-prompts/,mindfulness journaling prompts,2020-11-23,2021-01-19,n/a
What made you pause today?,https://goalsnplans.com/mindfulness-journal-prompts/,mindfulness journaling prompts,2020-11-23,2021-01-19,n/a
Sit quietly and think for a couple of minutes. What thoughts come to mind?,https://goalsnplans.com/mindfulness-journal-prompts/,mindfulness journaling prompts,2020-11-23,2021-01-19,n/a
What are some recurring thoughts you have and how do they affect you?,https://goalsnplans.com/mindfulness-journal-prompts/,mindfulness journaling prompts,2020-11-23,2021-01-19,n/a
What was your biggest victory today?,https://goalsnplans.com/mindfulness-journal-prompts/,mindfulness journaling prompts,2020-11-23,2021-01-19,n/a
How are you impacting those around you on a daily basis?,https://goalsnplans.com/mindfulness-journal-prompts/,mindfulness journaling prompts,2020-11-23,2021-01-19,n/a
When do you feel most energized?,https://goalsnplans.com/mindfulness-journal-prompts/,mindfulness journaling prompts,2020-11-23,2021-01-19,n/a
What do you procrastinate with the most?,https://goalsnplans.com/mindfulness-journal-prompts/,mindfulness journaling prompts,2020-11-23,2021-01-19,n/a
How are you feeling right now?,https://goalsnplans.com/mindfulness-journal-prompts/,mindfulness journaling prompts,2020-11-23,2021-01-19,n/a
"Take three deep breaths. Now list five things you see, five things you hear, five things you smell and five things you feel.",https://goalsnplans.com/mindfulness-journal-prompts/,mindfulness journaling prompts,2020-11-23,2021-01-19,n/a
What are some precious moments in your life you’ve missed out on by not being mindful about them?,https://goalsnplans.com/mindfulness-journal-prompts/,mindfulness journaling prompts,2020-11-23,2021-01-19,n/a
What will you regret most if you miss it?,https://goalsnplans.com/mindfulness-journal-prompts/,mindfulness journaling prompts,2020-11-23,2021-01-19,n/a
How much time do you spend on your phone and social media? Does this make you happy?,https://goalsnplans.com/mindfulness-journal-prompts/,mindfulness journaling prompts,2020-11-23,2021-01-19,n/a
How does the sun feel on your skin?,https://goalsnplans.com/mindfulness-journal-prompts/,mindfulness journaling prompts,2020-11-23,2021-01-19,n/a
What is one thing your loved one did today that made you happy or benefited you?,https://goalsnplans.com/mindfulness-journal-prompts/,mindfulness journaling prompts,2020-11-23,2021-01-19,n/a
When was the last time you really laughed? What made you laugh?,https://goalsnplans.com/mindfulness-journal-prompts/,mindfulness journaling prompts,2020-11-23,2021-01-19,n/a
What is the first pleasant memory that pops to mind?,https://goalsnplans.com/mindfulness-journal-prompts/,mindfulness journaling prompts,2020-11-23,2021-01-19,n/a
What did you eat today? How did it taste?,https://goalsnplans.com/mindfulness-journal-prompts/,mindfulness journaling prompts,2020-11-23,2021-01-19,n/a
What is the strongest feeling I am experiencing right now?,https://www.yogabasics.com/connect/yoga-blog/mindful-journal-prompts/,mindfulness journaling prompts,2022-01-07,n/a,Timothy Burgin
"Is there any part of my body that feels unusually tight, tense, or sore? What feelings arise from this discomfort?",https://www.yogabasics.com/connect/yoga-blog/mindful-journal-prompts/,mindfulness journaling prompts,2022-01-07,n/a,Timothy Burgin
What am I most grateful for today? How can I express this gratitude?,https://www.yogabasics.com/connect/yoga-blog/mindful-journal-prompts/,mindfulness journaling prompts,2022-01-07,n/a,Timothy Burgin
"What story I am telling myself right now? Is this story helpful and true? If not, how can I rewrite it?",https://www.yogabasics.com/connect/yoga-blog/mindful-journal-prompts/,mindfulness journaling prompts,2022-01-07,n/a,Timothy Burgin
Was there a difficult thought or emotion that came up for me today? How did I respond to this?,https://www.yogabasics.com/connect/yoga-blog/mindful-journal-prompts/,mindfulness journaling prompts,2022-01-07,n/a,Timothy Burgin
What made me smile today? What was the happiest moment of my day?,https://www.yogabasics.com/connect/yoga-blog/mindful-journal-prompts/,mindfulness journaling prompts,2022-01-07,n/a,Timothy Burgin
What are three positive things that happened today?,https://www.yogabasics.com/connect/yoga-blog/mindful-journal-prompts/,mindfulness journaling prompts,2022-01-07,n/a,Timothy Burgin
"What made me feel alive, excited and fulfilled today?",https://www.yogabasics.com/connect/yoga-blog/mindful-journal-prompts/,mindfulness journaling prompts,2022-01-07,n/a,Timothy Burgin
"What is bringing up fear, anger, frustration, or worry in my life? What can I do to change, transform, or shift these negative emotions or thoughts?",https://www.yogabasics.com/connect/yoga-blog/mindful-journal-prompts/,mindfulness journaling prompts,2022-01-07,n/a,Timothy Burgin
What things in my day created the most stress or anxiety?,https://www.yogabasics.com/connect/yoga-blog/mindful-journal-prompts/,mindfulness journaling prompts,2022-01-07,n/a,Timothy Burgin
What did I learn or discover today? What was the greatest lesson learned today?,https://www.yogabasics.com/connect/yoga-blog/mindful-journal-prompts/,mindfulness journaling prompts,2022-01-07,n/a,Timothy Burgin
What was the most important thing I accomplished or made progress on today?,https://www.yogabasics.com/connect/yoga-blog/mindful-journal-prompts/,mindfulness journaling prompts,2022-01-07,n/a,Timothy Burgin
Is there something from the day that I would I like to change? What changes could I try tomorrow?,https://www.yogabasics.com/connect/yoga-blog/mindful-journal-prompts/,mindfulness journaling prompts,2022-01-07,n/a,Timothy Burgin
What is the worst thing that happened to me today? What could I do differently tomorrow?,https://www.yogabasics.com/connect/yoga-blog/mindful-journal-prompts/,mindfulness journaling prompts,2022-01-07,n/a,Timothy Burgin
What is the best thing that happened to me today?,https://www.yogabasics.com/connect/yoga-blog/mindful-journal-prompts/,mindfulness journaling prompts,2022-01-07,n/a,Timothy Burgin
Did anything surprise or delight me today?,https://www.yogabasics.com/connect/yoga-blog/mindful-journal-prompts/,mindfulness journaling prompts,2022-01-07,n/a,Timothy Burgin
What am I looking forward to tomorrow?,https://www.yogabasics.com/connect/yoga-blog/mindful-journal-prompts/,mindfulness journaling prompts,2022-01-07,n/a,Timothy Burgin
What might challenge me tomorrow?,https://www.yogabasics.com/connect/yoga-blog/mindful-journal-prompts/,mindfulness journaling prompts,2022-01-07,n/a,Timothy Burgin
How can I approach tomorrow with a sense of ease and wonder?,https://www.yogabasics.com/connect/yoga-blog/mindful-journal-prompts/,mindfulness journaling prompts,2022-01-07,n/a,Timothy Burgin
How am I feeling right now? Describe this feeling in detail.,https://thedefinedlife.com/29-journaling-prompts-for-mindfulness/,mindfulness journaling prompts,2024-11-01,2024-11-01,Abby
What recent situation brought up strong emotions? How did I respond?,https://thedefinedlife.com/29-journaling-prompts-for-mindfulness/,mindfulness journaling prompts,2024-11-01,2024-11-01,Abby
What is one emotion I’m avoiding and why?,https://thedefinedlife.com/29-journaling-prompts-for-mindfulness/,mindfulness journaling prompts,2024-11-01,2024-11-01,Abby
Describe a recent time I felt stressed. What helped me cope?,https://thedefinedlife.com/29-journaling-prompts-for-mindfulness/,mindfulness journaling prompts,2024-11-01,2024-11-01,Abby
How do my emotions affect my body physically?,https://thedefinedlife.com/29-journaling-prompts-for-mindfulness/,mindfulness journaling prompts,2024-11-01,2024-11-01,Abby
"How do I typically react to difficult emotions, and how would I like to respond?",https://thedefinedlife.com/29-journaling-prompts-for-mindfulness/,mindfulness journaling prompts,2024-11-01,2024-11-01,Abby
How can I honor my emotions without judgment?,https://thedefinedlife.com/29-journaling-prompts-for-mindfulness/,mindfulness journaling prompts,2024-11-01,2024-11-01,Abby
What’s one positive way I can express my emotions?,https://thedefinedlife.com/29-journaling-prompts-for-mindfulness/,mindfulness journaling prompts,2024-11-01,2024-11-01,Abby
"Describe this moment using only senses. What do I see, hear, feel, smell, and taste?",https://thedefinedlife.com/29-journaling-prompts-for-mindfulness/,mindfulness journaling prompts,2024-11-01,2024-11-01,Abby
What is one thing I can see right now that brings me comfort?,https://thedefinedlife.com/29-journaling-prompts-for-mindfulness/,mindfulness journaling prompts,2024-11-01,2024-11-01,Abby
"What’s one thing that’s within my control right now, and one thing that isn’t?",https://thedefinedlife.com/29-journaling-prompts-for-mindfulness/,mindfulness journaling prompts,2024-11-01,2024-11-01,Abby
How can I slow down and savor this moment?,https://thedefinedlife.com/29-journaling-prompts-for-mindfulness/,mindfulness journaling prompts,2024-11-01,2024-11-01,Abby
Describe a daily activity that I can do more mindfully.,https://thedefinedlife.com/29-journaling-prompts-for-mindfulness/,mindfulness journaling prompts,2024-11-01,2024-11-01,Abby
Where do I feel the most at home?,https://thedefinedlife.com/29-journaling-prompts-for-mindfulness/,mindfulness journaling prompts,2024-11-01,2024-11-01,Abby
What does it mean to 'be grounded' for me?,https://thedefinedlife.com/29-journaling-prompts-for-mindfulness/,mindfulness journaling prompts,2024-11-01,2024-11-01,Abby
What is my breathing like right now? Try to describe it in detail.,https://thedefinedlife.com/29-journaling-prompts-for-mindfulness/,mindfulness journaling prompts,2024-11-01,2024-11-01,Abby
What intention do I want to set for today?,https://thedefinedlife.com/29-journaling-prompts-for-mindfulness/,mindfulness journaling prompts,2024-11-01,2024-11-01,Abby
How can I bring more calm and ground to my day?,https://thedefinedlife.com/29-journaling-prompts-for-mindfulness/,mindfulness journaling prompts,2024-11-01,2024-11-01,Abby
How can I make space for more joy in my life?,https://thedefinedlife.com/29-journaling-prompts-for-mindfulness/,mindfulness journaling prompts,2024-11-01,2024-11-01,Abby
What’s one small action I can take today to care for my mind and body?,https://thedefinedlife.com/29-journaling-prompts-for-mindfulness/,mindfulness journaling prompts,2024-11-01,2024-11-01,Abby
What do I want to invite more of into my life?,https://thedefinedlife.com/29-journaling-prompts-for-mindfulness/,mindfulness journaling prompts,2024-11-01,2024-11-01,Abby
How can I bring kindness into my interactions with others today?,https://thedefinedlife.com/29-journaling-prompts-for-mindfulness/,mindfulness journaling prompts,2024-11-01,2024-11-01,Abby
How can I practice patience with myself and others?,https://thedefinedlife.com/29-journaling-prompts-for-mindfulness/,mindfulness journaling prompts,2024-11-01,2024-11-01,Abby
What’s one thing I can do today to be more present with my loved ones?,https://thedefinedlife.com/29-journaling-prompts-for-mindfulness/,mindfulness journaling prompts,2024-11-01,2024-11-01,Abby
Describe a habit or routine that supports my mindfulness practice.,https://thedefinedlife.com/29-journaling-prompts-for-mindfulness/,mindfulness journaling prompts,2024-11-01,2024-11-01,Abby
What value or quality do I want to embody today?,https://thedefinedlife.com/29-journaling-prompts-for-mindfulness/,mindfulness journaling prompts,2024-11-01,2024-11-01,Abby
"How can I stay connected to my intentions, even when life gets busy?",https://thedefinedlife.com/29-journaling-prompts-for-mindfulness/,mindfulness journaling prompts,2024-11-01,2024-11-01,Abby
When do I feel most connected to myself?,https://thedefinedlife.com/29-journaling-prompts-for-mindfulness/,mindfulness journaling prompts,2024-11-01,2024-11-01,Abby
What’s one kind or supportive thing you can say to yourself?,https://www.calm.com/blog/journaling-for-anxiety,mindfulness journaling prompts,n/a,n/a,Calm Editorial Team
What do I really need in this moment?,https://www.calm.com/blog/journaling-for-anxiety,mindfulness journaling prompts,n/a,n/a,Calm Editorial Team
What would I do if I knew I couldn't fail?,https://www.calm.com/blog/journaling-for-anxiety,mindfulness journaling prompts,n/a,n/a,Calm Editorial Team
How am I really feeling today?,https://www.calm.com/blog/journaling-for-anxiety,mindfulness journaling prompts,n/a,n/a,Calm Editorial Team
What is making me feel anxious today?,https://www.calm.com/blog/journaling-for-anxiety,mindfulness journaling prompts,n/a,n/a,Calm Editorial Team
What am I grateful for today?,https://www.calm.com/blog/journaling-for-anxiety,mindfulness journaling prompts,n/a,n/a,Calm Editorial Team
"If I had a time machine, what wisdom or comfort would I offer my younger self?",https://www.calm.com/blog/journaling-for-anxiety,mindfulness journaling prompts,n/a,n/a,Calm Editorial Team
How did I win today?,https://www.calm.com/blog/journaling-for-anxiety,mindfulness journaling prompts,n/a,n/a,Calm Editorial Team
What’s in my mind that I need to get onto paper?,https://www.calm.com/blog/journaling-for-anxiety,mindfulness journaling prompts,n/a,n/a,Calm Editorial Team
What is one of my favorite memories?,https://www.calm.com/blog/journaling-for-anxiety,mindfulness journaling prompts,n/a,n/a,Calm Editorial Team
What am I afraid of and how is it limiting me?,https://www.calm.com/blog/journaling-for-anxiety,mindfulness journaling prompts,n/a,n/a,Calm Editorial Team
What did I learn today? (Even if it was hard).,https://www.calm.com/blog/journaling-for-anxiety,mindfulness journaling prompts,n/a,n/a,Calm Editorial Team
If I could do anything in the next year what would it be?,https://www.calm.com/blog/journaling-for-anxiety,mindfulness journaling prompts,n/a,n/a,Calm Editorial Team
What can my best self share with me today?,https://www.calm.com/blog/journaling-for-anxiety,mindfulness journaling prompts,n/a,n/a,Calm Editorial Team
What is a beautiful place I’d like to be right now?,https://www.calm.com/blog/journaling-for-anxiety,mindfulness journaling prompts,n/a,n/a,Calm Editorial Team
What am I looking forward to today?,https://www.robynmariecoaching.com/wp-content/uploads/2023/05/50-Mindfulness-Journal-Prompts.pdf,mindfulness journaling prompts,n/a,n/a,n/a
"If I wasn’t afraid, I would…",https://www.robynmariecoaching.com/wp-content/uploads/2023/05/50-Mindfulness-Journal-Prompts.pdf,mindfulness journaling prompts,n/a,n/a,n/a
Today I am grateful for…,https://www.robynmariecoaching.com/wp-content/uploads/2023/05/50-Mindfulness-Journal-Prompts.pdf,mindfulness journaling prompts,n/a,n/a,n/a
I was proud of myself this week when…,https://www.robynmariecoaching.com/wp-content/uploads/2023/05/50-Mindfulness-Journal-Prompts.pdf,mindfulness journaling prompts,n/a,n/a,n/a
My favorite season is…because…,https://www.robynmariecoaching.com/wp-content/uploads/2023/05/50-Mindfulness-Journal-Prompts.pdf,mindfulness journaling prompts,n/a,n/a,n/a
I could take better care of myself by…,https://www.robynmariecoaching.com/wp-content/uploads/2023/05/50-Mindfulness-Journal-Prompts.pdf,mindfulness journaling prompts,n/a,n/a,n/a
If I had extra time in my day I would…,https://www.robynmariecoaching.com/wp-content/uploads/2023/05/50-Mindfulness-Journal-Prompts.pdf,mindfulness journaling prompts,n/a,n/a,n/a
I want to make more time to…,https://www.robynmariecoaching.com/wp-content/uploads/2023/05/50-Mindfulness-Journal-Prompts.pdf,mindfulness journaling prompts,n/a,n/a,n/a
My 3 favorite smells are…because…,https://www.robynmariecoaching.com/wp-content/uploads/2023/05/50-Mindfulness-Journal-Prompts.pdf,mindfulness journaling prompts,n/a,n/a,n/a
"If I came with instructions, they would read…",https://www.robynmariecoaching.com/wp-content/uploads/2023/05/50-Mindfulness-Journal-Prompts.pdf,mindfulness journaling prompts,n/a,n/a,n/a
"If I could relive the best year of my life, it would be…",https://www.robynmariecoaching.com/wp-content/uploads/2023/05/50-Mindfulness-Journal-Prompts.pdf,mindfulness journaling prompts,n/a,n/a,n/a
My favorite part about my home is…,https://www.robynmariecoaching.com/wp-content/uploads/2023/05/50-Mindfulness-Journal-Prompts.pdf,mindfulness journaling prompts,n/a,n/a,n/a
"When I close my eyes, I hear…",https://www.robynmariecoaching.com/wp-content/uploads/2023/05/50-Mindfulness-Journal-Prompts.pdf,mindfulness journaling prompts,n/a,n/a,n/a
The thing that scares me the most is…,https://www.robynmariecoaching.com/wp-content/uploads/2023/05/50-Mindfulness-Journal-Prompts.pdf,mindfulness journaling prompts,n/a,n/a,n/a
The last time I laughed so hard I cried was when…,https://www.robynmariecoaching.com/wp-content/uploads/2023/05/50-Mindfulness-Journal-Prompts.pdf,mindfulness journaling prompts,n/a,n/a,n/a
My best friend is…because…,https://www.robynmariecoaching.com/wp-content/uploads/2023/05/50-Mindfulness-Journal-Prompts.pdf,mindfulness journaling prompts,n/a,n/a,n/a
I would tell my future self these 3 things…,https://www.robynmariecoaching.com/wp-content/uploads/2023/05/50-Mindfulness-Journal-Prompts.pdf,mindfulness journaling prompts,n/a,n/a,n/a
The family member I miss most is…,https://www.robynmariecoaching.com/wp-content/uploads/2023/05/50-Mindfulness-Journal-Prompts.pdf,mindfulness journaling prompts,n/a,n/a,n/a
My biggest pet peeve is…,https://www.robynmariecoaching.com/wp-content/uploads/2023/05/50-Mindfulness-Journal-Prompts.pdf,mindfulness journaling prompts,n/a,n/a,n/a
The biggest challenge I am facing right now is…,https://www.robynmariecoaching.com/wp-content/uploads/2023/05/50-Mindfulness-Journal-Prompts.pdf,mindfulness journaling prompts,n/a,n/a,n/a
The biggest challenge I have overcome is…,https://www.robynmariecoaching.com/wp-content/uploads/2023/05/50-Mindfulness-Journal-Prompts.pdf,mindfulness journaling prompts,n/a,n/a,n/a
The biggest risk I ever took was…,https://www.robynmariecoaching.com/wp-content/uploads/2023/05/50-Mindfulness-Journal-Prompts.pdf,mindfulness journaling prompts,n/a,n/a,n/a
The last time I went on social media I felt…,https://www.robynmariecoaching.com/wp-content/uploads/2023/05/50-Mindfulness-Journal-Prompts.pdf,mindfulness journaling prompts,n/a,n/a,n/a
The 3 ways I will practice self care this week are…,https://www.robynmariecoaching.com/wp-content/uploads/2023/05/50-Mindfulness-Journal-Prompts.pdf,mindfulness journaling prompts,n/a,n/a,n/a
"If I pushed myself out of my comfort zone, I would…",https://www.robynmariecoaching.com/wp-content/uploads/2023/05/50-Mindfulness-Journal-Prompts.pdf,mindfulness journaling prompts,n/a,n/a,n/a
The last night I felt like I got enough sleep was…I think it was because…,https://www.robynmariecoaching.com/wp-content/uploads/2023/05/50-Mindfulness-Journal-Prompts.pdf,mindfulness journaling prompts,n/a,n/a,n/a
"If I were going to try 3 new things, they would be…",https://www.robynmariecoaching.com/wp-content/uploads/2023/05/50-Mindfulness-Journal-Prompts.pdf,mindfulness journaling prompts,n/a,n/a,n/a
My favorite food is my favorite because…,https://www.robynmariecoaching.com/wp-content/uploads/2023/05/50-Mindfulness-Journal-Prompts.pdf,mindfulness journaling prompts,n/a,n/a,n/a
"If I could learn a new skill, it would be…",https://www.robynmariecoaching.com/wp-content/uploads/2023/05/50-Mindfulness-Journal-Prompts.pdf,mindfulness journaling prompts,n/a,n/a,n/a
The best thing about me is…,https://www.robynmariecoaching.com/wp-content/uploads/2023/05/50-Mindfulness-Journal-Prompts.pdf,mindfulness journaling prompts,n/a,n/a,n/a
The one good reason to keep journaling is…,https://www.robynmariecoaching.com/wp-content/uploads/2023/05/50-Mindfulness-Journal-Prompts.pdf,mindfulness journaling prompts,n/a,n/a,n/a
The 3 things I can do to practice mindful eating are…,https://www.robynmariecoaching.com/wp-content/uploads/2023/05/50-Mindfulness-Journal-Prompts.pdf,mindfulness journaling prompts,n/a,n/a,n/a
The thing I love most about my everyday life is…,https://www.robynmariecoaching.com/wp-content/uploads/2023/05/50-Mindfulness-Journal-Prompts.pdf,mindfulness journaling prompts,n/a,n/a,n/a
The life goals I am working on are…,https://www.robynmariecoaching.com/wp-content/uploads/2023/05/50-Mindfulness-Journal-Prompts.pdf,mindfulness journaling prompts,n/a,n/a,n/a
The people in my life who support me best are…,https://www.robynmariecoaching.com/wp-content/uploads/2023/05/50-Mindfulness-Journal-Prompts.pdf,mindfulness journaling prompts,n/a,n/a,n/a
The most inspirational place I have been was…,https://www.robynmariecoaching.com/wp-content/uploads/2023/05/50-Mindfulness-Journal-Prompts.pdf,mindfulness journaling prompts,n/a,n/a,n/a
3 good things about my day today were…,https://www.robynmariecoaching.com/wp-content/uploads/2023/05/50-Mindfulness-Journal-Prompts.pdf,mindfulness journaling prompts,n/a,n/a,n/a
"If I had a time machine, I would go…",https://www.robynmariecoaching.com/wp-content/uploads/2023/05/50-Mindfulness-Journal-Prompts.pdf,mindfulness journaling prompts,n/a,n/a,n/a
Living my best life feels like…,https://www.robynmariecoaching.com/wp-content/uploads/2023/05/50-Mindfulness-Journal-Prompts.pdf,mindfulness journaling prompts,n/a,n/a,n/a
I would tell my younger self…,https://www.robynmariecoaching.com/wp-content/uploads/2023/05/50-Mindfulness-Journal-Prompts.pdf,mindfulness journaling prompts,n/a,n/a,n/a
The best part of today was…,https://www.robynmariecoaching.com/wp-content/uploads/2023/05/50-Mindfulness-Journal-Prompts.pdf,mindfulness journaling prompts,n/a,n/a,n/a
The toughest part of today was…,https://www.robynmariecoaching.com/wp-content/uploads/2023/05/50-Mindfulness-Journal-Prompts.pdf,mindfulness journaling prompts,n/a,n/a,n/a
The 3 ways I can express gratitude this week are…,https://www.robynmariecoaching.com/wp-content/uploads/2023/05/50-Mindfulness-Journal-Prompts.pdf,mindfulness journaling prompts,n/a,n/a,n/a
A person who has had a positive effect on me is…,https://www.robynmariecoaching.com/wp-content/uploads/2023/05/50-Mindfulness-Journal-Prompts.pdf,mindfulness journaling prompts,n/a,n/a,n/a
I will focus on supporting my emotional health by…,https://www.robynmariecoaching.com/wp-content/uploads/2023/05/50-Mindfulness-Journal-Prompts.pdf,mindfulness journaling prompts,n/a,n/a,n/a
Present emotions: Notice the emotions arising in you in the here and now. Describe the emotions without judgement. Where do you feel them in your body? How do they affect your thoughts and behaviour at this moment?,https://www.throughthephases.com/mindfulness-journal-prompts/,mindfulness journaling prompts,2023-08-01,2023-08-01,Esther
Emotional triggers: Reflect on a recent situation that triggered a strong emotional response. What was the situation? What did the emotions feel like? In what situations have you felt similarly? How can you approach similar situations with more mindfulness and emotional awareness in the future?,https://www.throughthephases.com/mindfulness-journal-prompts/,mindfulness journaling prompts,2023-08-01,2023-08-01,Esther
"Embracing difficult emotions: Identify an emotion that you often find challenging or uncomfortable (e.g. anger, sadness, anxiety.) Sit with it mindfully. Describe the sensation in detail without trying to change it. Notice how your body feels. Where do you feel it in your body?",https://www.throughthephases.com/mindfulness-journal-prompts/,mindfulness journaling prompts,2023-08-01,2023-08-01,Esther
"Cultivating joy: Reflect on a place, person, situation or thing that brings up feelings of joy. Write about it in detail and take time to savour the feelings and sensation it evokes within you. How can you cultivate more joy in your life going forward?",https://www.throughthephases.com/mindfulness-journal-prompts/,mindfulness journaling prompts,2023-08-01,2023-08-01,Esther
"Emotional body: Tune in and notice what part of your body is calling your attention. Write about the sensations in this body part, and then ask yourself – What emotion is behind this? What is this body part trying to communicate with you? Write about the emotion in detail and anything else that comes up.",https://www.throughthephases.com/mindfulness-journal-prompts/,mindfulness journaling prompts,2023-08-01,2023-08-01,Esther
Practising contentment: Write about how it feels to be content. What does contentment mean to you? How do you know when you feel contentment? How can you bring more contentment into your life going forward?,https://www.throughthephases.com/mindfulness-journal-prompts/,mindfulness journaling prompts,2023-08-01,2023-08-01,Esther
Gratitude list: List five things you are grateful for in your life right now. Write about how these things positively affect your life and why you are grateful for them. Write about how this gratitude feels.,https://www.throughthephases.com/mindfulness-journal-prompts/,mindfulness journaling prompts,2023-08-01,2023-08-01,Esther
"Emotional release: Set an intention to work with an emotion that you’ve been keeping pushed down. Write a compassionate letter yourself, allowing this emotion to be freely expressed. Notice if there is any urge to self-censor and gently return to the practice. Take some time to notice how you feel after this emotion has been expressed.",https://www.throughthephases.com/mindfulness-journal-prompts/,mindfulness journaling prompts,2023-08-01,2023-08-01,Esther
"Mindful moments: Recall a recent instance where you experienced joy, beauty or kindness. Go into detail about this moment, involving your senses. Reflect on how recalling this moment makes you feel in the present moment.",https://www.throughthephases.com/mindfulness-journal-prompts/,mindfulness journaling prompts,2023-08-01,2023-08-01,Esther
Acts of kindness: Reflect on a moment in your life where you have given or received an act of kindness. How did this moment make you feel? How can you incorporate more kindness into your life?,https://www.throughthephases.com/mindfulness-journal-prompts/,mindfulness journaling prompts,2023-08-01,2023-08-01,Esther
"Challenges and lessons: Reflect on a difficult or challenging situation in your life, but from the perspective of what lessons you learned from it. How did this experience help you grow? Can you find any gratitude for this situation now that you’re on the other side of it?",https://www.throughthephases.com/mindfulness-journal-prompts/,mindfulness journaling prompts,2023-08-01,2023-08-01,Esther
Positive affirmations: Create a list of positive affirmations that resonate with you. How do these affirmations make you feel? In what situations would these affirmations be useful?,https://www.throughthephases.com/mindfulness-journal-prompts/,mindfulness journaling prompts,2023-08-01,2023-08-01,Esther
"Sight: Describe three things you can see around you in intricate detail. What are their colours, shapes, and textures? How does looking at these things make you feel?",https://www.throughthephases.com/mindfulness-journal-prompts/,mindfulness journaling prompts,2023-08-01,2023-08-01,Esther
"Daily positivity: At the end of the day, reflect on the positive aspects of your day. How did these positive moments feel? How can you bring more positivity into tomorrow?",https://www.throughthephases.com/mindfulness-journal-prompts/,mindfulness journaling prompts,2023-08-01,2023-08-01,Esther
"Taste: Choose a small piece of food, like a piece of fruit or some chocolate. Practise mindful eating, chewing it slowly and mindfully, savouring each moment. Describe the flavours you experience. How does it make you feel?",https://www.throughthephases.com/mindfulness-journal-prompts/,mindfulness journaling prompts,2023-08-01,2023-08-01,Esther
"Touch: Place your hands on a textured surface or hold an object in your hand. Or, feel your clothes against your skin. How does it feel? What is its temperature? Are there any emotions that arise as you notice any sensations?",https://www.throughthephases.com/mindfulness-journal-prompts/,mindfulness journaling prompts,2023-08-01,2023-08-01,Esther
Breathing: Pay attention to your breathing without trying to change it. What do you notice? Where do you feel your breath in your body? What is its rhythm? What thoughts/feelings/sensations come up as you observe your breathing?,https://www.throughthephases.com/mindfulness-journal-prompts/,mindfulness journaling prompts,2023-08-01,2023-08-01,Esther
"Smell: Locate something with a pleasant smell, like an essential oil or a flower. Slowly and deeply inhale its scent. Describe how it smells. What does it remind you of? How does it make you feel?",https://www.throughthephases.com/mindfulness-journal-prompts/,mindfulness journaling prompts,2023-08-01,2023-08-01,Esther
Sound: Listen to the sounds around you and notice any distinct sounds that stand out. Describe each sound and explore its tone and rhythm. How does listening to these sounds make you feel?,https://www.throughthephases.com/mindfulness-journal-prompts/,mindfulness journaling prompts,2023-08-01,2023-08-01,Esther
"Mindful walk: Take a slow and mindful walk outdoors, noticing your surroundings and your senses. When you return, take some time to write about your experience. What stood out to you on your walk? Did any thoughts or feelings arise?",https://www.throughthephases.com/mindfulness-journal-prompts/,mindfulness journaling prompts,2023-08-01,2023-08-01,Esther
"Mundane activity: Describe a simple, mundane activity such as washing dishes or doing laundry, and describe it in intricate detail. Include all of your senses.",https://www.throughthephases.com/mindfulness-journal-prompts/,mindfulness journaling prompts,2023-08-01,2023-08-01,Esther
"Compassionate letter: Write a letter to a version of yourself going through a challenging time, from the perspective of a kind observer. What do you want this part of you to know? How do you feel about them?",https://www.throughthephases.com/mindfulness-journal-prompts/,mindfulness journaling prompts,2023-08-01,2023-08-01,Esther
Flaws list: Make a list of your perceived weaknesses or flaws. How can you embrace these parts of yourself with self-acceptance?,https://www.throughthephases.com/mindfulness-journal-prompts/,mindfulness journaling prompts,2023-08-01,2023-08-01,Esther
Self-criticism: Pay attention to any self-critical thoughts that come up throughout the day. Write them down. Then write a response to each one from the perspective of your compassionate self.,https://www.throughthephases.com/mindfulness-journal-prompts/,mindfulness journaling prompts,2023-08-01,2023-08-01,Esther
"Compassion for the past: Reflect on a regret or mistake from your past. Write a letter to your past self, offering compassion and understanding for their circumstances. How can you release the resentment and self-blame regarding this choice?",https://www.throughthephases.com/mindfulness-journal-prompts/,mindfulness journaling prompts,2023-08-01,2023-08-01,Esther
Self-kindness: How can you be kinder to yourself on a daily basis? Are there any words of encouragement you want yourself to hear?,https://www.throughthephases.com/mindfulness-journal-prompts/,mindfulness journaling prompts,2023-08-01,2023-08-01,Esther
Daily self-compassion: Reflect on your relationship with self-compassion and self care in your daily life. Are there any areas where you can make more room for these things?,https://www.throughthephases.com/mindfulness-journal-prompts/,mindfulness journaling prompts,2023-08-01,2023-08-01,Esther
"Mindfulness in relationships: Are you present in your relationships? Describe, without judgement, your relationship with mindfulness with others. How can you bring mindfulness into your relationships?",https://www.throughthephases.com/mindfulness-journal-prompts/,mindfulness journaling prompts,2023-08-01,2023-08-01,Esther
Relationship boundaries: Describe your relationship with boundaries. Are there any boundaries that need to be set in your relationships? Which relationships have a good balance of healthy boundaries and which don’t?,https://www.throughthephases.com/mindfulness-journal-prompts/,mindfulness journaling prompts,2023-08-01,2023-08-01,Esther
Communication: Think about a close relationship in your life. What does your communication with this person look like? Are there any ways that communication could be improved?,https://www.throughthephases.com/mindfulness-journal-prompts/,mindfulness journaling prompts,2023-08-01,2023-08-01,Esther
"Gratitude for relationships: Think about your closest relationships, like a romantic partner or a best friend. What qualities of these relationships are you grateful for? How do they support you? Reflect on what specifically you appreciate about each person and your relationship with them.",https://www.throughthephases.com/mindfulness-journal-prompts/,mindfulness journaling prompts,2023-08-01,2023-08-01,Esther
Conflict in relationships: Think about the last time you had a conflict or disagreement with somebody close to you. How did you feel at that moment? How do you imagine the other person might have felt?,https://www.throughthephases.com/mindfulness-journal-prompts/,mindfulness journaling prompts,2023-08-01,2023-08-01,Esther
Relationship values: Describe your biggest values when it comes to relationships. Do the relationships in your life align with these values? Are there any imbalances that need addressing?,https://www.throughthephases.com/mindfulness-journal-prompts/,mindfulness journaling prompts,2023-08-01,2023-08-01,Esther
Nurturing connections: Imagine the ideal way that you want to connect with others. How can you nurture these connections? How can you have more mindful and meaningful interactions with them?,https://www.throughthephases.com/mindfulness-journal-prompts/,mindfulness journaling prompts,2023-08-01,2023-08-01,Esther
Negative automatic thoughts: Are there any recurring negative thoughts that pop up in your life? In what areas of your life do these thoughts seem to pop up? How do they make you feel?,https://www.throughthephases.com/mindfulness-journal-prompts/,mindfulness journaling prompts,2023-08-01,2023-08-01,Esther
Limiting beliefs: What beliefs do you hold about yourself and the world that do not serve your growth? How do these beliefs hold you back? How does this make you feel?,https://www.throughthephases.com/mindfulness-journal-prompts/,mindfulness journaling prompts,2023-08-01,2023-08-01,Esther
Growth mindset: Describe a situation where you have had a growth mindset rather than a fixed mindset. How did this mindset shift change your thoughts and your behaviour?,https://www.throughthephases.com/mindfulness-journal-prompts/,mindfulness journaling prompts,2023-08-01,2023-08-01,Esther
"Noticing thought patterns: Take a few minutes to sit and observe your thoughts as they arise. Write about the thoughts that you noticed. Are they positive, negative, neutral? How do they make you feel?",https://www.throughthephases.com/mindfulness-journal-prompts/,mindfulness journaling prompts,2023-08-01,2023-08-01,Esther
"Detaching from thoughts: Practise observing your thoughts and detaching from them. Imagine them as passing clouds in the sky, or leaves floating along a mirror. Write about this experience. Did this change the impact of your thoughts on you in any way?",https://www.throughthephases.com/mindfulness-journal-prompts/,mindfulness journaling prompts,2023-08-01,2023-08-01,Esther
Overthinking: Reflect on moments when you have a tendency to overthink. How does overthinking or ruminating affect your emotions? What things help you return to the present moment during these times?,https://www.throughthephases.com/mindfulness-journal-prompts/,mindfulness journaling prompts,2023-08-01,2023-08-01,Esther
"Beginner’s mind: Approach a familiar activity or situation but imagine coming into it with a beginner’s mind, as if you’re experiencing it for the first time. Write about how this changes your experience. What thoughts came up in this different mindset?",https://www.throughthephases.com/mindfulness-journal-prompts/,mindfulness journaling prompts,2023-08-01,2023-08-01,Esther
"Values and priorities: Write a list of the values that are important to you in life, then pick the three that are most essential. How do different areas of your life (e.g. relationships, work, health) align with these values? What might bring these areas more into alignment?",https://www.throughthephases.com/mindfulness-journal-prompts/,mindfulness journaling prompts,2023-08-01,2023-08-01,Esther
"Long term goals: Write about your long term goals and reflect on how they align with your values. How do these goals make you feel? Do they feel aligned and achievable? If not, why not?",https://www.throughthephases.com/mindfulness-journal-prompts/,mindfulness journaling prompts,2023-08-01,2023-08-01,Esther
"Short term intentions: Set a specific, short term intention for the day or week. Write about how you plan to embody this intention mindfully. Afterwards, reflect on how setting this intention affected your thoughts and behaviour.",https://www.throughthephases.com/mindfulness-journal-prompts/,mindfulness journaling prompts,2023-08-01,2023-08-01,Esther
"Actionable steps: Reflect on your goals. Are there any ways that they can be broken down into smaller, more actionable steps? How does breaking down these goals make you feel?",https://www.throughthephases.com/mindfulness-journal-prompts/,mindfulness journaling prompts,2023-08-01,2023-08-01,Esther
Words on a page: Notice any critical thoughts that come up during the day and write them on the page. Experiment with writing them in different fonts and colours. Try distorting the letters and jumbling them up. What did you notice? Did this change the impact of the thoughts in any way?,https://www.throughthephases.com/mindfulness-journal-prompts/,mindfulness journaling prompts,2023-08-01,2023-08-01,Esther
Releasing expectations: Reflect on any expectations and attachments you might have regarding the outcome of your goals and intentions. How can you incorporate more mindfulness and acceptance at every stage of the process? How does letting go of expectations affect you?,https://www.throughthephases.com/mindfulness-journal-prompts/,mindfulness journaling prompts,2023-08-01,2023-08-01,Esther
Long term vision: Write about your long term vision in detail. What does your future self look like? What intentions can you set now to bring yourself closer to this version of yourself?,https://www.throughthephases.com/mindfulness-journal-prompts/,mindfulness journaling prompts,2023-08-01,2023-08-01,Esther
Self-belief: Reflect on your goals and your beliefs around achieving them. Are there any self-doubts or negative thoughts that arise when you consider your dreams? Are there any thoughts or beliefs that are supportive?,https://www.throughthephases.com/mindfulness-journal-prompts/,mindfulness journaling prompts,2023-08-01,2023-08-01,Esther
"To-do list: At the end of the day, make a mindful list of everything you want to do the next day. Reflect on how this makes you feel. Do you feel lighter or heavier?",https://www.throughthephases.com/mindfulness-journal-prompts/,mindfulness journaling prompts,2023-08-01,2023-08-01,Esther
Mindful reflection: Reflect on your life. What areas might benefit from more mindfulness and intention? How might setting intentions in these areas help you align with your values and goals?,https://www.throughthephases.com/mindfulness-journal-prompts/,mindfulness journaling prompts,2023-08-01,2023-08-01,Esther
What are some areas in your life you wish to be more mindful of?,https://www.hercampus.com/school/hawaii/journaling-prompts-for-mindfulness-in-the-holiday-season/,mindfulness journaling prompts,2021-11-25,n/a,Isabelle Stobie
"Today, I release… Tomorrow, I welcome…",https://www.hercampus.com/school/hawaii/journaling-prompts-for-mindfulness-in-the-holiday-season/,mindfulness journaling prompts,2021-11-25,n/a,Isabelle Stobie
Name 5 people in your life you are grateful for. What is it about them that makes you appreciate them so much?,https://www.hercampus.com/school/hawaii/journaling-prompts-for-mindfulness-in-the-holiday-season/,mindfulness journaling prompts,2021-11-25,n/a,Isabelle Stobie
"If your physical pain could speak to you and tell you what it needs, what would it say?",https://lonerwolf.com/mindfulness-journal-prompts/,mindfulness journaling prompts,2024-01-01,2024-01-01,Aletheia Luna
Where are you storing unexpressed or suppressed emotions in your body right now? What can you do to release these somaticized feelings?,https://lonerwolf.com/mindfulness-journal-prompts/,mindfulness journaling prompts,2024-01-01,2024-01-01,Aletheia Luna
"How is your body feeling right now? If there’s any pain in your body, write down where it’s located. What words or actions of self-care could you use to reduce your pain in the moment?",https://lonerwolf.com/mindfulness-journal-prompts/,mindfulness journaling prompts,2024-01-01,2024-01-01,Aletheia Luna
"If your physical pain was personified into a being or creature, what would it look like?",https://lonerwolf.com/mindfulness-journal-prompts/,mindfulness journaling prompts,2024-01-01,2024-01-01,Aletheia Luna
What worries you most currently? What steps can be taken to tackle this issue or calm or anxiety?,https://www.hercampus.com/school/hawaii/journaling-prompts-for-mindfulness-in-the-holiday-season/,mindfulness journaling prompts,2021-11-25,n/a,Isabelle Stobie
What part of your body feels the most anxious? What part of your body feels the most grounded and calm? How does it feel when you shift your focus back and forth?,https://lonerwolf.com/mindfulness-journal-prompts/,mindfulness journaling prompts,2024-01-01,2024-01-01,Aletheia Luna
What are three things I can do for myself today?,https://www.hercampus.com/school/hawaii/journaling-prompts-for-mindfulness-in-the-holiday-season/,mindfulness journaling prompts,2021-11-25,n/a,Isabelle Stobie
"Write down five things you can see, four things you can feel, three things you can hear, two things you can smell, and one thing you can taste.",https://lonerwolf.com/mindfulness-journal-prompts/,mindfulness journaling prompts,2024-01-01,2024-01-01,Aletheia Luna
"Tune into your breathing. Are you breathing fast, slow, or somewhere in between? What happens when you release the need to control your breath and just let it breathe the way it wants?",https://lonerwolf.com/mindfulness-journal-prompts/,mindfulness journaling prompts,2024-01-01,2024-01-01,Aletheia Luna
"Look around you slowly and name three things that are beautiful, interesting, or enjoyable to look at. How does orienting to pleasure feel in your body?",https://lonerwolf.com/mindfulness-journal-prompts/,mindfulness journaling prompts,2024-01-01,2024-01-01,Aletheia Luna
Name all the colors and shades of colors you can see around you.,https://lonerwolf.com/mindfulness-journal-prompts/,mindfulness journaling prompts,2024-01-01,2024-01-01,Aletheia Luna
What do you emotionally feel right now? Describe all the emotions that are coming up.,https://lonerwolf.com/mindfulness-journal-prompts/,mindfulness journaling prompts,2024-01-01,2024-01-01,Aletheia Luna
Name all the smells that you can pick up on for the next minute.,https://lonerwolf.com/mindfulness-journal-prompts/,mindfulness journaling prompts,2024-01-01,2024-01-01,Aletheia Luna
"If you were to give your emotions a color or texture, what would they look or feel like?",https://lonerwolf.com/mindfulness-journal-prompts/,mindfulness journaling prompts,2024-01-01,2024-01-01,Aletheia Luna
"Close your eyes and feel the weight of your body. For the next two minutes, notice every sound that comes up. Then, write down every sound you hear, no matter how loud or quiet.",https://lonerwolf.com/mindfulness-journal-prompts/,mindfulness journaling prompts,2024-01-01,2024-01-01,Aletheia Luna
Describe your feelings as if they were a landscape in lush and evocative language.,https://lonerwolf.com/mindfulness-journal-prompts/,mindfulness journaling prompts,2024-01-01,2024-01-01,Aletheia Luna
Tune into the sensations in your feet. What makes you feel more grounded: visualizing roots springing from your feet and burrowing deep into the earth or imagining that your feet weigh the same as two large boulders? Notice how this visualization makes you feel.,https://lonerwolf.com/mindfulness-journal-prompts/,mindfulness journaling prompts,2024-01-01,2024-01-01,Aletheia Luna
Imagine a loved one or beloved spirit guide sitting right in front of you. What words of encouragement or support would you need to hear from them to feel calm and at peace?,https://lonerwolf.com/mindfulness-journal-prompts/,mindfulness journaling prompts,2024-01-01,2024-01-01,Aletheia Luna
"If your emotional pain was personified into a being or creature, what would it look like? Ask it what it needs to feel better.",https://lonerwolf.com/mindfulness-journal-prompts/,mindfulness journaling prompts,2024-01-01,2024-01-01,Aletheia Luna
Visualize your inner child sitting next to you right now. What emotional state are they in? How can you be a supportive and soothing presence for them?,https://lonerwolf.com/mindfulness-journal-prompts/,mindfulness journaling prompts,2024-01-01,2024-01-01,Aletheia Luna
"List five things that you’re grateful for right now. Then, list five unexpected blessings you’ve received over the past few months.",https://lonerwolf.com/mindfulness-journal-prompts/,mindfulness journaling prompts,2024-01-01,2024-01-01,Aletheia Luna
"What 'I am' affirmation statement could help you to find calm in the storm right now? (E.g, 'I am brave,' 'I am kind to myself,' 'I am doing the best I can,' 'I am loved,' etc.)",https://lonerwolf.com/mindfulness-journal-prompts/,mindfulness journaling prompts,2024-01-01,2024-01-01,Aletheia Luna
Place a gentle hand over the part of your body that feels the most emotional turmoil. What words of kindness can you offer this part of your body?,https://lonerwolf.com/mindfulness-journal-prompts/,mindfulness journaling prompts,2024-01-01,2024-01-01,Aletheia Luna
Where do you feel your emotions most strongly in your body?,https://lonerwolf.com/mindfulness-journal-prompts/,mindfulness journaling prompts,2024-01-01,2024-01-01,Aletheia Luna
"Write three of your biggest strengths, then use them to counteract any negative thoughts that arise for the next three minutes. Record your experience.",https://lonerwolf.com/mindfulness-journal-prompts/,mindfulness journaling prompts,2024-01-01,2024-01-01,Aletheia Luna
"If you were to choose a spirit animal right now who could walk by your side and help you through the ups and downs of life, what would it be, and why?",https://lonerwolf.com/mindfulness-journal-prompts/,mindfulness journaling prompts,2024-01-01,2024-01-01,Aletheia Luna
What mantra could you say again and again to find a sense of inner peace and stability?,https://lonerwolf.com/mindfulness-journal-prompts/,mindfulness journaling prompts,2024-01-01,2024-01-01,Aletheia Luna
What are your top five values? How can you align your life right now with these values?,https://lonerwolf.com/mindfulness-journal-prompts/,mindfulness journaling prompts,2024-01-01,2024-01-01,Aletheia Luna
What quality (positive or negative) are you currently projecting onto someone else in your life? Pay attention to that which attracts or repels you in others.,https://lonerwolf.com/mindfulness-journal-prompts/,mindfulness journaling prompts,2024-01-01,2024-01-01,Aletheia Luna
What one simple and low-effort action could you take right now that your future self would thank you for?,https://lonerwolf.com/mindfulness-journal-prompts/,mindfulness journaling prompts,2024-01-01,2024-01-01,Aletheia Luna
What small change in your habits or mindset would make life feel 10% easier right now?,https://lonerwolf.com/mindfulness-journal-prompts/,mindfulness journaling prompts,2024-01-01,2024-01-01,Aletheia Luna
What part within you right now most needs your attention and compassion? Describe this part and what words of kindness you can offer.,https://lonerwolf.com/mindfulness-journal-prompts/,mindfulness journaling prompts,2024-01-01,2024-01-01,Aletheia Luna
"What does authentic happiness mean to you right now, in the present moment?",https://lonerwolf.com/mindfulness-journal-prompts/,mindfulness journaling prompts,2024-01-01,2024-01-01,Aletheia Luna
"Use a picture or describe a calming scene. It can be anything from a peaceful walk in the park to a calming waterfall in a forest. Have learners picture themselves in the scene. Then, allow them to write about what they see, feel, hear, smell, and taste.",https://www.thepathway2success.com/mindfulness-journal-ideas-you-can-try-today/,mindfulness journaling prompts,2020-01-01,2023-10-01,Pathway 2 Success
"Take a slow in-breath and out-breath. Reflect on the negative inner story your mind may be fabricating right now about yourself, others, or life. Can you find proof of the opposite?",https://lonerwolf.com/mindfulness-journal-prompts/,mindfulness journaling prompts,2024-01-01,2024-01-01,Aletheia Luna
Reflect on the sensations you felt during your last meal.,https://ottosjournal.com/mindfulness-journaling-prompts/,mindfulness journaling prompts,2024-02-04,2024-02-04,BenBen
Describe a recent experience where you felt fully engaged.,https://ottosjournal.com/mindfulness-journaling-prompts/,mindfulness journaling prompts,2024-02-04,2024-02-04,BenBen
Observe your current emotional state without judgment.,https://ottosjournal.com/mindfulness-journaling-prompts/,mindfulness journaling prompts,2024-02-04,2024-02-04,BenBen
"Focus on your breathing for a few minutes, then write about the experience.",https://ottosjournal.com/mindfulness-journaling-prompts/,mindfulness journaling prompts,2024-02-04,2024-02-04,BenBen
Notice the thoughts passing through your mind right now.,https://ottosjournal.com/mindfulness-journaling-prompts/,mindfulness journaling prompts,2024-02-04,2024-02-04,BenBen
Acknowledge any tension in your body and consider its source.,https://ottosjournal.com/mindfulness-journaling-prompts/,mindfulness journaling prompts,2024-02-04,2024-02-04,BenBen
Capture the details of a routine activity you did today.,https://ottosjournal.com/mindfulness-journaling-prompts/,mindfulness journaling prompts,2024-02-04,2024-02-04,BenBen
Listen to the sounds around you and document what you hear.,https://ottosjournal.com/mindfulness-journaling-prompts/,mindfulness journaling prompts,2024-02-04,2024-02-04,BenBen
Savor a memory that brings you joy and write about it vividly.,https://ottosjournal.com/mindfulness-journaling-prompts/,mindfulness journaling prompts,2024-02-04,2024-02-04,BenBen
"Identify what you can see, hear, touch, taste, and smell in this moment.",https://ottosjournal.com/mindfulness-journaling-prompts/,mindfulness journaling prompts,2024-02-04,2024-02-04,BenBen
Examine a recent challenge and your response to it.,https://ottosjournal.com/mindfulness-journaling-prompts/,mindfulness journaling prompts,2024-02-04,2024-02-04,BenBen
Appreciate an aspect of nature you encountered today.,https://ottosjournal.com/mindfulness-journaling-prompts/,mindfulness journaling prompts,2024-02-04,2024-02-04,BenBen
Recognize a negative thought and explore its impact on your mood.,https://ottosjournal.com/mindfulness-journaling-prompts/,mindfulness journaling prompts,2024-02-04,2024-02-04,BenBen
Connect with your aspirations and detail how they influence your choices.,https://ottosjournal.com/mindfulness-journaling-prompts/,mindfulness journaling prompts,2024-02-04,2024-02-04,BenBen
Consider the emotions you feel when you wake up and their effects.,https://ottosjournal.com/mindfulness-journaling-prompts/,mindfulness journaling prompts,2024-02-04,2024-02-04,BenBen
Investigate the reasons behind a strong emotion you felt this week.,https://ottosjournal.com/mindfulness-journaling-prompts/,mindfulness journaling prompts,2024-02-04,2024-02-04,BenBen
Visualize a place where you feel calm and describe it.,https://ottosjournal.com/mindfulness-journaling-prompts/,mindfulness journaling prompts,2024-02-04,2024-02-04,BenBen
Record the thoughts you have at the end of the day.,https://ottosjournal.com/mindfulness-journaling-prompts/,mindfulness journaling prompts,2024-02-04,2024-02-04,BenBen
Contemplate the last time you felt gratitude and express it again.,https://ottosjournal.com/mindfulness-journaling-prompts/,mindfulness journaling prompts,2024-02-04,2024-02-04,BenBen
Assess how mindfulness affects your daily interactions.,https://ottosjournal.com/mindfulness-journaling-prompts/,mindfulness journaling prompts,2024-02-04,2024-02-04,BenBen
Ponder the ways you can incorporate more mindfulness into your life.,https://ottosjournal.com/mindfulness-journaling-prompts/,mindfulness journaling prompts,2024-02-04,2024-02-04,BenBen
Embrace a part of yourself you usually overlook.,https://ottosjournal.com/mindfulness-journaling-prompts/,mindfulness journaling prompts,2024-02-04,2024-02-04,BenBen
Question what mindfulness means to you and how you can deepen your practice.,https://ottosjournal.com/mindfulness-journaling-prompts/,mindfulness journaling prompts,2024-02-04,2024-02-04,BenBen
Uncover the impact of a good deed you did or received.,https://ottosjournal.com/mindfulness-journaling-prompts/,mindfulness journaling prompts,2024-02-04,2024-02-04,BenBen
Challenge a belief you hold and explore its origins.,https://ottosjournal.com/mindfulness-journaling-prompts/,mindfulness journaling prompts,2024-02-04,2024-02-04,BenBen
Balance your expectations of the day with the reality in your journal.,https://ottosjournal.com/mindfulness-journaling-prompts/,mindfulness journaling prompts,2024-02-04,2024-02-04,BenBen
Dedicate a moment to reflect on your personal growth this month.,https://ottosjournal.com/mindfulness-journaling-prompts/,mindfulness journaling prompts,2024-02-04,2024-02-04,BenBen
Relinquish control over something you cannot change and share your feelings.,https://ottosjournal.com/mindfulness-journaling-prompts/,mindfulness journaling prompts,2024-02-04,2024-02-04,BenBen
Confront a fear and write about the experience.,https://ottosjournal.com/mindfulness-journaling-prompts/,mindfulness journaling prompts,2024-02-04,2024-02-04,BenBen
Engage with your senses by focusing on a single object and writing about it.,https://ottosjournal.com/mindfulness-journaling-prompts/,mindfulness journaling prompts,2024-02-04,2024-02-04,BenBen
Expand on what peace of mind looks like for you.,https://ottosjournal.com/mindfulness-journaling-prompts/,mindfulness journaling prompts,2024-02-04,2024-02-04,BenBen
Anchor yourself in the present and document what that feels like.,https://ottosjournal.com/mindfulness-journaling-prompts/,mindfulness journaling prompts,2024-02-04,2024-02-04,BenBen
Revisit a recent success and the steps that led to it.,https://ottosjournal.com/mindfulness-journaling-prompts/,mindfulness journaling prompts,2024-02-04,2024-02-04,BenBen
Reaffirm your intentions for the week and how you plan to achieve them.,https://ottosjournal.com/mindfulness-journaling-prompts/,mindfulness journaling prompts,2024-02-04,2024-02-04,BenBen
Integrate a lesson learned today into your journal entry.,https://ottosjournal.com/mindfulness-journaling-prompts/,mindfulness journaling prompts,2024-02-04,2024-02-04,BenBen
Absorb the emotions from a recent interaction and dissect them.,https://ottosjournal.com/mindfulness-journaling-prompts/,mindfulness journaling prompts,2024-02-04,2024-02-04,BenBen
Cherish a moment of connection with someone and describe it.,https://ottosjournal.com/mindfulness-journaling-prompts/,mindfulness journaling prompts,2024-02-04,2024-02-04,BenBen
Yield to a moment of silence and note what arises in your mind.,https://ottosjournal.com/mindfulness-journaling-prompts/,mindfulness journaling prompts,2024-02-04,2024-02-04,BenBen
Disengage from technology for a period and write about the effects.,https://ottosjournal.com/mindfulness-journaling-prompts/,mindfulness journaling prompts,2024-02-04,2024-02-04,BenBen
Yield to the flow of your day and describe how it felt.,https://ottosjournal.com/mindfulness-journaling-prompts/,mindfulness journaling prompts,2024-02-04,2024-02-04,BenBen
Harness the power of a positive thought and expand on it.,https://ottosjournal.com/mindfulness-journaling-prompts/,mindfulness journaling prompts,2024-02-04,2024-02-04,BenBen
Illustrate the change in your mood from morning to evening.,https://ottosjournal.com/mindfulness-journaling-prompts/,mindfulness journaling prompts,2024-02-04,2024-02-04,BenBen
Unveil a habit you’d like to change and ponder its influence on your presence.,https://ottosjournal.com/mindfulness-journaling-prompts/,mindfulness journaling prompts,2024-02-04,2024-02-04,BenBen
Summon a sense of compassion for yourself and journal about the experience.,https://ottosjournal.com/mindfulness-journaling-prompts/,mindfulness journaling prompts,2024-02-04,2024-02-04,BenBen
Quell your inner critic by writing a compassionate letter to yourself.,https://ottosjournal.com/mindfulness-journaling-prompts/,mindfulness journaling prompts,2024-02-04,2024-02-04,BenBen
Navigate through your past week and find moments of mindfulness to celebrate.,https://ottosjournal.com/mindfulness-journaling-prompts/,mindfulness journaling prompts,2024-02-04,2024-02-04,BenBen
What were some of the challenges? How did I handle them?,https://www.quora.com/What-are-the-most-useful-journal-prompts-for-mental-health,mindfulness journaling prompts,n/a,n/a,Shanon Page
What is something I absolutely don’t want to forget about today?,https://www.quora.com/What-are-the-most-useful-journal-prompts-for-mental-health,mindfulness journaling prompts,n/a,n/a,Shanon Page
Therapy dump (on days I have a session) What did I discuss? What observations/awareness did I make?,https://www.quora.com/What-are-the-most-useful-journal-prompts-for-mental-health,mindfulness journaling prompts,n/a,n/a,Shanon Page
What Self-Care did I do today?,https://www.quora.com/What-are-the-most-useful-journal-prompts-for-mental-health,mindfulness journaling prompts,n/a,n/a,Shanon Page
I am happiest when…,https://www.quora.com/What-are-the-most-useful-journal-prompts-for-mental-health,mindfulness journaling prompts,n/a,n/a,Shanon Page
I usually feel angry when…,https://www.quora.com/What-are-the-most-useful-journal-prompts-for-mental-health,mindfulness journaling prompts,n/a,n/a,Shanon Page
What I like about myself is…,https://www.quora.com/What-are-the-most-useful-journal-prompts-for-mental-health,mindfulness journaling prompts,n/a,n/a,Shanon Page
Something that’s troubling me right now...,https://www.quora.com/What-are-the-most-useful-journal-prompts-for-mental-health,mindfulness journaling prompts,n/a,n/a,Shanon Page
What I don’t like about myself is…,https://www.quora.com/What-are-the-most-useful-journal-prompts-for-mental-health,mindfulness journaling prompts,n/a,n/a,Shanon Page
Someone from my past who I’d like to see again is…,https://www.quora.com/What-are-the-most-useful-journal-prompts-for-mental-health,mindfulness journaling prompts,n/a,n/a,Shanon Page
"When I think of the past, I think about…",https://www.quora.com/What-are-the-most-useful-journal-prompts-for-mental-health,mindfulness journaling prompts,n/a,n/a,Shanon Page
"When I think of the future, I think about…",https://www.quora.com/What-are-the-most-useful-journal-prompts-for-mental-health,mindfulness journaling prompts,n/a,n/a,Shanon Page
"If I went back in time and saw myself as a child, I would tell myself that…",https://www.quora.com/What-are-the-most-useful-journal-prompts-for-mental-health,mindfulness journaling prompts,n/a,n/a,Shanon Page
I feel very grateful for...,https://www.quora.com/What-are-the-most-useful-journal-prompts-for-mental-health,mindfulness journaling prompts,n/a,n/a,Shanon Page
I feel truly proud of...,https://www.quora.com/What-are-the-most-useful-journal-prompts-for-mental-health,mindfulness journaling prompts,n/a,n/a,Shanon Page
I regret that...,https://www.quora.com/What-are-the-most-useful-journal-prompts-for-mental-health,mindfulness journaling prompts,n/a,n/a,Shanon Page
My fear is that...,https://www.quora.com/What-are-the-most-useful-journal-prompts-for-mental-health,mindfulness journaling prompts,n/a,n/a,Shanon Page
I felt really moved when…,https://www.quora.com/What-are-the-most-useful-journal-prompts-for-mental-health,mindfulness journaling prompts,n/a,n/a,Shanon Page
Something I don’t like talking about is…,https://www.quora.com/What-are-the-most-useful-journal-prompts-for-mental-health,mindfulness journaling prompts,n/a,n/a,Shanon Page
My ideal self would…,https://www.quora.com/What-are-the-most-useful-journal-prompts-for-mental-health,mindfulness journaling prompts,n/a,n/a,Shanon Page
Ten things I can do to take care of myself are…,https://www.quora.com/What-are-the-most-useful-journal-prompts-for-mental-health,mindfulness journaling prompts,n/a,n/a,Shanon Page
The most important thing for me to experience in my life is …,https://www.quora.com/What-are-the-most-useful-journal-prompts-for-mental-health,mindfulness journaling prompts,n/a,n/a,Shanon Page
A time I felt extremely content was …,https://www.quora.com/What-are-the-most-useful-journal-prompts-for-mental-health,mindfulness journaling prompts,n/a,n/a,Shanon Page
What is something you could never live without?,https://www.quora.com/What-are-the-most-useful-journal-prompts-for-mental-health,mindfulness journaling prompts,n/a,n/a,Shanon Page
What has been your biggest lesson in your mental health journey?,https://www.quora.com/What-are-the-most-useful-journal-prompts-for-mental-health,mindfulness journaling prompts,n/a,n/a,Shanon Page
How can you create more peace in your life?,https://www.quora.com/What-are-the-most-useful-journal-prompts-for-mental-health,mindfulness journaling prompts,n/a,n/a,Shanon Page
What quality do you have that you wished more people had?,https://www.quora.com/What-are-the-most-useful-journal-prompts-for-mental-health,mindfulness journaling prompts,n/a,n/a,Shanon Page
What is the worst thing someone else did to you?,https://www.quora.com/What-are-the-most-useful-journal-prompts-for-mental-health,mindfulness journaling prompts,n/a,n/a,Shanon Page
"What is the worst thing you have ever done, something that you wish you could take back?",https://www.quora.com/What-are-the-most-useful-journal-prompts-for-mental-health,mindfulness journaling prompts,n/a,n/a,Shanon Page
What quality do you admire in others that you wished you had?,https://www.quora.com/What-are-the-most-useful-journal-prompts-for-mental-health,mindfulness journaling prompts,n/a,n/a,Shanon Page
What do you think keeps you going when you want to stop trying?,https://www.quora.com/What-are-the-most-useful-journal-prompts-for-mental-health,mindfulness journaling prompts,n/a,n/a,Shanon Page
What are some things you say no to because of your stress and anxiety?,https://www.quora.com/What-are-the-most-useful-journal-prompts-for-mental-health,mindfulness journaling prompts,n/a,n/a,Shanon Page
What feelings or emotions do you have in the middle of the night when you wake up?,https://www.quora.com/What-are-the-most-useful-journal-prompts-for-mental-health,mindfulness journaling prompts,n/a,n/a,Shanon Page
What are three big things going on in my life right now?,https://www.quora.com/What-are-the-most-useful-journal-prompts-for-mental-health,mindfulness journaling prompts,n/a,n/a,Shanon Page
What was the happiest moment of today?,https://www.quora.com/What-are-the-most-useful-journal-prompts-for-mental-health,mindfulness journaling prompts,n/a,n/a,Shanon Page
What was the worst book I read recently and why did I not like it?,https://www.quora.com/What-are-the-most-useful-journal-prompts-for-mental-health,mindfulness journaling prompts,n/a,n/a,Shanon Page
What was the most frustrating moment of today?,https://www.quora.com/What-are-the-most-useful-journal-prompts-for-mental-health,mindfulness journaling prompts,n/a,n/a,Shanon Page
What was the best book I read recently and why was it so great?,https://www.quora.com/What-are-the-most-useful-journal-prompts-for-mental-health,mindfulness journaling prompts,n/a,n/a,Shanon Page
What do I want to accomplish in the next week/month/year?,https://www.quora.com/What-are-the-most-useful-journal-prompts-for-mental-health,mindfulness journaling prompts,n/a,n/a,Shanon Page
How will I feel when I accomplish those things?,https://www.quora.com/What-are-the-most-useful-journal-prompts-for-mental-health,mindfulness journaling prompts,n/a,n/a,Shanon Page
What habits do I have? What habits do I want to have?,https://www.quora.com/What-are-the-most-useful-journal-prompts-for-mental-health,mindfulness journaling prompts,n/a,n/a,Shanon Page
Why do I want to accomplish that/those thing(s)?,https://www.quora.com/What-are-the-most-useful-journal-prompts-for-mental-health,mindfulness journaling prompts,n/a,n/a,Shanon Page
What is my favorite food? Why? What are memories I have of eating that food? Who was I with? How did I feel?,https://www.quora.com/What-are-the-most-useful-journal-prompts-for-mental-health,mindfulness journaling prompts,n/a,n/a,Shanon Page
What is my favorite moment of daily life? Why? How can I extend this moment or incorporate it into other parts of my day?,https://www.quora.com/What-are-the-most-useful-journal-prompts-for-mental-health,mindfulness journaling prompts,n/a,n/a,Shanon Page
Write about conversations you overhear. Imagine the context and situation behind those conversations. Imagine what the people having the conversation are like. Imagine a completely different understanding of what they’re saying. Imagine the events leading up to that conversation. Write about people you see. What might they be feeling? What might their lives be like? Write about places you go. Who else has been there? What was their experience of that place?,https://www.quora.com/What-are-the-most-useful-journal-prompts-for-mental-health,mindfulness journaling prompts,n/a,n/a,Shanon Page
What would be my perfect day?,https://www.quora.com/What-are-the-most-useful-journal-prompts-for-mental-health,mindfulness journaling prompts,n/a,n/a,Shanon Page
"What is my favorite color? Why? What does it make me feel? What are common feelings associated with this color? Does it make me feel that way? (e.g., red → anger, blue → sadness, etc.)",https://www.quora.com/What-are-the-most-useful-journal-prompts-for-mental-health,mindfulness journaling prompts,n/a,n/a,Shanon Page
Why don’t I have time to journal?,https://www.quora.com/What-are-the-most-useful-journal-prompts-for-mental-health,mindfulness journaling prompts,n/a,n/a,Shanon Page
Who am I today? What do I want to be tomorrow?,https://www.quora.com/What-are-the-most-useful-journal-prompts-for-mental-health,mindfulness journaling prompts,n/a,n/a,Shanon Page
What is my body telling me?,https://www.quora.com/What-are-the-most-useful-journal-prompts-for-mental-health,mindfulness journaling prompts,n/a,n/a,Shanon Page
How can I forgive myself or someone else?,https://www.quora.com/What-are-the-most-useful-journal-prompts-for-mental-health,mindfulness journaling prompts,n/a,n/a,Shanon Page
How can I know I’m free?,https://www.quora.com/What-are-the-most-useful-journal-prompts-for-mental-health,mindfulness journaling prompts,n/a,n/a,Shanon Page
How do I know I’m on the right track?,https://www.quora.com/What-are-the-most-useful-journal-prompts-for-mental-health,mindfulness journaling prompts,n/a,n/a,Shanon Page
What part of me do I want to express?,https://www.quora.com/What-are-the-most-useful-journal-prompts-for-mental-health,mindfulness journaling prompts,n/a,n/a,Shanon Page
What do I want someone to know about me?,https://www.quora.com/What-are-the-most-useful-journal-prompts-for-mental-health,mindfulness journaling prompts,n/a,n/a,Shanon Page
What does spirituality mean to me?,https://www.quora.com/What-are-the-most-useful-journal-prompts-for-mental-health,mindfulness journaling prompts,n/a,n/a,Shanon Page
How can I experience more love?,https://www.quora.com/What-are-the-most-useful-journal-prompts-for-mental-health,mindfulness journaling prompts,n/a,n/a,Shanon Page
What do I need to communicate?,https://www.quora.com/What-are-the-most-useful-journal-prompts-for-mental-health,mindfulness journaling prompts,n/a,n/a,Shanon Page
What do I want out of today?,https://www.quora.com/What-are-the-most-useful-journal-prompts-for-mental-health,mindfulness journaling prompts,n/a,n/a,Shanon Page
Describe a moment when you felt truly happy.,https://www.quora.com/What-are-the-most-useful-journal-prompts-for-mental-health,mindfulness journaling prompts,n/a,n/a,Shanon Page
What is my dream?,https://www.quora.com/What-are-the-most-useful-journal-prompts-for-mental-health,mindfulness journaling prompts,n/a,n/a,Shanon Page
What part of my life is really working?,https://www.quora.com/What-are-the-most-useful-journal-prompts-for-mental-health,mindfulness journaling prompts,n/a,n/a,Shanon Page
What are three things I want to add to my daily routine?,https://www.quora.com/What-are-the-most-useful-journal-prompts-for-mental-health,mindfulness journaling prompts,n/a,n/a,Shanon Page
Write a love letter to your future self to congratulate yourself on all the success.,https://www.quora.com/What-are-the-most-useful-journal-prompts-for-mental-health,mindfulness journaling prompts,n/a,n/a,Shanon Page
What makes my heart sing?,https://www.quora.com/What-are-the-most-useful-journal-prompts-for-mental-health,mindfulness journaling prompts,n/a,n/a,Shanon Page
How I am feeling now and what can I do to make things better?,https://www.quora.com/What-are-the-most-useful-journal-prompts-for-mental-health,mindfulness journaling prompts,n/a,n/a,Shanon Page
What can you do today that will help you to create joy?,https://www.quora.com/What-are-the-most-useful-journal-prompts-for-mental-health,mindfulness journaling prompts,n/a,n/a,Shanon Page
Make the list of the things that you are grateful for and why?,https://www.quora.com/What-are-the-most-useful-journal-prompts-for-mental-health,mindfulness journaling prompts,n/a,n/a,Shanon Page
What is the definition of success for you?,https://www.quora.com/What-are-the-most-useful-journal-prompts-for-mental-health,mindfulness journaling prompts,n/a,n/a,Shanon Page
"Tell the story that you want to create for yourself, go in the future, visualize it and write it?",https://www.quora.com/What-are-the-most-useful-journal-prompts-for-mental-health,mindfulness journaling prompts,n/a,n/a,Shanon Page
Who are your favorite people and what quality you like in them?,https://www.quora.com/What-are-the-most-useful-journal-prompts-for-mental-health,mindfulness journaling prompts,n/a,n/a,Shanon Page
How do you handle failure?,https://www.quora.com/What-are-the-most-useful-journal-prompts-for-mental-health,mindfulness journaling prompts,n/a,n/a,Shanon Page
Make a list of strengths you have and how each one is helpful in your life?,https://www.quora.com/What-are-the-most-useful-journal-prompts-for-mental-health,mindfulness journaling prompts,n/a,n/a,Shanon Page
What thing I want to add in this month to make my life beautiful?,https://www.quora.com/What-are-the-most-useful-journal-prompts-for-mental-health,mindfulness journaling prompts,n/a,n/a,Shanon Page
How do you practice self-love daily?,https://www.quora.com/What-are-the-most-useful-journal-prompts-for-mental-health,mindfulness journaling prompts,n/a,n/a,Shanon Page
If you have unlimited money then what can you do with it? Imagine your one day with unlimited money?,https://www.quora.com/What-are-the-most-useful-journal-prompts-for-mental-health,mindfulness journaling prompts,n/a,n/a,Shanon Page
If you have only one year to live than how will you live it?,https://www.quora.com/What-are-the-most-useful-journal-prompts-for-mental-health,mindfulness journaling prompts,n/a,n/a,Shanon Page
What is your biggest insecurity?,https://www.quora.com/What-are-the-most-useful-journal-prompts-for-mental-health,mindfulness journaling prompts,n/a,n/a,Shanon Page
If you want to dedicate a song to you. What will be that song and why you dedicated it to you?,https://www.quora.com/What-are-the-most-useful-journal-prompts-for-mental-health,mindfulness journaling prompts,n/a,n/a,Shanon Page
How do you express your creativity?,https://www.quora.com/What-are-the-most-useful-journal-prompts-for-mental-health,mindfulness journaling prompts,n/a,n/a,Shanon Page
How do you react to criticism?,https://www.quora.com/What-are-the-most-useful-journal-prompts-for-mental-health,mindfulness journaling prompts,n/a,n/a,Shanon Page
If you have everything that you need then how your whole day will look like?,https://www.quora.com/What-are-the-most-useful-journal-prompts-for-mental-health,mindfulness journaling prompts,n/a,n/a,Shanon Page
What do you really need to hear right now?,https://www.quora.com/What-are-the-most-useful-journal-prompts-for-mental-health,mindfulness journaling prompts,n/a,n/a,Shanon Page
How do you wish others describe you?,https://www.quora.com/What-are-the-most-useful-journal-prompts-for-mental-health,mindfulness journaling prompts,n/a,n/a,Shanon Page
List 3 things that you want to add to your daily routine?,https://www.quora.com/What-are-the-most-useful-journal-prompts-for-mental-health,mindfulness journaling prompts,n/a,n/a,Shanon Page
Who is your inspiration and what qualities you like in him/her?,https://www.quora.com/What-are-the-most-useful-journal-prompts-for-mental-health,mindfulness journaling prompts,n/a,n/a,Shanon Page
When something goes wrong then what things you say to yourself and in this same situation what will you say to your friend?,https://www.quora.com/What-are-the-most-useful-journal-prompts-for-mental-health,mindfulness journaling prompts,n/a,n/a,Shanon Page
Write a love letter to your future self to congratulate about all the success?,https://www.quora.com/What-are-the-most-useful-journal-prompts-for-mental-health,mindfulness journaling prompts,n/a,n/a,Shanon Page
What is something you learned from a mistake?,https://www.etsy.com/listing/846470046/mindfulness-journal-for-kids-digital,mindfulness journaling prompts,2025-05-08,2025-05-08,Anna
What are you grateful for today?,https://www.etsy.com/listing/846470046/mindfulness-journal-for-kids-digital,mindfulness journaling prompts,2025-05-08,2025-05-08,Anna
What is your favorite memory?,https://www.etsy.com/listing/846470046/mindfulness-journal-for-kids-digital,mindfulness journaling prompts,2025-05-08,2025-05-08,Anna
Where would you like to travel and why?,https://www.etsy.com/listing/846470046/mindfulness-journal-for-kids-digital,mindfulness journaling prompts,2025-05-08,2025-05-08,Anna
Describe a moment when you felt truly happy?,https://www.quora.com/What-are-the-most-useful-journal-prompts-for-mental-health,mindfulness journaling prompts,n/a,n/a,Shanon Page
What emotion feels most powerful to you today? Describe what you are feeling.,https://www.milkglassandmimosas.com/mindfulness-journal-prompts/,mindfulness journaling prompts,2024-08-05,n/a,Erin
Describe a moment from today that made you smile.,https://www.milkglassandmimosas.com/mindfulness-journal-prompts/,mindfulness journaling prompts,2024-08-05,n/a,Erin
What is one thing you will do/have done for yourself today?,https://www.milkglassandmimosas.com/mindfulness-journal-prompts/,mindfulness journaling prompts,2024-08-05,n/a,Erin
Write about a challenge you faced recently and how you overcame it.,https://www.milkglassandmimosas.com/mindfulness-journal-prompts/,mindfulness journaling prompts,2024-08-05,n/a,Erin
Reflect on a positive affirmation that resonates with you. How can you apply it to your life?,https://www.milkglassandmimosas.com/mindfulness-journal-prompts/,mindfulness journaling prompts,2024-08-05,n/a,Erin
How can you practice kindness toward yourself today?,https://www.milkglassandmimosas.com/mindfulness-journal-prompts/,mindfulness journaling prompts,2024-08-05,n/a,Erin
Describe a peaceful place where you feel safe and relaxed.,https://www.milkglassandmimosas.com/mindfulness-journal-prompts/,mindfulness journaling prompts,2024-08-05,n/a,Erin
"What are your top three personal strengths, and how do they support you?",https://www.milkglassandmimosas.com/mindfulness-journal-prompts/,mindfulness journaling prompts,2024-08-05,n/a,Erin
"What emotions are you feeling right now, and what might they be trying to tell you?",https://www.milkglassandmimosas.com/mindfulness-journal-prompts/,mindfulness journaling prompts,2024-08-05,n/a,Erin
Write about a recent accomplishment and celebrate how far you’ve come.,https://www.milkglassandmimosas.com/mindfulness-journal-prompts/,mindfulness journaling prompts,2024-08-05,n/a,Erin
How can you bring more joy into your day today?,https://www.milkglassandmimosas.com/mindfulness-journal-prompts/,mindfulness journaling prompts,2024-08-05,n/a,Erin
Describe a person who inspires you and why.,https://www.milkglassandmimosas.com/mindfulness-journal-prompts/,mindfulness journaling prompts,2024-08-05,n/a,Erin
"What does balance look like in your life, and how can you achieve it?",https://www.milkglassandmimosas.com/mindfulness-journal-prompts/,mindfulness journaling prompts,2024-08-05,n/a,Erin
What is one area of your life where you’d like to practice more mindfulness?,https://www.milkglassandmimosas.com/mindfulness-journal-prompts/,mindfulness journaling prompts,2024-08-05,n/a,Erin
Reflect on a time when you felt truly present. What made that moment special?,https://www.milkglassandmimosas.com/mindfulness-journal-prompts/,mindfulness journaling prompts,2024-08-05,n/a,Erin
How can you make your workspace more peaceful and inviting?,https://www.milkglassandmimosas.com/mindfulness-journal-prompts/,mindfulness journaling prompts,2024-08-05,n/a,Erin
Write a letter to your future self talking about your hopes and dreams.,https://www.milkglassandmimosas.com/mindfulness-journal-prompts/,mindfulness journaling prompts,2024-08-05,n/a,Erin
Describe something kind someone has done for you recently. How did it make you feel?,https://www.milkglassandmimosas.com/mindfulness-journal-prompts/,mindfulness journaling prompts,2024-08-05,n/a,Erin
How can you make your home more welcoming to yourself and others?,https://www.milkglassandmimosas.com/mindfulness-journal-prompts/,mindfulness journaling prompts,2024-08-05,n/a,Erin
Describe a recent experience that taught you something new about yourself.,https://www.milkglassandmimosas.com/mindfulness-journal-prompts/,mindfulness journaling prompts,2024-08-05,n/a,Erin
What are you most excited about right now?,https://www.milkglassandmimosas.com/mindfulness-journal-prompts/,mindfulness journaling prompts,2024-08-05,n/a,Erin
"How do you define success, and how does it align with your values?",https://www.milkglassandmimosas.com/mindfulness-journal-prompts/,mindfulness journaling prompts,2024-08-05,n/a,Erin
Write about a meaningful conversation you had recently and what you learned from it.,https://www.milkglassandmimosas.com/mindfulness-journal-prompts/,mindfulness journaling prompts,2024-08-05,n/a,Erin
"What self-limiting beliefs might be holding you back, and how can you challenge them?",https://www.milkglassandmimosas.com/mindfulness-journal-prompts/,mindfulness journaling prompts,2024-08-05,n/a,Erin
How can you incorporate more creativity into your life?,https://www.milkglassandmimosas.com/mindfulness-journal-prompts/,mindfulness journaling prompts,2024-08-05,n/a,Erin
"What does your ideal day look like, and what steps can you take to make it a reality?",https://www.milkglassandmimosas.com/mindfulness-journal-prompts/,mindfulness journaling prompts,2024-08-05,n/a,Erin
What is your favorite thing that happened today? How did you feel in that moment?,https://www.milkglassandmimosas.com/mindfulness-journal-prompts/,mindfulness journaling prompts,2024-08-05,n/a,Erin
What are three things you can let go of today to lighten your emotional load?,https://www.milkglassandmimosas.com/mindfulness-journal-prompts/,mindfulness journaling prompts,2024-08-05,n/a,Erin
Describe a hobby or activity that brings you joy and how you can make more time for it.,https://www.milkglassandmimosas.com/mindfulness-journal-prompts/,mindfulness journaling prompts,2024-08-05,n/a,Erin
"How do you handle stress, and what techniques help you stay grounded?",https://www.milkglassandmimosas.com/mindfulness-journal-prompts/,mindfulness journaling prompts,2024-08-05,n/a,Erin
How can you be more present in your interactions with others?,https://www.milkglassandmimosas.com/mindfulness-journal-prompts/,mindfulness journaling prompts,2024-08-05,n/a,Erin
Write about a recent situation where you felt calm and centered.,https://www.milkglassandmimosas.com/mindfulness-journal-prompts/,mindfulness journaling prompts,2024-08-05,n/a,Erin
What are you most proud of in your personal growth journey?,https://www.milkglassandmimosas.com/mindfulness-journal-prompts/,mindfulness journaling prompts,2024-08-05,n/a,Erin
"What are three qualities you admire in others, and how can you cultivate them in yourself?",https://www.milkglassandmimosas.com/mindfulness-journal-prompts/,mindfulness journaling prompts,2024-08-05,n/a,Erin
Describe a dream or goal you’re working toward and how you’re staying motivated.,https://www.milkglassandmimosas.com/mindfulness-journal-prompts/,mindfulness journaling prompts,2024-08-05,n/a,Erin
"What are your favorite ways to practice mindfulness, and how do they benefit you?",https://www.milkglassandmimosas.com/mindfulness-journal-prompts/,mindfulness journaling prompts,2024-08-05,n/a,Erin
How can you create more moments of stillness in your day?,https://www.milkglassandmimosas.com/mindfulness-journal-prompts/,mindfulness journaling prompts,2024-08-05,n/a,Erin
How can you use mindfulness to improve your relationships?,https://www.milkglassandmimosas.com/mindfulness-journal-prompts/,mindfulness journaling prompts,2024-08-05,n/a,Erin
What is one thing you love about yourself?,https://www.milkglassandmimosas.com/mindfulness-journal-prompts/,mindfulness journaling prompts,2024-08-05,n/a,Erin
Write about a recent moment of joy and how you can invite more of that into your life.,https://www.milkglassandmimosas.com/mindfulness-journal-prompts/,mindfulness journaling prompts,2024-08-05,n/a,Erin
"What does a fulfilling life look like to you, and how are you working toward it?",https://www.milkglassandmimosas.com/mindfulness-journal-prompts/,mindfulness journaling prompts,2024-08-05,n/a,Erin
"Describe a recent achievement, no matter how small, and celebrate it.",https://www.milkglassandmimosas.com/mindfulness-journal-prompts/,mindfulness journaling prompts,2024-08-05,n/a,Erin
"Write about a book, quote, or piece of advice that has impacted you recently.",https://www.milkglassandmimosas.com/mindfulness-journal-prompts/,mindfulness journaling prompts,2024-08-05,n/a,Erin
"What are your favorite self-care practices, and how can you make them a regular part of your routine?",https://www.milkglassandmimosas.com/mindfulness-journal-prompts/,mindfulness journaling prompts,2024-08-05,n/a,Erin
How can you be more compassionate toward yourself during challenging times?,https://www.milkglassandmimosas.com/mindfulness-journal-prompts/,mindfulness journaling prompts,2024-08-05,n/a,Erin
How can you practice patience with yourself and others today?,https://www.milkglassandmimosas.com/mindfulness-journal-prompts/,mindfulness journaling prompts,2024-08-05,n/a,Erin
What are three things that make you feel grounded and connected?,https://www.milkglassandmimosas.com/mindfulness-journal-prompts/,mindfulness journaling prompts,2024-08-05,n/a,Erin
"What is one new mindfulness technique you’d like to try, and how do you plan to implement it?",https://www.milkglassandmimosas.com/mindfulness-journal-prompts/,mindfulness journaling prompts,2024-08-05,n/a,Erin
How can you incorporate mindfulness into your work or daily responsibilities?,https://www.milkglassandmimosas.com/mindfulness-journal-prompts/,mindfulness journaling prompts,2024-08-05,n/a,Erin
Reflect on a recent change in your life and how it has impacted you.,https://www.milkglassandmimosas.com/mindfulness-journal-prompts/,mindfulness journaling prompts,2024-08-05,n/a,Erin
What are three things you love about your life right now?,https://www.milkglassandmimosas.com/mindfulness-journal-prompts/,mindfulness journaling prompts,2024-08-05,n/a,Erin
Describe how you envision your life in five years and the steps you can take to move toward that vision.,https://www.milkglassandmimosas.com/mindfulness-journal-prompts/,mindfulness journaling prompts,2024-08-05,n/a,Erin
Notice any recurring thoughts that may be causing you stress.,https://ottosjournal.com/mindfulness-journal-prompts-for-adults/,mindfulness journaling prompts,2024-02-04,2024-02-04,Ben
Appreciate a simple pleasure that you experienced today.,https://ottosjournal.com/mindfulness-journal-prompts-for-adults/,mindfulness journaling prompts,2024-02-04,2024-02-04,Ben
Reflect on a moment today when you felt at peace.,https://ottosjournal.com/mindfulness-journal-prompts-for-adults/,mindfulness journaling prompts,2024-02-04,2024-02-04,Ben
Examine an area of your life where you’d like to be more mindful.,https://ottosjournal.com/mindfulness-journal-prompts-for-adults/,mindfulness journaling prompts,2024-02-04,2024-02-04,Ben
Acknowledge a recent situation where you reacted mindfully.,https://ottosjournal.com/mindfulness-journal-prompts-for-adults/,mindfulness journaling prompts,2024-02-04,2024-02-04,Ben
Capture the essence of a meaningful conversation you had recently.,https://ottosjournal.com/mindfulness-journal-prompts-for-adults/,mindfulness journaling prompts,2024-02-04,2024-02-04,Ben
Describe a challenge you faced today and how you felt about it.,https://ottosjournal.com/mindfulness-journal-prompts-for-adults/,mindfulness journaling prompts,2024-02-04,2024-02-04,Ben
Consider the last time you felt truly grateful and why.,https://ottosjournal.com/mindfulness-journal-prompts-for-adults/,mindfulness journaling prompts,2024-02-04,2024-02-04,Ben
Record a small victory or success from your day.,https://ottosjournal.com/mindfulness-journal-prompts-for-adults/,mindfulness journaling prompts,2024-02-04,2024-02-04,Ben
Visualize where you see yourself in five years and what steps will take you there.,https://ottosjournal.com/mindfulness-journal-prompts-for-adults/,mindfulness journaling prompts,2024-02-04,2024-02-04,Ben
"Focus on your breath for a few minutes, then write about the experience.",https://ottosjournal.com/mindfulness-journal-prompts-for-adults/,mindfulness journaling prompts,2024-02-04,2024-02-04,Ben
Identify a personal strength and how it helped you in your day.,https://ottosjournal.com/mindfulness-journal-prompts-for-adults/,mindfulness journaling prompts,2024-02-04,2024-02-04,Ben
Savor a memory that brings you joy and detail it in your journal.,https://ottosjournal.com/mindfulness-journal-prompts-for-adults/,mindfulness journaling prompts,2024-02-04,2024-02-04,Ben
Observe the emotions you feel at the end of a workday.,https://ottosjournal.com/mindfulness-journal-prompts-for-adults/,mindfulness journaling prompts,2024-02-04,2024-02-04,Ben
Question a belief or assumption you hold and explore its origins.,https://ottosjournal.com/mindfulness-journal-prompts-for-adults/,mindfulness journaling prompts,2024-02-04,2024-02-04,Ben
Connect with your intentions for the week and how you plan to fulfill them.,https://ottosjournal.com/mindfulness-journal-prompts-for-adults/,mindfulness journaling prompts,2024-02-04,2024-02-04,Ben
Release any judgment you have about yourself and write a self-compassionate note.,https://ottosjournal.com/mindfulness-journal-prompts-for-adults/,mindfulness journaling prompts,2024-02-04,2024-02-04,Ben
Relinquish control over something you cannot change and express your feelings.,https://ottosjournal.com/mindfulness-journal-prompts-for-adults/,mindfulness journaling prompts,2024-02-04,2024-02-04,Ben
Ponder the ways you can bring more mindfulness into your relationships.,https://ottosjournal.com/mindfulness-journal-prompts-for-adults/,mindfulness journaling prompts,2024-02-04,2024-02-04,Ben
Challenge yourself to step out of your comfort zone and reflect on the outcome.,https://ottosjournal.com/mindfulness-journal-prompts-for-adults/,mindfulness journaling prompts,2024-02-04,2024-02-04,Ben
Embrace change by writing about a recent transition in your life.,https://ottosjournal.com/mindfulness-journal-prompts-for-adults/,mindfulness journaling prompts,2024-02-04,2024-02-04,Ben
Investigate the impact of a good deed you performed or witnessed.,https://ottosjournal.com/mindfulness-journal-prompts-for-adults/,mindfulness journaling prompts,2024-02-04,2024-02-04,Ben
Yield to a moment of silence and note what arises in your mind.,https://ottosjournal.com/mindfulness-journal-prompts-for-adults/,mindfulness journaling prompts,2024-02-04,2024-02-04,Ben
Anchor yourself in the present and describe what it feels like to be here now.,https://ottosjournal.com/mindfulness-journal-prompts-for-adults/,mindfulness journaling prompts,2024-02-04,2024-02-04,Ben
Balance your needs with the needs of others and reflect on how you manage this.,https://ottosjournal.com/mindfulness-journal-prompts-for-adults/,mindfulness journaling prompts,2024-02-04,2024-02-04,Ben
Expand on what self-care looks like for you and how you can practice it more.,https://ottosjournal.com/mindfulness-journal-prompts-for-adults/,mindfulness journaling prompts,2024-02-04,2024-02-04,Ben
Revisit a goal you had set for yourself and evaluate your progress.,https://ottosjournal.com/mindfulness-journal-prompts-for-adults/,mindfulness journaling prompts,2024-02-04,2024-02-04,Ben
Kindle a sense of hope by writing about something you’re looking forward to.,https://ottosjournal.com/mindfulness-journal-prompts-for-adults/,mindfulness journaling prompts,2024-02-04,2024-02-04,Ben
Navigate through your past week and find moments of mindfulness to celebrate.,https://ottosjournal.com/mindfulness-journal-prompts-for-adults/,mindfulness journaling prompts,2024-02-04,2024-02-04,Ben
Illustrate how you’ve grown over the past year.,https://ottosjournal.com/mindfulness-journal-prompts-for-adults/,mindfulness journaling prompts,2024-02-04,2024-02-04,Ben
Summon a sense of calm by recalling a place that makes you feel serene.,https://ottosjournal.com/mindfulness-journal-prompts-for-adults/,mindfulness journaling prompts,2024-02-04,2024-02-04,Ben
Absorb the details of your current surroundings and describe them.,https://ottosjournal.com/mindfulness-journal-prompts-for-adults/,mindfulness journaling prompts,2024-02-04,2024-02-04,Ben
Quell your worries by writing about them and then reframing them positively.,https://ottosjournal.com/mindfulness-journal-prompts-for-adults/,mindfulness journaling prompts,2024-02-04,2024-02-04,Ben
Harness the power of positive thinking by listing things that went well today.,https://ottosjournal.com/mindfulness-journal-prompts-for-adults/,mindfulness journaling prompts,2024-02-04,2024-02-04,Ben
Unveil a dream or aspiration you have and the steps you could take toward it.,https://ottosjournal.com/mindfulness-journal-prompts-for-adults/,mindfulness journaling prompts,2024-02-04,2024-02-04,Ben
Anchor your reflections on a recent act of kindness you received.,https://ottosjournal.com/mindfulness-journal-prompts-for-adults/,mindfulness journaling prompts,2024-02-04,2024-02-04,Ben
Yield to the flow of your day and describe how letting go of resistance felt.,https://ottosjournal.com/mindfulness-journal-prompts-for-adults/,mindfulness journaling prompts,2024-02-04,2024-02-04,Ben
Align your daily actions with your core values and reflect on this process.,https://ottosjournal.com/mindfulness-journal-prompts-for-adults/,mindfulness journaling prompts,2024-02-04,2024-02-04,Ben
Reaffirm your personal boundaries and why they are important to you.,https://ottosjournal.com/mindfulness-journal-prompts-for-adults/,mindfulness journaling prompts,2024-02-04,2024-02-04,Ben
Integrate a new mindfulness technique into your routine and write about its effects.,https://ottosjournal.com/mindfulness-journal-prompts-for-adults/,mindfulness journaling prompts,2024-02-04,2024-02-04,Ben
Uncover the reasons behind a recent emotional reaction.,https://ottosjournal.com/mindfulness-journal-prompts-for-adults/,mindfulness journaling prompts,2024-02-04,2024-02-04,Ben
Navigate your feelings about a current world event and its impact on you.,https://ottosjournal.com/mindfulness-journal-prompts-for-adults/,mindfulness journaling prompts,2024-02-04,2024-02-04,Ben
Discuss your biggest pet peeve.,https://www.happierhuman.com/mindfulness-journal-prompts/,mindfulness journaling prompts,2021-02-01,2023-10-01,Happier Human
What are the 3 things I do best?,https://www.happierhuman.com/mindfulness-journal-prompts/,mindfulness journaling prompts,2021-02-01,2023-10-01,Happier Human
What do I procrastinate about?,https://www.happierhuman.com/mindfulness-journal-prompts/,mindfulness journaling prompts,2021-02-01,2023-10-01,Happier Human
"What is the highlight of my day, week, or month?",https://www.happierhuman.com/mindfulness-journal-prompts/,mindfulness journaling prompts,2021-02-01,2023-10-01,Happier Human
Who is my best friend and why?,https://www.happierhuman.com/mindfulness-journal-prompts/,mindfulness journaling prompts,2021-02-01,2023-10-01,Happier Human
What is the thought or belief that I live my life by?,https://www.happierhuman.com/mindfulness-journal-prompts/,mindfulness journaling prompts,2021-02-01,2023-10-01,Happier Human
"If I could have one day off to do whatever I wanted, what would I do?",https://www.happierhuman.com/mindfulness-journal-prompts/,mindfulness journaling prompts,2021-02-01,2023-10-01,Happier Human
How do I have an impact on those around me?,https://www.happierhuman.com/mindfulness-journal-prompts/,mindfulness journaling prompts,2021-02-01,2023-10-01,Happier Human
"If I could be any animal for a day, what would I be? Why?",https://www.happierhuman.com/mindfulness-journal-prompts/,mindfulness journaling prompts,2021-02-01,2023-10-01,Happier Human
What is the biggest risk I’ve ever taken?,https://www.happierhuman.com/mindfulness-journal-prompts/,mindfulness journaling prompts,2021-02-01,2023-10-01,Happier Human
"Explain, in detail, a typical morning.",https://www.happierhuman.com/mindfulness-journal-prompts/,mindfulness journaling prompts,2021-02-01,2023-10-01,Happier Human
"What did I eat for breakfast, and what did it taste like?",https://www.happierhuman.com/mindfulness-journal-prompts/,mindfulness journaling prompts,2021-02-01,2023-10-01,Happier Human
"When is the last time I cried, and why?",https://www.happierhuman.com/mindfulness-journal-prompts/,mindfulness journaling prompts,2021-02-01,2023-10-01,Happier Human
What makes me unhappy about my job?,https://www.happierhuman.com/mindfulness-journal-prompts/,mindfulness journaling prompts,2021-02-01,2023-10-01,Happier Human
How easy is it for me to admit when I’m wrong?,https://www.happierhuman.com/mindfulness-journal-prompts/,mindfulness journaling prompts,2021-02-01,2023-10-01,Happier Human
What 5 things make me smile?,https://www.happierhuman.com/mindfulness-journal-prompts/,mindfulness journaling prompts,2021-02-01,2023-10-01,Happier Human
Inquire within about what happiness means to you.,https://ottosjournal.com/mindfulness-journal-prompts-for-adults/,mindfulness journaling prompts,2024-02-04,2024-02-04,Ben
What piece of advice would I give my 16-year-old self?,https://www.happierhuman.com/mindfulness-journal-prompts/,mindfulness journaling prompts,2021-02-01,2023-10-01,Happier Human
Describe my most recent dream.,https://www.happierhuman.com/mindfulness-journal-prompts/,mindfulness journaling prompts,2021-02-01,2023-10-01,Happier Human
When is the last time I felt motivated and rested?,https://www.happierhuman.com/mindfulness-journal-prompts/,mindfulness journaling prompts,2021-02-01,2023-10-01,Happier Human
Am I happy with the amount of sleep I get at night?,https://www.happierhuman.com/mindfulness-journal-prompts/,mindfulness journaling prompts,2021-02-01,2023-10-01,Happier Human
"Who would I spend the day with, and what would we do?",https://www.happierhuman.com/mindfulness-journal-prompts/,mindfulness journaling prompts,2021-02-01,2023-10-01,Happier Human
"If I could say anything to anyone, what would I say?",https://www.happierhuman.com/mindfulness-journal-prompts/,mindfulness journaling prompts,2021-02-01,2023-10-01,Happier Human
Explain a favorite food and what makes it so special.,https://www.happierhuman.com/mindfulness-journal-prompts/,mindfulness journaling prompts,2021-02-01,2023-10-01,Happier Human
Name one thing I’ve splurged on and why it was important.,https://www.happierhuman.com/mindfulness-journal-prompts/,mindfulness journaling prompts,2021-02-01,2023-10-01,Happier Human
"If I could go back to school and study anything, what would I do?",https://www.happierhuman.com/mindfulness-journal-prompts/,mindfulness journaling prompts,2021-02-01,2023-10-01,Happier Human
"If I had a time machine, where would I go?",https://www.happierhuman.com/mindfulness-journal-prompts/,mindfulness journaling prompts,2021-02-01,2023-10-01,Happier Human
What would I do with an hour of free time?,https://www.happierhuman.com/mindfulness-journal-prompts/,mindfulness journaling prompts,2021-02-01,2023-10-01,Happier Human
How do you think things might change if you treated yourself in the same way you typically treat a close friend when they’re suffering?,https://self-compassion.org/self-compassion-practices/,mindfulness journaling prompts,2023-10-01,2023-10-01,Kristin Neff
In this exercise you’ll write a letter to yourself about your human imperfection with acceptance and compassion.,https://self-compassion.org/self-compassion-practices/,mindfulness journaling prompts,2023-10-01,2023-10-01,Kristin Neff
"Identify one emotion you are feeling right now and stay with it for a moment. Feel it without judging or analyzing it. Write about the emotion you’re feeling, where you feel it in the body, and which bodily sensations it creates.",https://cheatsheetlife.com/journal-prompts-for-mindfulness-that-will-slow-down-time/,mindfulness journaling prompts,2024-05-01,2024-05-01,CheatSheetLife
"Choose a meal or snack and eat it slowly, savoring each bite. Use all your senses to experience the food, look at it closely, touch it with your hands, smell it, and hear the sounds it makes while you handle it and eat. Afterward write about the flavors, textures, and all the sensations you had while eating. How did you feel while using all your senses to eat? Which thought did you have?",https://cheatsheetlife.com/journal-prompts-for-mindfulness-that-will-slow-down-time/,mindfulness journaling prompts,2024-05-01,2024-05-01,CheatSheetLife
"Gently stretch one part of your body for a few minutes, and move through a few different stretches. Write about the sensations you felt in your body during and after the stretch. Write about the thoughts that came up while stretching.",https://cheatsheetlife.com/journal-prompts-for-mindfulness-that-will-slow-down-time/,mindfulness journaling prompts,2024-05-01,2024-05-01,CheatSheetLife
Take a walk and use all your senses to take notice of the world around you. Write about your experience when you return. To help you remember you can make short voice records of your thoughts and insights during the walk. Write about the emotions you felt during and after the walk.,https://cheatsheetlife.com/journal-prompts-for-mindfulness-that-will-slow-down-time/,mindfulness journaling prompts,2024-05-01,2024-05-01,CheatSheetLife
"Breathe calmly for a few minutes, feel the breath going in and out, and notice where it passes on its way through your body. Write about your experience. How did you feel before, during, and after the breathing exercise?",https://cheatsheetlife.com/journal-prompts-for-mindfulness-that-will-slow-down-time/,mindfulness journaling prompts,2024-05-01,2024-05-01,CheatSheetLife
"Doodle or draw freely without thinking too much about what you’ll draw, or trying to create something meaningful. Write about thoughts you had and emotions you felt while drawing. Look at your drawing for a moment and write down the thoughts that come to you while looking at it. How does the sight of it make you feel, if it makes you feel anything?",https://cheatsheetlife.com/journal-prompts-for-mindfulness-that-will-slow-down-time/,mindfulness journaling prompts,2024-05-01,2024-05-01,CheatSheetLife
When is the last time I took a “Me” day?,https://www.happierhuman.com/mindfulness-journal-prompts/,mindfulness journaling prompts,2021-02-01,2023-10-01,Happier Human
"Write a letter to yourself in which you acknowledge yourself just as you are in this moment and express your love for yourself, warts and all.",https://cheatsheetlife.com/journal-prompts-for-mindfulness-that-will-slow-down-time/,mindfulness journaling prompts,2024-05-01,2024-05-01,CheatSheetLife
"Close your eyes, breathe calmly, and scan your body from head to toe. Notice how each part of your body feels, pay special attention to areas of tension and areas that are relaxed. Write about what you found during the body scan.",https://cheatsheetlife.com/journal-prompts-for-mindfulness-that-will-slow-down-time/,mindfulness journaling prompts,2024-05-01,2024-05-01,CheatSheetLife
"Spend 10 minutes in silence. You don’t have to try to meditate. Just sit comfortably, let go of a desire to act, and observe what your body and mind do of themselves. Write about any insights or observations that arise during this time.",https://cheatsheetlife.com/journal-prompts-for-mindfulness-that-will-slow-down-time/,mindfulness journaling prompts,2024-05-01,2024-05-01,CheatSheetLife
"Think about one thing you’re grateful for in this moment, and spend a few minutes thinking only about it. Write about emotions you felt and the thoughts that came up.",https://cheatsheetlife.com/journal-prompts-for-mindfulness-that-will-slow-down-time/,mindfulness journaling prompts,2024-05-01,2024-05-01,CheatSheetLife
"Take a relaxing shower, let your thoughts wander, and pay attention to how the water feels against your skin. After the shower write about your experience. How did you feel during and after the shower? What thoughts came up during the shower?",https://cheatsheetlife.com/journal-prompts-for-mindfulness-that-will-slow-down-time/,mindfulness journaling prompts,2024-05-01,2024-05-01,CheatSheetLife
List five things you are thankful for today and write a sentence about why each one is meaningful to you. Then write about emotions you felt while writing about the things you’re thankful for.,https://cheatsheetlife.com/journal-prompts-for-mindfulness-that-will-slow-down-time/,mindfulness journaling prompts,2024-05-01,2024-05-01,CheatSheetLife
Spend 5-10 minutes scrolling through a feed but paying close attention to the thoughts and emotions that come up. You can note them down if you wish. After 5-10 minutes are up write how you feel and what you’re thinking about.,https://cheatsheetlife.com/journal-prompts-for-mindfulness-that-will-slow-down-time/,mindfulness journaling prompts,2024-05-01,2024-05-01,CheatSheetLife
"Choose an object in your environment and observe it closely for five minutes. Write about every detail you notice. Express your thoughts about the object, and its properties. Describe how that object makes you feel.",https://cheatsheetlife.com/journal-prompts-for-mindfulness-that-will-slow-down-time/,mindfulness journaling prompts,2024-05-01,2024-05-01,CheatSheetLife
"Pick one song and listen to it while focusing on the way it makes your body feel. Write about the sensations you felt in your body, emotions the music evoked, and thoughts you had.",https://cheatsheetlife.com/journal-prompts-for-mindfulness-that-will-slow-down-time/,mindfulness journaling prompts,2024-05-01,2024-05-01,CheatSheetLife
Think about one thing that brings you joy in this moment. Where in your body do you feel the joy? How does it feel to feel joy? Which thoughts go through your head while feeling joyful?,https://cheatsheetlife.com/journal-prompts-for-mindfulness-that-will-slow-down-time/,mindfulness journaling prompts,2024-05-01,2024-05-01,CheatSheetLife
Engage your senses fully in a simple task like washing dishes. Write about the sensations you had with each one of your senses.,https://cheatsheetlife.com/journal-prompts-for-mindfulness-that-will-slow-down-time/,mindfulness journaling prompts,2024-05-01,2024-05-01,CheatSheetLife
"Engage for 10 minutes in a moderately intense activity like fast walking. Then sit, rest, and relax. Write about how it feels in your body to rest after a physical activity.",https://cheatsheetlife.com/journal-prompts-for-mindfulness-that-will-slow-down-time/,mindfulness journaling prompts,2024-05-01,2024-05-01,CheatSheetLife
"Try a new physical activity or move your body in a new way like a dance move or exercise you’ve never done before. Pay attention to how it feels to move your body in a new way. Then write about your experience, and make a note of thoughts that came up.",https://cheatsheetlife.com/journal-prompts-for-mindfulness-that-will-slow-down-time/,mindfulness journaling prompts,2024-05-01,2024-05-01,CheatSheetLife
"Spend time observing a natural element like a plant or animal. Write about the sights, sounds, emotions, and thoughts evoked by this natural element.",https://cheatsheetlife.com/journal-prompts-for-mindfulness-that-will-slow-down-time/,mindfulness journaling prompts,2024-05-01,2024-05-01,CheatSheetLife
"Read a poem, paying attention to each word and its meaning. Write about thoughts you had and emotions you felt while reading the poem.",https://cheatsheetlife.com/journal-prompts-for-mindfulness-that-will-slow-down-time/,mindfulness journaling prompts,2024-05-01,2024-05-01,CheatSheetLife
When I took a pause today I felt…,https://projectenergise.com/mindfulness-journal-prompts/,mindfulness journaling prompts,2023-04-01,2023-04-01,Sean C
The mindful activity I did today was…,https://projectenergise.com/mindfulness-journal-prompts/,mindfulness journaling prompts,2023-04-01,2023-04-01,Sean C
Today I felt loved when…,https://projectenergise.com/mindfulness-journal-prompts/,mindfulness journaling prompts,2023-04-01,2023-04-01,Sean C
The best moment today was…,https://projectenergise.com/mindfulness-journal-prompts/,mindfulness journaling prompts,2023-04-01,2023-04-01,Sean C
The thing that made me smile today was…,https://projectenergise.com/mindfulness-journal-prompts/,mindfulness journaling prompts,2023-04-01,2023-04-01,Sean C
Two things I noticed this morning were…,https://projectenergise.com/mindfulness-journal-prompts/,mindfulness journaling prompts,2023-04-01,2023-04-01,Sean C
My lunch today made me feel…,https://projectenergise.com/mindfulness-journal-prompts/,mindfulness journaling prompts,2023-04-01,2023-04-01,Sean C
The texture of my food was like…,https://projectenergise.com/mindfulness-journal-prompts/,mindfulness journaling prompts,2023-04-01,2023-04-01,Sean C
The three people I was grateful for today were…,https://projectenergise.com/mindfulness-journal-prompts/,mindfulness journaling prompts,2023-04-01,2023-04-01,Sean C
I was grateful today when…,https://projectenergise.com/mindfulness-journal-prompts/,mindfulness journaling prompts,2023-04-01,2023-04-01,Sean C
Today I felt warm inside when…,https://projectenergise.com/mindfulness-journal-prompts/,mindfulness journaling prompts,2023-04-01,2023-04-01,Sean C
The thing that came easiest to me today was…,https://projectenergise.com/mindfulness-journal-prompts/,mindfulness journaling prompts,2023-04-01,2023-04-01,Sean C
How do I feel about myself right now?,https://projectenergise.com/mindfulness-journal-prompts/,mindfulness journaling prompts,2023-04-01,2023-04-01,Sean C
I feel the calmest when…,https://projectenergise.com/mindfulness-journal-prompts/,mindfulness journaling prompts,2023-04-01,2023-04-01,Sean C
What are the things that are bothering me the most right now?,https://projectenergise.com/mindfulness-journal-prompts/,mindfulness journaling prompts,2023-04-01,2023-04-01,Sean C
I am at peace mostly when…,https://projectenergise.com/mindfulness-journal-prompts/,mindfulness journaling prompts,2023-04-01,2023-04-01,Sean C
When I close my eyes at night I see…,https://projectenergise.com/mindfulness-journal-prompts/,mindfulness journaling prompts,2023-04-01,2023-04-01,Sean C
At what point did I stop and be still today?,https://projectenergise.com/mindfulness-journal-prompts/,mindfulness journaling prompts,2023-04-01,2023-04-01,Sean C
What do I appreciate the most about my life?,https://projectenergise.com/mindfulness-journal-prompts/,mindfulness journaling prompts,2023-04-01,2023-04-01,Sean C
What are some practical things I can do to overcome the things that are bothering me?,https://projectenergise.com/mindfulness-journal-prompts/,mindfulness journaling prompts,2023-04-01,2023-04-01,Sean C
My best three qualities are…,https://projectenergise.com/mindfulness-journal-prompts/,mindfulness journaling prompts,2023-04-01,2023-04-01,Sean C
My skills allow me to…,https://projectenergise.com/mindfulness-journal-prompts/,mindfulness journaling prompts,2023-04-01,2023-04-01,Sean C
How can I show more compassion to myself?,https://projectenergise.com/mindfulness-journal-prompts/,mindfulness journaling prompts,2023-04-01,2023-04-01,Sean C
How can I show more compassion towards others?,https://projectenergise.com/mindfulness-journal-prompts/,mindfulness journaling prompts,2023-04-01,2023-04-01,Sean C
A special moment that happened this week was…,https://projectenergise.com/mindfulness-journal-prompts/,mindfulness journaling prompts,2023-04-01,2023-04-01,Sean C
The last time I sat and was still was…,https://projectenergise.com/mindfulness-journal-prompts/,mindfulness journaling prompts,2023-04-01,2023-04-01,Sean C
When I am still and observe my thoughts I feel…,https://projectenergise.com/mindfulness-journal-prompts/,mindfulness journaling prompts,2023-04-01,2023-04-01,Sean C
My perfect day looks like…,https://projectenergise.com/mindfulness-journal-prompts/,mindfulness journaling prompts,2023-04-01,2023-04-01,Sean C
I get the most inspiration from…,https://projectenergise.com/mindfulness-journal-prompts/,mindfulness journaling prompts,2023-04-01,2023-04-01,Sean C
Being mindful allows me to feel…,https://projectenergise.com/mindfulness-journal-prompts/,mindfulness journaling prompts,2023-04-01,2023-04-01,Sean C
The things I hold resentment towards in my life are…,https://projectenergise.com/mindfulness-journal-prompts/,mindfulness journaling prompts,2023-04-01,2023-04-01,Sean C
The thing I love the most right now is…,https://projectenergise.com/mindfulness-journal-prompts/,mindfulness journaling prompts,2023-04-01,2023-04-01,Sean C
I know I have made mistakes but it’s okay because…,https://projectenergise.com/mindfulness-journal-prompts/,mindfulness journaling prompts,2023-04-01,2023-04-01,Sean C
I know I am capable because…,https://projectenergise.com/mindfulness-journal-prompts/,mindfulness journaling prompts,2023-04-01,2023-04-01,Sean C
I love the people in my life. They help me to be…,https://projectenergise.com/mindfulness-journal-prompts/,mindfulness journaling prompts,2023-04-01,2023-04-01,Sean C
When the sun comes up and the birds start to sing I also get up and…,https://projectenergise.com/mindfulness-journal-prompts/,mindfulness journaling prompts,2023-04-01,2023-04-01,Sean C
My favourite place to be in nature is…,https://projectenergise.com/mindfulness-journal-prompts/,mindfulness journaling prompts,2023-04-01,2023-04-01,Sean C
"Some days are long and difficult but in the end, I know…",https://projectenergise.com/mindfulness-journal-prompts/,mindfulness journaling prompts,2023-04-01,2023-04-01,Sean C
"When I feel a little overwhelmed, my coping strategies are…",https://projectenergise.com/mindfulness-journal-prompts/,mindfulness journaling prompts,2023-04-01,2023-04-01,Sean C
I love my home. It provides me with…,https://projectenergise.com/mindfulness-journal-prompts/,mindfulness journaling prompts,2023-04-01,2023-04-01,Sean C
The three things I am mostly looking forward to are…,https://projectenergise.com/mindfulness-journal-prompts/,mindfulness journaling prompts,2023-04-01,2023-04-01,Sean C
"When I sit and be still, the sensations I feel running through my body are…",https://projectenergise.com/mindfulness-journal-prompts/,mindfulness journaling prompts,2023-04-01,2023-04-01,Sean C
Some interesting thoughts that came to me today were…,https://projectenergise.com/mindfulness-journal-prompts/,mindfulness journaling prompts,2023-04-01,2023-04-01,Sean C
The last time I felt truly at peace was…,https://projectenergise.com/mindfulness-journal-prompts/,mindfulness journaling prompts,2023-04-01,2023-04-01,Sean C
My favourite part of myself is…,https://projectenergise.com/mindfulness-journal-prompts/,mindfulness journaling prompts,2023-04-01,2023-04-01,Sean C
One thing I learned today was…,https://projectenergise.com/mindfulness-journal-prompts/,mindfulness journaling prompts,2023-04-01,2023-04-01,Sean C
A positive piece of news I heard today was…,https://projectenergise.com/mindfulness-journal-prompts/,mindfulness journaling prompts,2023-04-01,2023-04-01,Sean C
What will I do differently tomorrow?,https://projectenergise.com/mindfulness-journal-prompts/,mindfulness journaling prompts,2023-04-01,2023-04-01,Sean C
Something I found challenging today was…,https://projectenergise.com/mindfulness-journal-prompts/,mindfulness journaling prompts,2023-04-01,2023-04-01,Sean C
Downtime is important because it allows me to…,https://projectenergise.com/mindfulness-journal-prompts/,mindfulness journaling prompts,2023-04-01,2023-04-01,Sean C
Something unexpected that happened today was…,https://projectenergise.com/mindfulness-journal-prompts/,mindfulness journaling prompts,2023-04-01,2023-04-01,Sean C
Three things I must appreciate more are…,https://projectenergise.com/mindfulness-journal-prompts/,mindfulness journaling prompts,2023-04-01,2023-04-01,Sean C
The most important things to me right now are…,https://projectenergise.com/mindfulness-journal-prompts/,mindfulness journaling prompts,2023-04-01,2023-04-01,Sean C
The thing I notice when I observe my thoughts without judgment is…,https://projectenergise.com/mindfulness-journal-prompts/,mindfulness journaling prompts,2023-04-01,2023-04-01,Sean C
The things that stop me from being present in my life are…,https://projectenergise.com/mindfulness-journal-prompts/,mindfulness journaling prompts,2023-04-01,2023-04-01,Sean C
Three distractions I need to remove from my daily routine…,https://projectenergise.com/mindfulness-journal-prompts/,mindfulness journaling prompts,2023-04-01,2023-04-01,Sean C
Being fully present allows me to…,https://projectenergise.com/mindfulness-journal-prompts/,mindfulness journaling prompts,2023-04-01,2023-04-01,Sean C
The things that anchor me to the present moment are…,https://projectenergise.com/mindfulness-journal-prompts/,mindfulness journaling prompts,2023-04-01,2023-04-01,Sean C
As I sit here with my eyes closed I notice…,https://projectenergise.com/mindfulness-journal-prompts/,mindfulness journaling prompts,2023-04-01,2023-04-01,Sean C
I find my mind wandering usually when…,https://projectenergise.com/mindfulness-journal-prompts/,mindfulness journaling prompts,2023-04-01,2023-04-01,Sean C
I feel in a flow state usually when I’m…,https://projectenergise.com/mindfulness-journal-prompts/,mindfulness journaling prompts,2023-04-01,2023-04-01,Sean C
I feel the most proud of myself when…,https://projectenergise.com/mindfulness-journal-prompts/,mindfulness journaling prompts,2023-04-01,2023-04-01,Sean C
I feel most at ease when I am doing…,https://projectenergise.com/mindfulness-journal-prompts/,mindfulness journaling prompts,2023-04-01,2023-04-01,Sean C
Something I struggle with on a daily basis is…but I always cope with it by…,https://projectenergise.com/mindfulness-journal-prompts/,mindfulness journaling prompts,2023-04-01,2023-04-01,Sean C
The people that have in the past created too much chaos around me are…and I can less that by…,https://projectenergise.com/mindfulness-journal-prompts/,mindfulness journaling prompts,2023-04-01,2023-04-01,Sean C
The people who bring me the most amount of peace are…,https://projectenergise.com/mindfulness-journal-prompts/,mindfulness journaling prompts,2023-04-01,2023-04-01,Sean C
What were the challenges that are making me grow as a person right now?,https://projectenergise.com/mindfulness-journal-prompts/,mindfulness journaling prompts,2023-04-01,2023-04-01,Sean C
What is it I value most in my life?,https://projectenergise.com/mindfulness-journal-prompts/,mindfulness journaling prompts,2023-04-01,2023-04-01,Sean C
What are the things I know I should value less in my life?,https://projectenergise.com/mindfulness-journal-prompts/,mindfulness journaling prompts,2023-04-01,2023-04-01,Sean C
"What act of kindness can I do for someone else today, without wanting anything in return?",https://projectenergise.com/mindfulness-journal-prompts/,mindfulness journaling prompts,2023-04-01,2023-04-01,Sean C
What are three healthy habits I could easily do on a daily basis to improve the way I feel?,https://projectenergise.com/mindfulness-journal-prompts/,mindfulness journaling prompts,2023-04-01,2023-04-01,Sean C
What are the things I fear in my life and why? How can I face them and overcome them?,https://projectenergise.com/mindfulness-journal-prompts/,mindfulness journaling prompts,2023-04-01,2023-04-01,Sean C
What three things could I do today that would start to improve my life?,https://projectenergise.com/mindfulness-journal-prompts/,mindfulness journaling prompts,2023-04-01,2023-04-01,Sean C
The five people that inspire me are…,https://projectenergise.com/mindfulness-journal-prompts/,mindfulness journaling prompts,2023-04-01,2023-04-01,Sean C
What three things can I do to take small steps towards my main goal?,https://projectenergise.com/mindfulness-journal-prompts/,mindfulness journaling prompts,2023-04-01,2023-04-01,Sean C
What is the one consistent thing I have kept throughout my life that is important to me? Why have I kept it? What benefit has it given me?,https://projectenergise.com/mindfulness-journal-prompts/,mindfulness journaling prompts,2023-04-01,2023-04-01,Sean C
Who could I improve my relationship with and how could I do it?,https://projectenergise.com/mindfulness-journal-prompts/,mindfulness journaling prompts,2023-04-01,2023-04-01,Sean C
How would I describe where I am right now in my life to a long-lost friend? What would I tell them about where I’d like to be?,https://projectenergise.com/mindfulness-journal-prompts/,mindfulness journaling prompts,2023-04-01,2023-04-01,Sean C
"If I could travel back in time, I would tell my younger self…",https://projectenergise.com/mindfulness-journal-prompts/,mindfulness journaling prompts,2023-04-01,2023-04-01,Sean C
The things I have in my self-care routine are…the other things I would like to try are…,https://projectenergise.com/mindfulness-journal-prompts/,mindfulness journaling prompts,2023-04-01,2023-04-01,Sean C
The three things I do to ground myself are…,https://projectenergise.com/mindfulness-journal-prompts/,mindfulness journaling prompts,2023-04-01,2023-04-01,Sean C
I am looking forward to…because…,https://projectenergise.com/mindfulness-journal-prompts/,mindfulness journaling prompts,2023-04-01,2023-04-01,Sean C
If I were to write a specific loved one a letter telling them how much I love them I would write…,https://projectenergise.com/mindfulness-journal-prompts/,mindfulness journaling prompts,2023-04-01,2023-04-01,Sean C
Describe what you saw today on the way home…,https://projectenergise.com/mindfulness-journal-prompts/,mindfulness journaling prompts,2023-04-01,2023-04-01,Sean C
The three main lessons in life I have learned so far are…,https://projectenergise.com/mindfulness-journal-prompts/,mindfulness journaling prompts,2023-04-01,2023-04-01,Sean C
The time of day my motivation is at its peak is usually…,https://projectenergise.com/mindfulness-journal-prompts/,mindfulness journaling prompts,2023-04-01,2023-04-01,Sean C
If I had an extra hour a day I would…because…,https://projectenergise.com/mindfulness-journal-prompts/,mindfulness journaling prompts,2023-04-01,2023-04-01,Sean C
Was there any moment today when you truly felt at peace? What were you doing?,https://numberdyslexia.com/100-mindfulness-journal-prompts/,mindfulness journaling prompts,2024-06-01,2024-10-10,Priyanka Sonkushre
List five things you can see from where you are sitting. How do they make you feel?,https://numberdyslexia.com/100-mindfulness-journal-prompts/,mindfulness journaling prompts,2024-06-01,2024-10-10,Priyanka Sonkushre
Write about a recent experience where you felt deeply connected to someone.,https://numberdyslexia.com/100-mindfulness-journal-prompts/,mindfulness journaling prompts,2024-06-01,2024-10-10,Priyanka Sonkushre
List three things you are grateful for today. Why are you grateful for them?,https://numberdyslexia.com/100-mindfulness-journal-prompts/,mindfulness journaling prompts,2024-06-01,2024-10-10,Priyanka Sonkushre
Describe a scenario when you felt you were completely present in the moment. What was happening around you?,https://numberdyslexia.com/100-mindfulness-journal-prompts/,mindfulness journaling prompts,2024-06-01,2024-10-10,Priyanka Sonkushre
What does your body feel like at this moment? Describe any sensations you notice in your body.,https://numberdyslexia.com/100-mindfulness-journal-prompts/,mindfulness journaling prompts,2024-06-01,2024-10-10,Priyanka Sonkushre
"How are you feeling right now? Try to describe your emotions freely, without any judgment.",https://numberdyslexia.com/100-mindfulness-journal-prompts/,mindfulness journaling prompts,2024-06-01,2024-10-10,Priyanka Sonkushre
"Think about your last meal. How did it taste and smell, and how did you feel after the meal?",https://numberdyslexia.com/100-mindfulness-journal-prompts/,mindfulness journaling prompts,2024-06-01,2024-10-10,Priyanka Sonkushre
Three people in my life…and the one thing they have each taught me is...,https://projectenergise.com/mindfulness-journal-prompts/,mindfulness journaling prompts,2023-04-01,2023-04-01,Sean C
Think about a sound you love. Write about it in detail.,https://numberdyslexia.com/100-mindfulness-journal-prompts/,mindfulness journaling prompts,2024-06-01,2024-10-10,Priyanka Sonkushre
What is something you often take for granted but is important to you? Why do you think you take it for granted?,https://numberdyslexia.com/100-mindfulness-journal-prompts/,mindfulness journaling prompts,2024-06-01,2024-10-10,Priyanka Sonkushre
Reflect on a past conversation that had a significant impact on you.,https://numberdyslexia.com/100-mindfulness-journal-prompts/,mindfulness journaling prompts,2024-06-01,2024-10-10,Priyanka Sonkushre
Write about a place that makes you feel safe and calm. What is it like?,https://numberdyslexia.com/100-mindfulness-journal-prompts/,mindfulness journaling prompts,2024-06-01,2024-10-10,Priyanka Sonkushre
Describe a time when stress took over you. How did you handle it?,https://numberdyslexia.com/100-mindfulness-journal-prompts/,mindfulness journaling prompts,2024-06-01,2024-10-10,Priyanka Sonkushre
What does your ideal day look like? How would you like to spend it?,https://numberdyslexia.com/100-mindfulness-journal-prompts/,mindfulness journaling prompts,2024-06-01,2024-10-10,Priyanka Sonkushre
Who inspires you in life? What are some of the qualities you would like to inculcate in yourself?,https://numberdyslexia.com/100-mindfulness-journal-prompts/,mindfulness journaling prompts,2024-06-01,2024-10-10,Priyanka Sonkushre
What does self-care mean to you? How do you incorporate it into your life?,https://numberdyslexia.com/100-mindfulness-journal-prompts/,mindfulness journaling prompts,2024-06-01,2024-10-10,Priyanka Sonkushre
Write about a joyful moment in your life. What brought you joy?,https://numberdyslexia.com/100-mindfulness-journal-prompts/,mindfulness journaling prompts,2024-06-01,2024-10-10,Priyanka Sonkushre
Do you find yourself connected to nature? Is there any memorable experience in nature you would like to share?,https://numberdyslexia.com/100-mindfulness-journal-prompts/,mindfulness journaling prompts,2024-06-01,2024-10-10,Priyanka Sonkushre
Enlist a few simple pleasures that you enjoy a lot. How do you feel after indulging in these pleasures?,https://numberdyslexia.com/100-mindfulness-journal-prompts/,mindfulness journaling prompts,2024-06-01,2024-10-10,Priyanka Sonkushre
Write about a recent achievement that made you feel proud of yourself.,https://numberdyslexia.com/100-mindfulness-journal-prompts/,mindfulness journaling prompts,2024-06-01,2024-10-10,Priyanka Sonkushre
Describe your favorite time of day. What do you like about it?,https://numberdyslexia.com/100-mindfulness-journal-prompts/,mindfulness journaling prompts,2024-06-01,2024-10-10,Priyanka Sonkushre
Write about your future goals and aspirations. How do you plan to achieve them?,https://numberdyslexia.com/100-mindfulness-journal-prompts/,mindfulness journaling prompts,2024-06-01,2024-10-10,Priyanka Sonkushre
What does relaxation look like for you? Describe it in detail.,https://numberdyslexia.com/100-mindfulness-journal-prompts/,mindfulness journaling prompts,2024-06-01,2024-10-10,Priyanka Sonkushre
Write about a person who makes you feel loved. What do you appreciate about them?,https://numberdyslexia.com/100-mindfulness-journal-prompts/,mindfulness journaling prompts,2024-06-01,2024-10-10,Priyanka Sonkushre
When was the last time you laughed your heart out? What was it all about?,https://numberdyslexia.com/100-mindfulness-journal-prompts/,mindfulness journaling prompts,2024-06-01,2024-10-10,Priyanka Sonkushre
"Take a moment to notice your breathing right now. What is it like, and how do you feel?",https://numberdyslexia.com/100-mindfulness-journal-prompts/,mindfulness journaling prompts,2024-06-01,2024-10-10,Priyanka Sonkushre
"What is that one thing you enjoy doing alone, and why? How would it be different if you had someone’s company?",https://numberdyslexia.com/100-mindfulness-journal-prompts/,mindfulness journaling prompts,2024-06-01,2024-10-10,Priyanka Sonkushre
Think about a challenge you faced recently. How did you overcome it?,https://numberdyslexia.com/100-mindfulness-journal-prompts/,mindfulness journaling prompts,2024-06-01,2024-10-10,Priyanka Sonkushre
"What’s your favorite fragrance? How would you describe it, and is there anything the fragrance reminds you of?",https://numberdyslexia.com/100-mindfulness-journal-prompts/,mindfulness journaling prompts,2024-06-01,2024-10-10,Priyanka Sonkushre
Write about a favorite memory. What makes it special to you?,https://numberdyslexia.com/100-mindfulness-journal-prompts/,mindfulness journaling prompts,2024-06-01,2024-10-10,Priyanka Sonkushre
Describe your surroundings right now. Is there anything you would like to change?,https://numberdyslexia.com/100-mindfulness-journal-prompts/,mindfulness journaling prompts,2024-06-01,2024-10-10,Priyanka Sonkushre
"Reflect on the biggest challenges in your life. How did you overcome them, and what did you learn from them?",https://numberdyslexia.com/100-mindfulness-journal-prompts/,mindfulness journaling prompts,2024-06-01,2024-10-10,Priyanka Sonkushre
"If you had to pick three things you found beautiful today, what would they be?",https://numberdyslexia.com/100-mindfulness-journal-prompts/,mindfulness journaling prompts,2024-06-01,2024-10-10,Priyanka Sonkushre
Do you have a person who is always there to help you? How does he/she make a difference in your life?,https://numberdyslexia.com/100-mindfulness-journal-prompts/,mindfulness journaling prompts,2024-06-01,2024-10-10,Priyanka Sonkushre
"Think about a song you love. What is so special about it, and how does it make you feel?",https://numberdyslexia.com/100-mindfulness-journal-prompts/,mindfulness journaling prompts,2024-06-01,2024-10-10,Priyanka Sonkushre
Is there anything you would do differently from how it was done today? What changes will you make?,https://numberdyslexia.com/100-mindfulness-journal-prompts/,mindfulness journaling prompts,2024-06-01,2024-10-10,Priyanka Sonkushre
List five things you wish to try. Create a timeline for when you plan to do each one.,https://numberdyslexia.com/100-mindfulness-journal-prompts/,mindfulness journaling prompts,2024-06-01,2024-10-10,Priyanka Sonkushre
Do you have a favorite book? Is there anything to be learned from it?,https://numberdyslexia.com/100-mindfulness-journal-prompts/,mindfulness journaling prompts,2024-06-01,2024-10-10,Priyanka Sonkushre
What are your biggest fears? How do you plan to overcome them?,https://numberdyslexia.com/100-mindfulness-journal-prompts/,mindfulness journaling prompts,2024-06-01,2024-10-10,Priyanka Sonkushre
What is your morning routine like? How can you make it better?,https://numberdyslexia.com/100-mindfulness-journal-prompts/,mindfulness journaling prompts,2024-06-01,2024-10-10,Priyanka Sonkushre
"Are you sleeping well at night? If not, what’s keeping you awake?",https://numberdyslexia.com/100-mindfulness-journal-prompts/,mindfulness journaling prompts,2024-06-01,2024-10-10,Priyanka Sonkushre
Describe your current mood. What or who is responsible for it?,https://numberdyslexia.com/100-mindfulness-journal-prompts/,mindfulness journaling prompts,2024-06-01,2024-10-10,Priyanka Sonkushre
Visualize yourself in a calm and serene environment. Where do you think you are?,https://numberdyslexia.com/100-mindfulness-journal-prompts/,mindfulness journaling prompts,2024-06-01,2024-10-10,Priyanka Sonkushre
Write a letter to yourself. What advice would you give to live your life in a better way?,https://numberdyslexia.com/100-mindfulness-journal-prompts/,mindfulness journaling prompts,2024-06-01,2024-10-10,Priyanka Sonkushre
Meditate for 10 minutes and describe how you feel after the session.,https://numberdyslexia.com/100-mindfulness-journal-prompts/,mindfulness journaling prompts,2024-06-01,2024-10-10,Priyanka Sonkushre
Enlist the things that make you feel grounded. How can you include them in your daily routine?,https://numberdyslexia.com/100-mindfulness-journal-prompts/,mindfulness journaling prompts,2024-06-01,2024-10-10,Priyanka Sonkushre
What is that one thing that relieves your stress instantly?,https://numberdyslexia.com/100-mindfulness-journal-prompts/,mindfulness journaling prompts,2024-06-01,2024-10-10,Priyanka Sonkushre
"What is your favorite hobby? How do you feel when you’re involved in it? Are you engaging in it as often as you like? If not, how can you take time out to do it more often?",https://numberdyslexia.com/100-mindfulness-journal-prompts/,mindfulness journaling prompts,2024-06-01,2024-10-10,Priyanka Sonkushre
Have you witnessed or experienced a random act of kindness? Write about it in detail.,https://numberdyslexia.com/100-mindfulness-journal-prompts/,mindfulness journaling prompts,2024-06-01,2024-10-10,Priyanka Sonkushre
Is there anything you would like to change about your workday? How can you bring about this change?,https://numberdyslexia.com/100-mindfulness-journal-prompts/,mindfulness journaling prompts,2024-06-01,2024-10-10,Priyanka Sonkushre
"Share about the time when you felt heard and truly listened to. Who was there with you, and what made the moment special?",https://numberdyslexia.com/100-mindfulness-journal-prompts/,mindfulness journaling prompts,2024-06-01,2024-10-10,Priyanka Sonkushre
Think of and write about three ways in which you can practice mindfulness with your family and friends.,https://numberdyslexia.com/100-mindfulness-journal-prompts/,mindfulness journaling prompts,2024-06-01,2024-10-10,Priyanka Sonkushre
"How often do you feel angry, and what are some ways you use to manage your anger?",https://numberdyslexia.com/100-mindfulness-journal-prompts/,mindfulness journaling prompts,2024-06-01,2024-10-10,Priyanka Sonkushre
Write five of your favorite quotes. How do they impact your life?,https://numberdyslexia.com/100-mindfulness-journal-prompts/,mindfulness journaling prompts,2024-06-01,2024-10-10,Priyanka Sonkushre
Are you jealous of anyone? Where do you think this jealousy is stemming from? How can you stop yourself from feeling this way?,https://numberdyslexia.com/100-mindfulness-journal-prompts/,mindfulness journaling prompts,2024-06-01,2024-10-10,Priyanka Sonkushre
"Write about a piece of advice that has stuck with you. Who gave you this advice, and how has it changed you?",https://numberdyslexia.com/100-mindfulness-journal-prompts/,mindfulness journaling prompts,2024-06-01,2024-10-10,Priyanka Sonkushre
Do you have a recent experience that made you feel disappointed? What happened?,https://numberdyslexia.com/100-mindfulness-journal-prompts/,mindfulness journaling prompts,2024-06-01,2024-10-10,Priyanka Sonkushre
Write about a tradition or ritual you love to follow. Why do you like it?,https://numberdyslexia.com/100-mindfulness-journal-prompts/,mindfulness journaling prompts,2024-06-01,2024-10-10,Priyanka Sonkushre
Write five affirmations that make you feel good about yourself.,https://numberdyslexia.com/100-mindfulness-journal-prompts/,mindfulness journaling prompts,2024-06-01,2024-10-10,Priyanka Sonkushre
What can you do to add more joy and happiness to your life?,https://numberdyslexia.com/100-mindfulness-journal-prompts/,mindfulness journaling prompts,2024-06-01,2024-10-10,Priyanka Sonkushre
"Reflect on a recent decision you made. Do you think you made the right decision? If not, what should it have been?",https://numberdyslexia.com/100-mindfulness-journal-prompts/,mindfulness journaling prompts,2024-06-01,2024-10-10,Priyanka Sonkushre
"Are there any specific sensory stimulations, like smell or taste, that you are not particularly fond of?",https://numberdyslexia.com/100-mindfulness-journal-prompts/,mindfulness journaling prompts,2024-06-01,2024-10-10,Priyanka Sonkushre
How can you be more mindful and self-aware of what you’re doing?,https://numberdyslexia.com/100-mindfulness-journal-prompts/,mindfulness journaling prompts,2024-06-01,2024-10-10,Priyanka Sonkushre
Describe a moment when you felt a deep sense of wonder. What caused it?,https://numberdyslexia.com/100-mindfulness-journal-prompts/,mindfulness journaling prompts,2024-06-01,2024-10-10,Priyanka Sonkushre
Was there a time that made you feel like you were a valuable part of your community? What was happening?,https://numberdyslexia.com/100-mindfulness-journal-prompts/,mindfulness journaling prompts,2024-06-01,2024-10-10,Priyanka Sonkushre
Why do you think it is important to prioritize yourself? Write three ways to make yourself a priority.,https://numberdyslexia.com/100-mindfulness-journal-prompts/,mindfulness journaling prompts,2024-06-01,2024-10-10,Priyanka Sonkushre
"What is your favorite art form? What do you like about it, and how do you feel connected to it?",https://numberdyslexia.com/100-mindfulness-journal-prompts/,mindfulness journaling prompts,2024-06-01,2024-10-10,Priyanka Sonkushre
What is more important to you—peace or money?,https://numberdyslexia.com/100-mindfulness-journal-prompts/,mindfulness journaling prompts,2024-06-01,2024-10-10,Priyanka Sonkushre
"What are the things you would thank God for, and why?",https://numberdyslexia.com/100-mindfulness-journal-prompts/,mindfulness journaling prompts,2024-06-01,2024-10-10,Priyanka Sonkushre
When was the last time you struggled to express yourself? How can you get better at it?,https://numberdyslexia.com/100-mindfulness-journal-prompts/,mindfulness journaling prompts,2024-06-01,2024-10-10,Priyanka Sonkushre
"What do you love about yourself, and why?",https://numberdyslexia.com/100-mindfulness-journal-prompts/,mindfulness journaling prompts,2024-06-01,2024-10-10,Priyanka Sonkushre
What helps you keep going in life?,https://numberdyslexia.com/100-mindfulness-journal-prompts/,mindfulness journaling prompts,2024-06-01,2024-10-10,Priyanka Sonkushre
How do you feel when you listen to your favorite music?,https://numberdyslexia.com/100-mindfulness-journal-prompts/,mindfulness journaling prompts,2024-06-01,2024-10-10,Priyanka Sonkushre
What is your purpose in life? How can you accomplish it?,https://numberdyslexia.com/100-mindfulness-journal-prompts/,mindfulness journaling prompts,2024-06-01,2024-10-10,Priyanka Sonkushre
Write down the memories of your favorite family tradition.,https://numberdyslexia.com/100-mindfulness-journal-prompts/,mindfulness journaling prompts,2024-06-01,2024-10-10,Priyanka Sonkushre
What drains you physically and emotionally? How can you combat these feelings?,https://numberdyslexia.com/100-mindfulness-journal-prompts/,mindfulness journaling prompts,2024-06-01,2024-10-10,Priyanka Sonkushre
What are your biggest strengths and weaknesses?,https://numberdyslexia.com/100-mindfulness-journal-prompts/,mindfulness journaling prompts,2024-06-01,2024-10-10,Priyanka Sonkushre
Note down all the colors you see around you at this moment.,https://numberdyslexia.com/100-mindfulness-journal-prompts/,mindfulness journaling prompts,2024-06-01,2024-10-10,Priyanka Sonkushre
Is there any habit you want to give up? Create a plan to replace it with a positive one.,https://numberdyslexia.com/100-mindfulness-journal-prompts/,mindfulness journaling prompts,2024-06-01,2024-10-10,Priyanka Sonkushre
What is something you look forward to each day? What happens if it doesn’t occur on a particular day?,https://numberdyslexia.com/100-mindfulness-journal-prompts/,mindfulness journaling prompts,2024-06-01,2024-10-10,Priyanka Sonkushre
"If a genie wanted to grant you three wishes, what would you ask for and why?",https://numberdyslexia.com/100-mindfulness-journal-prompts/,mindfulness journaling prompts,2024-06-01,2024-10-10,Priyanka Sonkushre
Write about a place you want to visit in the future. What would you like to do there?,https://numberdyslexia.com/100-mindfulness-journal-prompts/,mindfulness journaling prompts,2024-06-01,2024-10-10,Priyanka Sonkushre
Write about your life’s secrets that no one knows about.,https://numberdyslexia.com/100-mindfulness-journal-prompts/,mindfulness journaling prompts,2024-06-01,2024-10-10,Priyanka Sonkushre
What does mindfulness mean to you? How can you practice it daily?,https://numberdyslexia.com/100-mindfulness-journal-prompts/,mindfulness journaling prompts,2024-06-01,2024-10-10,Priyanka Sonkushre
Write about the values you believe in.,https://numberdyslexia.com/100-mindfulness-journal-prompts/,mindfulness journaling prompts,2024-06-01,2024-10-10,Priyanka Sonkushre
At what time of the day do you feel most productive? How can you improve your productivity at other times?,https://numberdyslexia.com/100-mindfulness-journal-prompts/,mindfulness journaling prompts,2024-06-01,2024-10-10,Priyanka Sonkushre
Write about that one thing you have done by going out of your comfort zone.,https://numberdyslexia.com/100-mindfulness-journal-prompts/,mindfulness journaling prompts,2024-06-01,2024-10-10,Priyanka Sonkushre
Write about a person who makes you feel happy. What do you appreciate about them?,https://numberdyslexia.com/100-mindfulness-journal-prompts/,mindfulness journaling prompts,2024-06-01,2024-10-10,Priyanka Sonkushre
Is there anything you would like to let go of? How should you go about it?,https://numberdyslexia.com/100-mindfulness-journal-prompts/,mindfulness journaling prompts,2024-06-01,2024-10-10,Priyanka Sonkushre
What would you say if you met a long-lost friend?,https://numberdyslexia.com/100-mindfulness-journal-prompts/,mindfulness journaling prompts,2024-06-01,2024-10-10,Priyanka Sonkushre
"If you get three days off, how would you spend your time, and with whom?",https://numberdyslexia.com/100-mindfulness-journal-prompts/,mindfulness journaling prompts,2024-06-01,2024-10-10,Priyanka Sonkushre
How does it feel when the gentle breeze touches your skin?,https://numberdyslexia.com/100-mindfulness-journal-prompts/,mindfulness journaling prompts,2024-06-01,2024-10-10,Priyanka Sonkushre
What emotions are you experiencing more often lately? What’s bringing about these emotions?,https://numberdyslexia.com/100-mindfulness-journal-prompts/,mindfulness journaling prompts,2024-06-01,2024-10-10,Priyanka Sonkushre
Write ten things that make you feel sad.,https://numberdyslexia.com/100-mindfulness-journal-prompts/,mindfulness journaling prompts,2024-06-01,2024-10-10,Priyanka Sonkushre
What made you smile today?,https://numberdyslexia.com/100-mindfulness-journal-prompts/,mindfulness journaling prompts,2024-06-01,2024-10-10,Priyanka Sonkushre
What is something you are really passionate about? What are you doing to fulfill it?,https://numberdyslexia.com/100-mindfulness-journal-prompts/,mindfulness journaling prompts,2024-06-01,2024-10-10,Priyanka Sonkushre
Write about some of the best moments of your life.,https://numberdyslexia.com/100-mindfulness-journal-prompts/,mindfulness journaling prompts,2024-06-01,2024-10-10,Priyanka Sonkushre
Write your life story the way you want it to be.,https://numberdyslexia.com/100-mindfulness-journal-prompts/,mindfulness journaling prompts,2024-06-01,2024-10-10,Priyanka Sonkushre
Do you regret anything in life?,https://numberdyslexia.com/100-mindfulness-journal-prompts/,mindfulness journaling prompts,2024-06-01,2024-10-10,Priyanka Sonkushre
I reflect on the people in my life who have made me feel loved and supported. I feel grateful for…,https://mindfulzen.co/mindfulness-journal-prompts/,mindfulness journaling prompts,2021-11-01,2023-10-01,Mindful Zen
"At home, I choose a routine chore (like washing dishes or folding clothes) and give my full and focused attention to every element of the chore. This is what I noticed…",https://mindfulzen.co/mindfulness-journal-prompts/,mindfulness journaling prompts,2021-11-01,2023-10-01,Mindful Zen
"Today I sit quietly for a few moments and observe my thoughts as they float by in my mind. I don’t judge them, I just watch and notice. What does observation reveal to me about my thoughts?",https://mindfulzen.co/mindfulness-journal-prompts/,mindfulness journaling prompts,2021-11-01,2023-10-01,Mindful Zen
"As I meditate today, I notice my emotions and moods. As emotions and feelings arise, I simply name them without judgment. “This is anxiety.” “This is sleepiness.” In meditation journaling today, I discovered…",https://mindfulzen.co/mindfulness-journal-prompts/,mindfulness journaling prompts,2021-11-01,2023-10-01,Mindful Zen
Today I visualize the following outcome and the specific actions I’ll take to reach that outcome . ..,https://mindfulzen.co/mindfulness-journal-prompts/,mindfulness journaling prompts,2021-11-01,2023-10-01,Mindful Zen
"Before I eat a meal that I or someone else has prepared, I take time today to notice the food, smell the aromas and feel gratitude for the bounty before me. Taking this moment made me feel…",https://mindfulzen.co/mindfulness-journal-prompts/,mindfulness journaling prompts,2021-11-01,2023-10-01,Mindful Zen
"This morning I create a ritual around my morning cup of tea or coffee by paying full attention to all aspects of preparation, drinking, savoring, and cleaning up. This is how I celebrated my morning beverage, and how it made me feel…",https://mindfulzen.co/mindfulness-journal-prompts/,mindfulness journaling prompts,2021-11-01,2023-10-01,Mindful Zen
"I spent time today being fully present and engaged with someone I care about. This is how I spent my time with him/her, and how this time together made me feel…",https://mindfulzen.co/mindfulness-journal-prompts/,mindfulness journaling prompts,2021-11-01,2023-10-01,Mindful Zen
"Today I sit outside in a quiet spot in nature. I close my eyes and take a few deep, cleansing breaths. Then I just listen. I notice all of the sounds around me. This is what I heard and experienced by listening to nature…",https://mindfulzen.co/mindfulness-journal-prompts/,mindfulness journaling prompts,2021-11-01,2023-10-01,Mindful Zen
Sit quietly for a few minutes. What thoughts came to your mind?,https://numberdyslexia.com/100-mindfulness-journal-prompts/,mindfulness journaling prompts,2024-06-01,2024-10-10,Priyanka Sonkushre
"When browsing for unique gifts or self-care items, I take a moment to reflect on what I’m hoping to find. I picture certain objects in my mind and take a moment to reflect on why they bring me joy and why I might feel compelled right now to buy more than I currently need.",https://mindfulzen.co/mindfulness-journal-prompts/,mindfulness journaling prompts,2021-11-01,2023-10-01,Mindful Zen
"I’m preparing to write a letter to someone, and I’m thinking about what I want to communicate to them. I pay attention to what I’m feeling as I plan my message and carefully choose the right words. Writing this letter makes me feel…",https://mindfulzen.co/mindfulness-journal-prompts/,mindfulness journaling prompts,2021-11-01,2023-10-01,Mindful Zen
"I’m sorting through my possessions, one category at a time, starting with my clothes. I take one piece after another and ask if it sparks joy while reflecting on my immediate, internal reply to that question. I record the thoughts and feelings that come with one of these items.",https://mindfulzen.co/mindfulness-journal-prompts/,mindfulness journaling prompts,2021-11-01,2023-10-01,Mindful Zen
"I’m looking through the streaming options on Netflix, etc., and paying attention to how I feel about the shows or movies I’m considering. What am I in the mood for? What images or emotions come up? How do I feel in my chosen position?",https://mindfulzen.co/mindfulness-journal-prompts/,mindfulness journaling prompts,2021-11-01,2023-10-01,Mindful Zen
"I’m sitting, journal and pen in hand, as I prepare to write down my thoughts and feelings. What do I feel about my penmanship, about the feel of the pen and paper? What power do I feel as I fill each page with meaning?",https://mindfulzen.co/mindfulness-journal-prompts/,mindfulness journaling prompts,2021-11-01,2023-10-01,Mindful Zen
"I’m preparing for bedtime with my own nightly ritual. I describe this ritual and how I came to adopt it, along with what I feel and think as I carry out each task. What details or sensations do I most look forward to? What are my last thoughts before I fall asleep?",https://mindfulzen.co/mindfulness-journal-prompts/,mindfulness journaling prompts,2021-11-01,2023-10-01,Mindful Zen
Living in the present is the principal tenant of a mindful existence. What affirmation can I use to pull myself back into the present moment?,https://mindfulzen.co/mindfulness-journal-prompts/,mindfulness journaling prompts,2021-11-01,2023-10-01,Mindful Zen
"I love my body. What can I fill it with today to demonstrate my adoration, respect, and gratitude?",https://mindfulzen.co/mindfulness-journal-prompts/,mindfulness journaling prompts,2021-11-01,2023-10-01,Mindful Zen
"Fretting about the future hinders mindful paths. Today, in what ways can I stop myself from thinking ahead?",https://mindfulzen.co/mindfulness-journal-prompts/,mindfulness journaling prompts,2021-11-01,2023-10-01,Mindful Zen
Being a good listener is an integral part of mindfulness. How can I work on my attentiveness skills today?,https://mindfulzen.co/mindfulness-journal-prompts/,mindfulness journaling prompts,2021-11-01,2023-10-01,Mindful Zen
"Self-love is essential to mental health, but it’s not easily won. How can I practice self-love today?",https://mindfulzen.co/mindfulness-journal-prompts/,mindfulness journaling prompts,2021-11-01,2023-10-01,Mindful Zen
When was the last time I spent the day concentrating on compassion? Has it been a while? How can I change that today?,https://mindfulzen.co/mindfulness-journal-prompts/,mindfulness journaling prompts,2021-11-01,2023-10-01,Mindful Zen
"Although it may be hard to remember when battling a period of self-doubt, we all have talents. What are three things I do well?",https://mindfulzen.co/mindfulness-journal-prompts/,mindfulness journaling prompts,2021-11-01,2023-10-01,Mindful Zen
"Not everything is bright and rosy when it comes to mindfulness. It’s also about getting to know the less-than-shining aspects of our personhood. So today, I’m permitting myself to celebrate three pet peeves I proudly maintain.",https://mindfulzen.co/mindfulness-journal-prompts/,mindfulness journaling prompts,2021-11-01,2023-10-01,Mindful Zen
"Do I procrastinate? If so, why?",https://mindfulzen.co/mindfulness-journal-prompts/,mindfulness journaling prompts,2021-11-01,2023-10-01,Mindful Zen
Learning to say “no” can have an immeasurably positive impact on my life. What are five things I can start rejecting today?,https://mindfulzen.co/mindfulness-journal-prompts/,mindfulness journaling prompts,2021-11-01,2023-10-01,Mindful Zen
Dreams can provide insight into how one’s life is going and where it’s headed. How well do you remember yours? What’s the last dream you remember?,https://mindfulzen.co/mindfulness-journal-prompts/,mindfulness journaling prompts,2021-11-01,2023-10-01,Mindful Zen
"Good or bad, if I could say anything to anyone today, what would it be and why?",https://mindfulzen.co/mindfulness-journal-prompts/,mindfulness journaling prompts,2021-11-01,2023-10-01,Mindful Zen
What five habits am I most passionate about changing?,https://mindfulzen.co/mindfulness-journal-prompts/,mindfulness journaling prompts,2021-11-01,2023-10-01,Mindful Zen
What five things do you like best about the place you live now?,https://mindfulzen.co/mindfulness-journal-prompts/,mindfulness journaling prompts,2021-11-01,2023-10-01,Mindful Zen
Make today a culinary day. What foods do I love (whether “good” or “bad”)? How can I treat my tastebuds today?,https://mindfulzen.co/mindfulness-journal-prompts/,mindfulness journaling prompts,2021-11-01,2023-10-01,Mindful Zen
Imagine: I just won the lottery. $10 million. What would I do?,https://mindfulzen.co/mindfulness-journal-prompts/,mindfulness journaling prompts,2021-11-01,2023-10-01,Mindful Zen
I woke up ready to try my hardest. What would that look like?,https://mindfulzen.co/mindfulness-journal-prompts/,mindfulness journaling prompts,2021-11-01,2023-10-01,Mindful Zen
"If I could wear a warning sign, what would it be and why?",https://mindfulzen.co/mindfulness-journal-prompts/,mindfulness journaling prompts,2021-11-01,2023-10-01,Mindful Zen
Cleaning calms me down. What item could I clean meticulously today that would bring me immense satisfaction?,https://mindfulzen.co/mindfulness-journal-prompts/,mindfulness journaling prompts,2021-11-01,2023-10-01,Mindful Zen
I awoke this morning and found a time machine in my bedroom. What would I do? Where would I go?,https://mindfulzen.co/mindfulness-journal-prompts/,mindfulness journaling prompts,2021-11-01,2023-10-01,Mindful Zen
I awoke in a state of rumination. What mantra or affirmation can I use today to remain mindful and focused on the present?,https://mindfulzen.co/mindfulness-journal-prompts/,mindfulness journaling prompts,2021-11-01,2023-10-01,Mindful Zen
"Today, my brain needs to relax. It’s earned a day of mindless television. However, picking the line-up can be a fun, mindful exercise. How will I go about curating my day-long film festival for the day?",https://mindfulzen.co/mindfulness-journal-prompts/,mindfulness journaling prompts,2021-11-01,2023-10-01,Mindful Zen
I awoke today disappointed in myself for being unkind to [insert individual to whom you were less than kind]. How can I work through my guilt and not let it consume me today?,https://mindfulzen.co/mindfulness-journal-prompts/,mindfulness journaling prompts,2021-11-01,2023-10-01,Mindful Zen
Smell is one of the most profound senses we possess; it has the power to transport us to a different time and place. What smells take you to a happy time in your life?,https://mindfulzen.co/mindfulness-journal-prompts/,mindfulness journaling prompts,2021-11-01,2023-10-01,Mindful Zen
"Nobody is perfect. We all behave like uncaring beasts at times throughout our lives. Today, how can I learn to forgive myself when my nasty side takes the reins?",https://mindfulzen.co/mindfulness-journal-prompts/,mindfulness journaling prompts,2021-11-01,2023-10-01,Mindful Zen
Positive affirmations can help drag us out of a rumination spiral and back into the present. What positive affirmation may work for you today?,https://mindfulzen.co/mindfulness-journal-prompts/,mindfulness journaling prompts,2021-11-01,2023-10-01,Mindful Zen
Learning to recognize one’s faults is a massive part of mindful living. Think about how you could have been kinder or more compassionate over the past week.,https://mindfulzen.co/mindfulness-journal-prompts/,mindfulness journaling prompts,2021-11-01,2023-10-01,Mindful Zen
What does kindness mean to you? In what ways do you extend it to others and yourself?,https://mindfulzen.co/mindfulness-journal-prompts/,mindfulness journaling prompts,2021-11-01,2023-10-01,Mindful Zen
Communing with nature is a powerful mindfulness activity that supports good physical and mental health. Think and write about how being outside makes you feel.,https://mindfulzen.co/mindfulness-journal-prompts/,mindfulness journaling prompts,2021-11-01,2023-10-01,Mindful Zen
When was the last time you felt great about yourself? Describe an exact moment in as much detail as possible.,https://mindfulzen.co/mindfulness-journal-prompts/,mindfulness journaling prompts,2021-11-01,2023-10-01,Mindful Zen
Presence is a significant aspect of living a mindful life. In what ways can you be more centered and present today?,https://mindfulzen.co/mindfulness-journal-prompts/,mindfulness journaling prompts,2021-11-01,2023-10-01,Mindful Zen
What kind of person do you want to be? What does authenticity mean to you?,https://mindfulzen.co/mindfulness-journal-prompts/,mindfulness journaling prompts,2021-11-01,2023-10-01,Mindful Zen
What is your relationship with vulnerability? Do you see it as a weakness? A strength?,https://mindfulzen.co/mindfulness-journal-prompts/,mindfulness journaling prompts,2021-11-01,2023-10-01,Mindful Zen
"What emotions did I experience today, and what triggered them? Reflecting on the emotions that arise throughout the day helps in recognizing patterns and understanding personal responses to different situations.",https://powerfulsight.com/mindfulness-journal-prompts/,mindfulness journaling prompts,2024-10-01,2024-10-01,Onwe Damian Chukwuemeka
"What is one thing I learned today that can help me grow? This prompt encourages continuous learning and self-improvement, essential components of a mindfulness practice.",https://powerfulsight.com/mindfulness-journal-prompts/,mindfulness journaling prompts,2024-10-01,2024-10-01,Onwe Damian Chukwuemeka
"How did I show kindness to myself today? Self-compassion is a key aspect of mindfulness, and reflecting on acts of kindness towards oneself can reinforce positive thinking and self-acceptance.",https://powerfulsight.com/mindfulness-journal-prompts/,mindfulness journaling prompts,2024-10-01,2024-10-01,Onwe Damian Chukwuemeka
"Describe a moment when I felt truly present today. Such reflections can highlight instances of mindfulness, encouraging individuals to seek similar moments in the future.",https://powerfulsight.com/mindfulness-journal-prompts/,mindfulness journaling prompts,2024-10-01,2024-10-01,Onwe Damian Chukwuemeka
What small pleasure did I experience today? Acknowledging simple joys can elevate mood and enhance appreciation for daily life.,https://powerfulsight.com/mindfulness-journal-prompts/,mindfulness journaling prompts,2024-10-01,2024-10-01,Onwe Damian Chukwuemeka
"What emotion have I felt most strongly this week, and what provoked it?",https://powerfulsight.com/mindfulness-journal-prompts/,mindfulness journaling prompts,2024-10-01,2024-10-01,Onwe Damian Chukwuemeka
"Did I encounter any challenges today? How did I respond to them? This prompt can help individuals analyze their coping mechanisms, fostering resilience and adaptability.",https://powerfulsight.com/mindfulness-journal-prompts/,mindfulness journaling prompts,2024-10-01,2024-10-01,Onwe Damian Chukwuemeka
"What are three things I am grateful for today? Gratitude is a significant component of mindfulness, and recognizing positive aspects of life can shift focus away from negativity.",https://powerfulsight.com/mindfulness-journal-prompts/,mindfulness journaling prompts,2024-10-01,2024-10-01,Onwe Damian Chukwuemeka
"When was the last time I felt overwhelmed, and how did I cope with it?",https://powerfulsight.com/mindfulness-journal-prompts/,mindfulness journaling prompts,2024-10-01,2024-10-01,Onwe Damian Chukwuemeka
How do I react to my emotions when they arise?,https://powerfulsight.com/mindfulness-journal-prompts/,mindfulness journaling prompts,2024-10-01,2024-10-01,Onwe Damian Chukwuemeka
Describe three sounds you hear in your environment right now. How do these sounds affect your mood?,https://powerfulsight.com/mindfulness-journal-prompts/,mindfulness journaling prompts,2024-10-01,2024-10-01,Onwe Damian Chukwuemeka
What colors do you see around you? Choose one color and write about its significance to you.,https://powerfulsight.com/mindfulness-journal-prompts/,mindfulness journaling prompts,2024-10-01,2024-10-01,Onwe Damian Chukwuemeka
Focus on the textures nearby. Describe the sensation of the surfaces you touch; how does that contribute to your experience in this moment?,https://powerfulsight.com/mindfulness-journal-prompts/,mindfulness journaling prompts,2024-10-01,2024-10-01,Onwe Damian Chukwuemeka
Take note of any scents that fill the air. How do these smells make you feel? Do they evoke any memories?,https://powerfulsight.com/mindfulness-journal-prompts/,mindfulness journaling prompts,2024-10-01,2024-10-01,Onwe Damian Chukwuemeka
Engage with the movement around you. Observe people or elements in motion; how does their movement impact your sense of peace or distraction?,https://powerfulsight.com/mindfulness-journal-prompts/,mindfulness journaling prompts,2024-10-01,2024-10-01,Onwe Damian Chukwuemeka
Reflect on the temperature in your environment—how does the warmth or coolness influence your state of being?,https://powerfulsight.com/mindfulness-journal-prompts/,mindfulness journaling prompts,2024-10-01,2024-10-01,Onwe Damian Chukwuemeka
How does my body physically respond to stress or anxiety?,https://powerfulsight.com/mindfulness-journal-prompts/,mindfulness journaling prompts,2024-10-01,2024-10-01,Onwe Damian Chukwuemeka
What coping mechanisms have I developed to manage stress in the past?,https://powerfulsight.com/mindfulness-journal-prompts/,mindfulness journaling prompts,2024-10-01,2024-10-01,Onwe Damian Chukwuemeka
In what ways can I cultivate calmness during overwhelming moments?,https://powerfulsight.com/mindfulness-journal-prompts/,mindfulness journaling prompts,2024-10-01,2024-10-01,Onwe Damian Chukwuemeka
What situations most frequently trigger my feelings of stress or anxiety?,https://powerfulsight.com/mindfulness-journal-prompts/,mindfulness journaling prompts,2024-10-01,2024-10-01,Onwe Damian Chukwuemeka
What are three core values that guide my life?,https://powerfulsight.com/mindfulness-journal-prompts/,mindfulness journaling prompts,2024-10-01,2024-10-01,Onwe Damian Chukwuemeka
"What is my proudest life accomplishment, and what did I learn from it?",https://powerfulsight.com/mindfulness-journal-prompts/,mindfulness journaling prompts,2024-10-01,2024-10-01,Onwe Damian Chukwuemeka
What colors stand out to you in nature today?,https://powerfulsight.com/mindfulness-journal-prompts/,mindfulness journaling prompts,2024-10-01,2024-10-01,Onwe Damian Chukwuemeka
"What natural element brings you peace or joy, and why?",https://powerfulsight.com/mindfulness-journal-prompts/,mindfulness journaling prompts,2024-10-01,2024-10-01,Onwe Damian Chukwuemeka
"How do I feel after spending time in nature, and what thoughts accompany those feelings?",https://powerfulsight.com/mindfulness-journal-prompts/,mindfulness journaling prompts,2024-10-01,2024-10-01,Onwe Damian Chukwuemeka
What is one thing I achieved today that I am proud of?,https://powerfulsight.com/mindfulness-journal-prompts/,mindfulness journaling prompts,2024-10-01,2024-10-01,Onwe Damian Chukwuemeka
"What challenges did I encounter today, and how did I respond to them?",https://powerfulsight.com/mindfulness-journal-prompts/,mindfulness journaling prompts,2024-10-01,2024-10-01,Onwe Damian Chukwuemeka
What brought me happiness today?,https://powerfulsight.com/mindfulness-journal-prompts/,mindfulness journaling prompts,2024-10-01,2024-10-01,Onwe Damian Chukwuemeka
"Access kindness first. If you’re hesitant to journal about your feelings, reflect on what’s holding you back. Then write yourself supportive, comforting words, and consider how you can create space for self-compassion in all areas of your life.",https://forum.psychlinks.ca/threads/journal-prompts-to-help-you-process-your-emotions.30918/,mindfulness journaling prompts,2020-05-27,2020-05-27,David Baxter PhD
What is one intention I would like to set for tomorrow?,https://powerfulsight.com/mindfulness-journal-prompts/,mindfulness journaling prompts,2024-10-01,2024-10-01,Onwe Damian Chukwuemeka
"Locate the emotion. Journaling about where in your body you’re experiencing your emotional pain. For example, you might sense sadness in your stomach or heaviness in your chest. You might feel anger in your red-hot face and anxiety in your stiff neck.",https://forum.psychlinks.ca/threads/journal-prompts-to-help-you-process-your-emotions.30918/,mindfulness journaling prompts,2020-05-27,2020-05-27,David Baxter PhD
Describe a recent experience where you felt the wind or warmth of the sun on your skin.,https://powerfulsight.com/mindfulness-journal-prompts/,mindfulness journaling prompts,2024-10-01,2024-10-01,Onwe Damian Chukwuemeka
Explore your grief. At the top of your page write the words “My Thoughts Related to Grief.” Then jot down anything that comes to mind.,https://forum.psychlinks.ca/threads/journal-prompts-to-help-you-process-your-emotions.30918/,mindfulness journaling prompts,2020-05-27,2020-05-27,David Baxter PhD
"Explore letting go. Answer these questions about a relationship, experience, or belief you’d like to relinquish because it’s no longer serving you: Why is this becoming harder to hold on to? When I think about letting this go, what fears come up? When I imagine my life one year from today (after letting go of what no longer serves me), how have my relationships, experiences, and beliefs changed? What would I like to discover about myself throughout this process of letting go? What am I afraid I might learn about myself? What would happen if I woke up tomorrow without ______? How can I celebrate the courage that letting go required? What person can I share this with, who’d honor, celebrate, and support me in letting this go?",https://forum.psychlinks.ca/threads/journal-prompts-to-help-you-process-your-emotions.30918/,mindfulness journaling prompts,2020-05-27,2020-05-27,David Baxter PhD
"Name your supports. What strengths, resources, and support do I have that can help me as I face my struggles? Then, create a list of what people could say and do to help you feel supported and comforted when you’re struggling.",https://forum.psychlinks.ca/threads/journal-prompts-to-help-you-process-your-emotions.30918/,mindfulness journaling prompts,2020-05-27,2020-05-27,David Baxter PhD
"Expand your perspective. Create two lists: one with situations and things that bring you emotional pain; and the other with what brings you joy and laughter. Reflect on how both lists contain important aspects of being human and are important to allow ourselves to feel. Then, write about how all our feelings are temporary. Does that change your perspective regarding feeling difficult emotions?",https://forum.psychlinks.ca/threads/journal-prompts-to-help-you-process-your-emotions.30918/,mindfulness journaling prompts,2020-05-27,2020-05-27,David Baxter PhD
Explore a memory. What memory lingers with you the most? How has this experience changed you? Who do you wish you could talk to about this? Why? How are you seeing your resilience through this experience?,https://forum.psychlinks.ca/threads/journal-prompts-to-help-you-process-your-emotions.30918/,mindfulness journaling prompts,2020-05-27,2020-05-27,David Baxter PhD
What's next for me now that my kids are older?,https://podcasts.apple.com/se/podcast/midlife-purpose-project-conversations-for-midlife-women/id1698844006,mindfulness journaling prompts,2023-04-25,2023-05-30,Katie Farinas
Why do I feel unfulfilled even though I have a good life?,https://podcasts.apple.com/se/podcast/midlife-purpose-project-conversations-for-midlife-women/id1698844006,mindfulness journaling prompts,2023-04-25,2023-05-30,Katie Farinas
How can I reconnect with my higher self?,https://podcasts.apple.com/se/podcast/midlife-purpose-project-conversations-for-midlife-women/id1698844006,mindfulness journaling prompts,2023-04-25,2023-05-30,Katie Farinas
Why do I suddenly feel like my relationships are unsatisfying?,https://podcasts.apple.com/se/podcast/midlife-purpose-project-conversations-for-midlife-women/id1698844006,mindfulness journaling prompts,2023-04-25,2023-05-30,Katie Farinas
"Dig deeper into your emotional pain. Think about an experience that elicited painful emotions. What thoughts did you have about this experience and what it meant to you? What negative emotions surface most often around it (like anxiety, shame, or guilt)? What behaviors resulted from the emotional pain? How were they helpful and unhelpful to you? In what ways is the emotional pain a result of the unrealistic demands you put on yourself, others, and the world around you?",https://forum.psychlinks.ca/threads/journal-prompts-to-help-you-process-your-emotions.30918/,mindfulness journaling prompts,2020-05-27,2020-05-27,David Baxter PhD
How do I stop people pleasing and start honoring my own needs?,https://podcasts.apple.com/se/podcast/midlife-purpose-project-conversations-for-midlife-women/id1698844006,mindfulness journaling prompts,2023-04-25,2023-05-30,Katie Farinas
How do I know if I'm having a midlife awakening or just a crisis?,https://podcasts.apple.com/se/podcast/midlife-purpose-project-conversations-for-midlife-women/id1698844006,mindfulness journaling prompts,2023-04-25,2023-05-30,Katie Farinas
Why do I feel overwhelmed and anxious all the time?,https://podcasts.apple.com/se/podcast/midlife-purpose-project-conversations-for-midlife-women/id1698844006,mindfulness journaling prompts,2023-04-25,2023-05-30,Katie Farinas
How do I start over when I don't even know what I want?,https://podcasts.apple.com/se/podcast/midlife-purpose-project-conversations-for-midlife-women/id1698844006,mindfulness journaling prompts,2023-04-25,2023-05-30,Katie Farinas
Why don't I feel a sense of awe anymore?,https://podcasts.apple.com/se/podcast/midlife-purpose-project-conversations-for-midlife-women/id1698844006,mindfulness journaling prompts,2023-04-25,2023-05-30,Katie Farinas
What is my role as a parent in this stage?,https://podcasts.apple.com/se/podcast/midlife-purpose-project-conversations-for-midlife-women/id1698844006,mindfulness journaling prompts,2023-04-25,2023-05-30,Katie Farinas
What will my legacy be?,https://podcasts.apple.com/se/podcast/midlife-purpose-project-conversations-for-midlife-women/id1698844006,mindfulness journaling prompts,2023-04-25,2023-05-30,Katie Farinas
What is one goal I hope to accomplish today?,https://www.ppmd.org/wp-content/uploads/2020/05/Reflective-Questions-for-Mindfulness-CV-5.2020.pdf,daily mindfulness questions,n/a,n/a,Sue Badeau
What felt the hardest this week,https://www.skool.com/reignite-your-life-8332/some-journaling-prompts-when-things-feel-overwhelming,mindfulness journaling prompts,n/a,n/a,Catherine Bassett
How will I nourish my relationships by connecting with someone today?,https://www.ppmd.org/wp-content/uploads/2020/05/Reflective-Questions-for-Mindfulness-CV-5.2020.pdf,daily mindfulness questions,n/a,n/a,Sue Badeau
Who can I turn to for support today if needed?,https://www.ppmd.org/wp-content/uploads/2020/05/Reflective-Questions-for-Mindfulness-CV-5.2020.pdf,daily mindfulness questions,n/a,n/a,Sue Badeau
How will I nourish – and move – my body today?,https://www.ppmd.org/wp-content/uploads/2020/05/Reflective-Questions-for-Mindfulness-CV-5.2020.pdf,daily mindfulness questions,n/a,n/a,Sue Badeau
How will I nourish my spirit today?,https://www.ppmd.org/wp-content/uploads/2020/05/Reflective-Questions-for-Mindfulness-CV-5.2020.pdf,daily mindfulness questions,n/a,n/a,Sue Badeau
How will I nourish my mind today?,https://www.ppmd.org/wp-content/uploads/2020/05/Reflective-Questions-for-Mindfulness-CV-5.2020.pdf,daily mindfulness questions,n/a,n/a,Sue Badeau
"Have I seen, heard or created any beauty today and how can I share it with others?",https://www.ppmd.org/wp-content/uploads/2020/05/Reflective-Questions-for-Mindfulness-CV-5.2020.pdf,daily mindfulness questions,n/a,n/a,Sue Badeau
What is one thing I learned today?,https://www.ppmd.org/wp-content/uploads/2020/05/Reflective-Questions-for-Mindfulness-CV-5.2020.pdf,daily mindfulness questions,n/a,n/a,Sue Badeau
What is one success I had today?,https://www.ppmd.org/wp-content/uploads/2020/05/Reflective-Questions-for-Mindfulness-CV-5.2020.pdf,daily mindfulness questions,n/a,n/a,Sue Badeau
What are 3 things I am thankful for today?,https://www.ppmd.org/wp-content/uploads/2020/05/Reflective-Questions-for-Mindfulness-CV-5.2020.pdf,daily mindfulness questions,n/a,n/a,Sue Badeau
What is one thing that surprised me today?,https://www.ppmd.org/wp-content/uploads/2020/05/Reflective-Questions-for-Mindfulness-CV-5.2020.pdf,daily mindfulness questions,n/a,n/a,Sue Badeau
What is one worry or fear I will let go of tonight before I sleep?,https://www.ppmd.org/wp-content/uploads/2020/05/Reflective-Questions-for-Mindfulness-CV-5.2020.pdf,daily mindfulness questions,n/a,n/a,Sue Badeau
What are the feelings I’m experiencing right now?,https://psychcentral.com/health/critical-questions-to-ask-yourself-to-ensure-that-youre-living-a-mindful-meaningful-life,daily mindfulness questions,2024-02-20,2024-02-20,Sarah Barkley
What is one thing I am looking forward to tomorrow?,https://www.ppmd.org/wp-content/uploads/2020/05/Reflective-Questions-for-Mindfulness-CV-5.2020.pdf,daily mindfulness questions,n/a,n/a,Sue Badeau
What am I grateful for?,https://psychcentral.com/health/critical-questions-to-ask-yourself-to-ensure-that-youre-living-a-mindful-meaningful-life,daily mindfulness questions,2024-02-20,2024-02-20,Sarah Barkley
What can I do for self-care today?,https://psychcentral.com/health/critical-questions-to-ask-yourself-to-ensure-that-youre-living-a-mindful-meaningful-life,daily mindfulness questions,2024-02-20,2024-02-20,Sarah Barkley
Is something in my life not serving me?,https://psychcentral.com/health/critical-questions-to-ask-yourself-to-ensure-that-youre-living-a-mindful-meaningful-life,daily mindfulness questions,2024-02-20,2024-02-20,Sarah Barkley
What should I forgive myself for?,https://psychcentral.com/health/critical-questions-to-ask-yourself-to-ensure-that-youre-living-a-mindful-meaningful-life,daily mindfulness questions,2024-02-20,2024-02-20,Sarah Barkley
What do I need right now?,https://psychcentral.com/health/critical-questions-to-ask-yourself-to-ensure-that-youre-living-a-mindful-meaningful-life,daily mindfulness questions,2024-02-20,2024-02-20,Sarah Barkley
What life accomplishments can I celebrate?,https://psychcentral.com/health/critical-questions-to-ask-yourself-to-ensure-that-youre-living-a-mindful-meaningful-life,daily mindfulness questions,2024-02-20,2024-02-20,Sarah Barkley
What makes me feel alive?,https://mindfulnessexercises.com/20-mindful-questions-to-ask-yourself/,daily mindfulness questions,2021-03-21,2021-03-21,Gillian Florence
What are my core values?,https://mindfulnessexercises.com/20-mindful-questions-to-ask-yourself/,daily mindfulness questions,2021-03-21,2021-03-21,Gillian Florence
How does anger/grief/anxiety/happiness present in my body?,https://mindfulnessexercises.com/20-mindful-questions-to-ask-yourself/,daily mindfulness questions,2021-03-21,2021-03-21,Gillian Florence
What choice or decision feels most authentic to me right now?,https://mindfulnessexercises.com/20-mindful-questions-to-ask-yourself/,daily mindfulness questions,2021-03-21,2021-03-21,Gillian Florence
What is the fear beneath one of my surface fears?,https://mindfulnessexercises.com/20-mindful-questions-to-ask-yourself/,daily mindfulness questions,2021-03-21,2021-03-21,Gillian Florence
"At the end of my life, what will I hope to have experienced?",https://mindfulnessexercises.com/20-mindful-questions-to-ask-yourself/,daily mindfulness questions,2021-03-21,2021-03-21,Gillian Florence
What is most difficult for me to accept about myself?,https://mindfulnessexercises.com/20-mindful-questions-to-ask-yourself/,daily mindfulness questions,2021-03-21,2021-03-21,Gillian Florence
What matters most to me?,https://mindfulnessexercises.com/20-mindful-questions-to-ask-yourself/,daily mindfulness questions,2021-03-21,2021-03-21,Gillian Florence
"What do I judge in others that I, too, embody sometimes?",https://mindfulnessexercises.com/20-mindful-questions-to-ask-yourself/,daily mindfulness questions,2021-03-21,2021-03-21,Gillian Florence
How would I describe the relationship I have with myself?,https://mindfulnessexercises.com/20-mindful-questions-to-ask-yourself/,daily mindfulness questions,2021-03-21,2021-03-21,Gillian Florence
"If I only had one year left to live, how would I spend it?",https://mindfulnessexercises.com/20-mindful-questions-to-ask-yourself/,daily mindfulness questions,2021-03-21,2021-03-21,Gillian Florence
Do I practice what I preach?,https://mindfulnessexercises.com/20-mindful-questions-to-ask-yourself/,daily mindfulness questions,2021-03-21,2021-03-21,Gillian Florence
What is this moment asking of me?,https://mindfulnessexercises.com/20-mindful-questions-to-ask-yourself/,daily mindfulness questions,2021-03-21,2021-03-21,Gillian Florence
"In a recent disagreement, what was I not acknowledging or accepting?",https://mindfulnessexercises.com/20-mindful-questions-to-ask-yourself/,daily mindfulness questions,2021-03-21,2021-03-21,Gillian Florence
Where might I lean into forgiveness (of self or other)?,https://mindfulnessexercises.com/20-mindful-questions-to-ask-yourself/,daily mindfulness questions,2021-03-21,2021-03-21,Gillian Florence
What is my happy place?,https://mindfulnessexercises.com/20-mindful-questions-to-ask-yourself/,daily mindfulness questions,2021-03-21,2021-03-21,Gillian Florence
"If I was sure to succeed, what project or course of study would I begin tomorrow?",https://mindfulnessexercises.com/20-mindful-questions-to-ask-yourself/,daily mindfulness questions,2021-03-21,2021-03-21,Gillian Florence
When do I feel most like ‘me’?,https://mindfulnessexercises.com/20-mindful-questions-to-ask-yourself/,daily mindfulness questions,2021-03-21,2021-03-21,Gillian Florence
Who am I without using any words to define myself?,https://mindfulnessexercises.com/20-mindful-questions-to-ask-yourself/,daily mindfulness questions,2021-03-21,2021-03-21,Gillian Florence
"What thoughts, beliefs, or stories am I holding onto that no longer serve me?",https://mindfulnessexercises.com/20-mindful-questions-to-ask-yourself/,daily mindfulness questions,2021-03-21,2021-03-21,Gillian Florence
How am I feeling right now?,https://www.calm.com/blog/check-in-with-yourself,daily mindfulness questions,n/a,n/a,Calm Editorial Team
What does my body need at this moment?,https://www.calm.com/blog/check-in-with-yourself,daily mindfulness questions,n/a,n/a,Calm Editorial Team
What self-care action can I take today?,https://www.calm.com/blog/check-in-with-yourself,daily mindfulness questions,n/a,n/a,Calm Editorial Team
Is there anything I need to forgive myself for?,https://www.calm.com/blog/check-in-with-yourself,daily mindfulness questions,n/a,n/a,Calm Editorial Team
What am I grateful for today?,https://www.calm.com/blog/check-in-with-yourself,daily mindfulness questions,n/a,n/a,Calm Editorial Team
What are my needs that aren't being met?,https://www.calm.com/blog/check-in-with-yourself,daily mindfulness questions,n/a,n/a,Calm Editorial Team
What accomplishments can I celebrate today?,https://www.calm.com/blog/check-in-with-yourself,daily mindfulness questions,n/a,n/a,Calm Editorial Team
How can I be kinder to myself in this moment?,https://www.calm.com/blog/check-in-with-yourself,daily mindfulness questions,n/a,n/a,Calm Editorial Team
What's one thing I can let go of that’s not serving me?,https://www.calm.com/blog/check-in-with-yourself,daily mindfulness questions,n/a,n/a,Calm Editorial Team
What do I want?,https://blog.gratefulness.me/mindful-questions/,daily mindfulness questions,2023-06-01,2023-06-01,Aarushi Tewari
"What brings me joy, and how can I incorporate more of it into my life?",https://www.calm.com/blog/check-in-with-yourself,daily mindfulness questions,n/a,n/a,Calm Editorial Team
How do I feel about myself?,https://blog.gratefulness.me/mindful-questions/,daily mindfulness questions,2023-06-01,2023-06-01,Aarushi Tewari
How do I feel about my life?,https://blog.gratefulness.me/mindful-questions/,daily mindfulness questions,2023-06-01,2023-06-01,Aarushi Tewari
How do I feel about my relationship with my friends?,https://blog.gratefulness.me/mindful-questions/,daily mindfulness questions,2023-06-01,2023-06-01,Aarushi Tewari
How do I feel about my relationship with my partner?,https://blog.gratefulness.me/mindful-questions/,daily mindfulness questions,2023-06-01,2023-06-01,Aarushi Tewari
What brings me a deep sense of joy and fulfillment?,https://blog.gratefulness.me/mindful-questions/,daily mindfulness questions,2023-06-01,2023-06-01,Aarushi Tewari
Are my actions aligned with my core values?,https://blog.gratefulness.me/mindful-questions/,daily mindfulness questions,2023-06-01,2023-06-01,Aarushi Tewari
How do I feel about my relationship with my family?,https://blog.gratefulness.me/mindful-questions/,daily mindfulness questions,2023-06-01,2023-06-01,Aarushi Tewari
"When I reflect on my life, which moments or experiences will truly matter to me?",https://blog.gratefulness.me/mindful-questions/,daily mindfulness questions,2023-06-01,2023-06-01,Aarushi Tewari
What underlying fear might be driving my current worries?,https://blog.gratefulness.me/mindful-questions/,daily mindfulness questions,2023-06-01,2023-06-01,Aarushi Tewari
Which recent decision resonates most genuinely with who I am right now?,https://blog.gratefulness.me/mindful-questions/,daily mindfulness questions,2023-06-01,2023-06-01,Aarushi Tewari
"In what ways do I see my own flaws mirrored in others, and how can I practice compassion towards both myself and them?",https://blog.gratefulness.me/mindful-questions/,daily mindfulness questions,2023-06-01,2023-06-01,Aarushi Tewari
What aspects of myself do I struggle to fully accept and embrace?,https://blog.gratefulness.me/mindful-questions/,daily mindfulness questions,2023-06-01,2023-06-01,Aarushi Tewari
"How would I describe the quality of my relationship with myself, and what can I do to nurture it further?",https://blog.gratefulness.me/mindful-questions/,daily mindfulness questions,2023-06-01,2023-06-01,Aarushi Tewari
What truly matters to me in the grand scheme of life?,https://blog.gratefulness.me/mindful-questions/,daily mindfulness questions,2023-06-01,2023-06-01,Aarushi Tewari
What is the present moment inviting me to notice or be aware of?,https://blog.gratefulness.me/mindful-questions/,daily mindfulness questions,2023-06-01,2023-06-01,Aarushi Tewari
Am I consistently embodying the values and principles I believe in?,https://blog.gratefulness.me/mindful-questions/,daily mindfulness questions,2023-06-01,2023-06-01,Aarushi Tewari
Where can I cultivate forgiveness within myself or towards others?,https://blog.gratefulness.me/mindful-questions/,daily mindfulness questions,2023-06-01,2023-06-01,Aarushi Tewari
"In a recent conflict, what perspectives or truths was I unwilling to acknowledge or accept?",https://blog.gratefulness.me/mindful-questions/,daily mindfulness questions,2023-06-01,2023-06-01,Aarushi Tewari
"If I had limited time left to live, how can I make the most meaningful use of it?",https://blog.gratefulness.me/mindful-questions/,daily mindfulness questions,2023-06-01,2023-06-01,Aarushi Tewari
When do I feel most connected to my authentic self and fully alive?,https://blog.gratefulness.me/mindful-questions/,daily mindfulness questions,2023-06-01,2023-06-01,Aarushi Tewari
"Where do I find my inner sanctuary, a place of peace and tranquility?",https://blog.gratefulness.me/mindful-questions/,daily mindfulness questions,2023-06-01,2023-06-01,Aarushi Tewari
"If guaranteed success, what learning or creative endeavor would I eagerly embark on?",https://blog.gratefulness.me/mindful-questions/,daily mindfulness questions,2023-06-01,2023-06-01,Aarushi Tewari
Can I explore who I am beyond the limitations of language or labels?,https://blog.gratefulness.me/mindful-questions/,daily mindfulness questions,2023-06-01,2023-06-01,Aarushi Tewari
Is there something that I am missing in my life?,https://blog.gratefulness.me/mindful-questions/,daily mindfulness questions,2023-06-01,2023-06-01,Aarushi Tewari
Is there something in my past that still haunts me?,https://blog.gratefulness.me/mindful-questions/,daily mindfulness questions,2023-06-01,2023-06-01,Aarushi Tewari
What is troubling me these days that I haven't given myself time to feel?,https://blog.gratefulness.me/mindful-questions/,daily mindfulness questions,2023-06-01,2023-06-01,Aarushi Tewari
Is there an emotion that I don't know how to manage well? When did it last affect me?,https://blog.gratefulness.me/mindful-questions/,daily mindfulness questions,2023-06-01,2023-06-01,Aarushi Tewari
"What thoughts, beliefs, or narratives do I hold onto that hinder my growth and well-being?",https://blog.gratefulness.me/mindful-questions/,daily mindfulness questions,2023-06-01,2023-06-01,Aarushi Tewari
What do I fear?,https://blog.gratefulness.me/mindful-questions/,daily mindfulness questions,2023-06-01,2023-06-01,Aarushi Tewari
What do I want in my life?,https://blog.gratefulness.me/mindful-questions/,daily mindfulness questions,2023-06-01,2023-06-01,Aarushi Tewari
Is there someone in my life that I don't like but still spend time with? Why do I do that?,https://blog.gratefulness.me/mindful-questions/,daily mindfulness questions,2023-06-01,2023-06-01,Aarushi Tewari
What do I need to let go of?,https://blog.gratefulness.me/mindful-questions/,daily mindfulness questions,2023-06-01,2023-06-01,Aarushi Tewari
How am I feeling?,https://blog.gratefulness.me/mindful-questions/,daily mindfulness questions,2023-06-01,2023-06-01,Aarushi Tewari
Am I being true to myself?,https://blog.gratefulness.me/mindful-questions/,daily mindfulness questions,2023-06-01,2023-06-01,Aarushi Tewari
What am I holding onto that no longer serves me?,https://blog.gratefulness.me/mindful-questions/,daily mindfulness questions,2023-06-01,2023-06-01,Aarushi Tewari
Is there something unpleasant in my life that I haven't removed yet?,https://blog.gratefulness.me/mindful-questions/,daily mindfulness questions,2023-06-01,2023-06-01,Aarushi Tewari
What am I most proud of accomplishing recently?,https://blog.gratefulness.me/mindful-questions/,daily mindfulness questions,2023-06-01,2023-06-01,Aarushi Tewari
How can I bring more balance into my life?,https://blog.gratefulness.me/mindful-questions/,daily mindfulness questions,2023-06-01,2023-06-01,Aarushi Tewari
What can you get excited about today?,https://blog.cr8s.net/9-daily-mindfulness-questions-start-your-day/,daily mindfulness questions,2023-10-01,2023-10-01,Author Name
What assumptions am I making that could be influencing my perceptions?,https://blog.gratefulness.me/mindful-questions/,daily mindfulness questions,2023-06-01,2023-06-01,Aarushi Tewari
"What obstacles need to get cleared today, to help things go easier tomorrow and beyond?",https://blog.cr8s.net/9-daily-mindfulness-questions-start-your-day/,daily mindfulness questions,2023-10-01,2023-10-01,Author Name
What bold action can I take today that stretches my comfort zone?,https://blog.cr8s.net/9-daily-mindfulness-questions-start-your-day/,daily mindfulness questions,2023-10-01,2023-10-01,Author Name
How can I show someone special appreciation or attention today?,https://blog.cr8s.net/9-daily-mindfulness-questions-start-your-day/,daily mindfulness questions,2023-10-01,2023-10-01,Author Name
"Who needs me to be my best today, or who needs my help the most today?",https://blog.cr8s.net/9-daily-mindfulness-questions-start-your-day/,daily mindfulness questions,2023-10-01,2023-10-01,Author Name
What interesting content can I create today to share with the world?,https://blog.cr8s.net/9-daily-mindfulness-questions-start-your-day/,daily mindfulness questions,2023-10-01,2023-10-01,Author Name
"If I only got ONE thing finished today, what would that be, to feel great at the end of the day?",https://blog.cr8s.net/9-daily-mindfulness-questions-start-your-day/,daily mindfulness questions,2023-10-01,2023-10-01,Author Name
"What good can I do for the world, for my family and for myself today?",https://blog.cr8s.net/9-daily-mindfulness-questions-start-your-day/,daily mindfulness questions,2023-10-01,2023-10-01,Author Name
What is one thing I can work on today that I've been putting off for too long?,https://blog.cr8s.net/9-daily-mindfulness-questions-start-your-day/,daily mindfulness questions,2023-10-01,2023-10-01,Author Name
What am I experiencing emotionally right now in this very moment?,https://donthateyourguts.com/check-exercise-favorite-practice-practicing-mindfulness-every-day-life-increasing-self-awareness/,daily mindfulness questions,2017-06-09,n/a,Dr. Jennifer Franklin
What am I experiencing right now in this very moment…?,https://donthateyourguts.com/check-exercise-favorite-practice-practicing-mindfulness-every-day-life-increasing-self-awareness/,daily mindfulness questions,2017-06-09,n/a,Dr. Jennifer Franklin
What am I experiencing sensationally right now in this very moment?,https://donthateyourguts.com/check-exercise-favorite-practice-practicing-mindfulness-every-day-life-increasing-self-awareness/,daily mindfulness questions,2017-06-09,n/a,Dr. Jennifer Franklin
What am I experiencing mentally right now in this very moment?,https://donthateyourguts.com/check-exercise-favorite-practice-practicing-mindfulness-every-day-life-increasing-self-awareness/,daily mindfulness questions,2017-06-09,n/a,Dr. Jennifer Franklin
Am I feeling connected right now in this moment?,https://donthateyourguts.com/check-exercise-favorite-practice-practicing-mindfulness-every-day-life-increasing-self-awareness/,daily mindfulness questions,2017-06-09,n/a,Dr. Jennifer Franklin
"To Myself—How connected to myself or disconnected from myself am I feeling right now in this moment? Do I feel close/closer to my feelings, sensations, and thoughts or distant/more distant?",https://donthateyourguts.com/check-exercise-favorite-practice-practicing-mindfulness-every-day-life-increasing-self-awareness/,daily mindfulness questions,2017-06-09,n/a,Dr. Jennifer Franklin
"To God/Spirit/the Divine—Are you experiencing connection to something greater than any one person or being in this moment? Are you in touch with your sense of spirituality in this moment? If so, notice what it feels like to feel connected to God/Spirit/the Divine.",https://donthateyourguts.com/check-exercise-favorite-practice-practicing-mindfulness-every-day-life-increasing-self-awareness/,daily mindfulness questions,2017-06-09,n/a,Dr. Jennifer Franklin
"To Nature/Natural Things—To what are you feeling connected in this very moment? Acknowledge if there is a place or an image of a natural setting or tree, plant, body of water, rock, etc., to which you are feeling connected in this very moment.",https://donthateyourguts.com/check-exercise-favorite-practice-practicing-mindfulness-every-day-life-increasing-self-awareness/,daily mindfulness questions,2017-06-09,n/a,Dr. Jennifer Franklin
"To Other beings—To whom or what are you feeling connected? Acknowledge this person, animal, or other being and how it feels sensationally and emotionally to be feeling connected in this moment.",https://donthateyourguts.com/check-exercise-favorite-practice-practicing-mindfulness-every-day-life-increasing-self-awareness/,daily mindfulness questions,2017-06-09,n/a,Dr. Jennifer Franklin
How did practicing the exercise affect you or change your experience of your day?,https://donthateyourguts.com/check-exercise-favorite-practice-practicing-mindfulness-every-day-life-increasing-self-awareness/,daily mindfulness questions,2017-06-09,n/a,Dr. Jennifer Franklin
"Has there been any noticeable change in you, your life, your body, your functioning, your choices, or relationships as a function of having practiced the Check-In over the past week?",https://donthateyourguts.com/check-exercise-favorite-practice-practicing-mindfulness-every-day-life-increasing-self-awareness/,daily mindfulness questions,2017-06-09,n/a,Dr. Jennifer Franklin
How has practicing the Check-In exercise affected you over the course of the week?,https://donthateyourguts.com/check-exercise-favorite-practice-practicing-mindfulness-every-day-life-increasing-self-awareness/,daily mindfulness questions,2017-06-09,n/a,Dr. Jennifer Franklin
What have you learned about yourself from doing the Check-In exercise over the past week?,https://donthateyourguts.com/check-exercise-favorite-practice-practicing-mindfulness-every-day-life-increasing-self-awareness/,daily mindfulness questions,2017-06-09,n/a,Dr. Jennifer Franklin
"Which part(s) of your experience—mind vs. heart vs. body—was (were) easiest to access and connect with? Generally, with which part of yourself—mind vs. heart vs. body vs. connectedness—do you believe you most readily inform yourself?",https://donthateyourguts.com/check-exercise-favorite-practice-practicing-mindfulness-every-day-life-increasing-self-awareness/,daily mindfulness questions,2017-06-09,n/a,Dr. Jennifer Franklin
"Which part(s) of your experience—mind vs. heart vs. body—was (were) most difficult to access or did you feel least connected with? Generally, with which part of yourself—mind vs. heart vs. body vs. connectedness—do you believe you least readily inform yourself?",https://donthateyourguts.com/check-exercise-favorite-practice-practicing-mindfulness-every-day-life-increasing-self-awareness/,daily mindfulness questions,2017-06-09,n/a,Dr. Jennifer Franklin
What are you feeling right now?,https://ziplet.com/post/questions-to-encourage-mindfulness,daily mindfulness questions,n/a,n/a,"Tal, Teacher"
What is your mood for learning right now?,https://ziplet.com/post/questions-to-encourage-mindfulness,daily mindfulness questions,n/a,n/a,"Tal, Teacher"
What does being calm look like and mean to you?,https://ziplet.com/post/questions-to-encourage-mindfulness,daily mindfulness questions,n/a,n/a,"Tal, Teacher"
What sounds can you hear?,https://ziplet.com/post/questions-to-encourage-mindfulness,daily mindfulness questions,n/a,n/a,"Tal, Teacher"
What’s my current energy level?,https://ziplet.com/post/questions-to-encourage-mindfulness,daily mindfulness questions,n/a,n/a,"Tal, Teacher"
What are three things you notice right now?,https://ziplet.com/post/questions-to-encourage-mindfulness,daily mindfulness questions,n/a,n/a,"Tal, Teacher"
What do you feel positive about right now?,https://ziplet.com/post/questions-to-encourage-mindfulness,daily mindfulness questions,n/a,n/a,"Tal, Teacher"
How does what you do benefit others?,https://www.greenspacecoaching.com/blog/daily-challenge-a-question-for-every-day,daily mindfulness questions,2021-12-17,n/a,Karen Liebenguth
What gives you energy? What takes it away? And what for you is a waste of time?,https://www.greenspacecoaching.com/blog/daily-challenge-a-question-for-every-day,daily mindfulness questions,2021-12-17,n/a,Karen Liebenguth
"What do you want from your day today, really want?",https://www.greenspacecoaching.com/blog/daily-challenge-a-question-for-every-day,daily mindfulness questions,2021-12-17,n/a,Karen Liebenguth
"What can you do today that will cause someone to say to you: ""You have made my day!""",https://www.greenspacecoaching.com/blog/daily-challenge-a-question-for-every-day,daily mindfulness questions,2021-12-17,n/a,Karen Liebenguth
What stood out for you this week?,https://www.greenspacecoaching.com/blog/daily-challenge-a-question-for-every-day,daily mindfulness questions,2021-12-17,n/a,Karen Liebenguth
What can you do today to recover from this week and to reenergise for the week ahead?,https://www.greenspacecoaching.com/blog/daily-challenge-a-question-for-every-day,daily mindfulness questions,2021-12-17,n/a,Karen Liebenguth
How do I feel right now & why?,https://www.areweoblivious.com/blogs/news/aiming-for-more-mindfulness-5-questions-to-ask-yourself-daily?srsltid=AfmBOoqIt9PGe7R-MvGYQDLbteqDAvg0IvVOmkfHiL7CB7-JJBIMQ7c1,daily mindfulness questions,2022-08-03,n/a,n/a
"Are you looking forward to the week ahead? If no, ask yourself: What is this about?",https://www.greenspacecoaching.com/blog/daily-challenge-a-question-for-every-day,daily mindfulness questions,2021-12-17,n/a,Karen Liebenguth
How do I want to feel today?,https://www.areweoblivious.com/blogs/news/aiming-for-more-mindfulness-5-questions-to-ask-yourself-daily?srsltid=AfmBOoqIt9PGe7R-MvGYQDLbteqDAvg0IvVOmkfHiL7CB7-JJBIMQ7c1,daily mindfulness questions,2022-08-03,n/a,n/a
What am I grateful for today?,https://www.areweoblivious.com/blogs/news/aiming-for-more-mindfulness-5-questions-to-ask-yourself-daily?srsltid=AfmBOoqIt9PGe7R-MvGYQDLbteqDAvg0IvVOmkfHiL7CB7-JJBIMQ7c1,daily mindfulness questions,2022-08-03,n/a,n/a
What can I do today to get closer to my goals?,https://www.areweoblivious.com/blogs/news/aiming-for-more-mindfulness-5-questions-to-ask-yourself-daily?srsltid=AfmBOoqIt9PGe7R-MvGYQDLbteqDAvg0IvVOmkfHiL7CB7-JJBIMQ7c1,daily mindfulness questions,2022-08-03,n/a,n/a
What is one thing that I can do today that will bring me joy?,https://www.areweoblivious.com/blogs/news/aiming-for-more-mindfulness-5-questions-to-ask-yourself-daily?srsltid=AfmBOoqIt9PGe7R-MvGYQDLbteqDAvg0IvVOmkfHiL7CB7-JJBIMQ7c1,daily mindfulness questions,2022-08-03,n/a,n/a
What is one thing that made me smile today?,https://www.areweoblivious.com/blogs/news/aiming-for-more-mindfulness-5-questions-to-ask-yourself-daily?srsltid=AfmBOoqIt9PGe7R-MvGYQDLbteqDAvg0IvVOmkfHiL7CB7-JJBIMQ7c1,daily mindfulness questions,2022-08-03,n/a,n/a
Did I make someone else smile today?,https://www.areweoblivious.com/blogs/news/aiming-for-more-mindfulness-5-questions-to-ask-yourself-daily?srsltid=AfmBOoqIt9PGe7R-MvGYQDLbteqDAvg0IvVOmkfHiL7CB7-JJBIMQ7c1,daily mindfulness questions,2022-08-03,n/a,n/a
What do I need to let go of?,https://www.areweoblivious.com/blogs/news/aiming-for-more-mindfulness-5-questions-to-ask-yourself-daily?srsltid=AfmBOoqIt9PGe7R-MvGYQDLbteqDAvg0IvVOmkfHiL7CB7-JJBIMQ7c1,daily mindfulness questions,2022-08-03,n/a,n/a
What did I take for granted today?,https://www.areweoblivious.com/blogs/news/aiming-for-more-mindfulness-5-questions-to-ask-yourself-daily?srsltid=AfmBOoqIt9PGe7R-MvGYQDLbteqDAvg0IvVOmkfHiL7CB7-JJBIMQ7c1,daily mindfulness questions,2022-08-03,n/a,n/a
When do I feel most connected to myself?,https://asivanayoga.com/blogs/yoga-blog/mindfulness-questions?srsltid=AfmBOopJ04lrGteWeGOUBkMGuGWGoN_fVU-A8PIjYkPU9SJwI4-FQNkX,daily mindfulness questions,2023-10-01,2023-10-01,Jack Utermoehl
"What are my primary stressors, and how do they manifest in my body?",https://asivanayoga.com/blogs/yoga-blog/mindfulness-questions?srsltid=AfmBOopJ04lrGteWeGOUBkMGuGWGoN_fVU-A8PIjYkPU9SJwI4-FQNkX,daily mindfulness questions,2023-10-01,2023-10-01,Jack Utermoehl
What activities make me lose track of time and why?,https://asivanayoga.com/blogs/yoga-blog/mindfulness-questions?srsltid=AfmBOopJ04lrGteWeGOUBkMGuGWGoN_fVU-A8PIjYkPU9SJwI4-FQNkX,daily mindfulness questions,2023-10-01,2023-10-01,Jack Utermoehl
"How does my inner dialogue sound, and what messages am I telling myself?",https://asivanayoga.com/blogs/yoga-blog/mindfulness-questions?srsltid=AfmBOopJ04lrGteWeGOUBkMGuGWGoN_fVU-A8PIjYkPU9SJwI4-FQNkX,daily mindfulness questions,2023-10-01,2023-10-01,Jack Utermoehl
What is something you did today that made you feel fulfilled?,https://asivanayoga.com/blogs/yoga-blog/mindfulness-questions?srsltid=AfmBOopJ04lrGteWeGOUBkMGuGWGoN_fVU-A8PIjYkPU9SJwI4-FQNkX,daily mindfulness questions,2023-10-01,2023-10-01,Jack Utermoehl
How do you usually react when you're feeling stressed or overwhelmed?,https://asivanayoga.com/blogs/yoga-blog/mindfulness-questions?srsltid=AfmBOopJ04lrGteWeGOUBkMGuGWGoN_fVU-A8PIjYkPU9SJwI4-FQNkX,daily mindfulness questions,2023-10-01,2023-10-01,Jack Utermoehl
What does being present mean to you?,https://asivanayoga.com/blogs/yoga-blog/mindfulness-questions?srsltid=AfmBOopJ04lrGteWeGOUBkMGuGWGoN_fVU-A8PIjYkPU9SJwI4-FQNkX,daily mindfulness questions,2023-10-01,2023-10-01,Jack Utermoehl
What's one thing you've learned recently that's changed your perspective?,https://asivanayoga.com/blogs/yoga-blog/mindfulness-questions?srsltid=AfmBOopJ04lrGteWeGOUBkMGuGWGoN_fVU-A8PIjYkPU9SJwI4-FQNkX,daily mindfulness questions,2023-10-01,2023-10-01,Jack Utermoehl
How does our group respond to conflict or disagreement?,https://asivanayoga.com/blogs/yoga-blog/mindfulness-questions?srsltid=AfmBOopJ04lrGteWeGOUBkMGuGWGoN_fVU-A8PIjYkPU9SJwI4-FQNkX,daily mindfulness questions,2023-10-01,2023-10-01,Jack Utermoehl
How can we foster a more mindful and respectful space within our group?,https://asivanayoga.com/blogs/yoga-blog/mindfulness-questions?srsltid=AfmBOopJ04lrGteWeGOUBkMGuGWGoN_fVU-A8PIjYkPU9SJwI4-FQNkX,daily mindfulness questions,2023-10-01,2023-10-01,Jack Utermoehl
How do you practice self-care?,https://asivanayoga.com/blogs/yoga-blog/mindfulness-questions?srsltid=AfmBOopJ04lrGteWeGOUBkMGuGWGoN_fVU-A8PIjYkPU9SJwI4-FQNkX,daily mindfulness questions,2023-10-01,2023-10-01,Jack Utermoehl
What are some ways we can better support each other's well-being in our group?,https://asivanayoga.com/blogs/yoga-blog/mindfulness-questions?srsltid=AfmBOopJ04lrGteWeGOUBkMGuGWGoN_fVU-A8PIjYkPU9SJwI4-FQNkX,daily mindfulness questions,2023-10-01,2023-10-01,Jack Utermoehl
In what ways does our group dynamic enhance our individual mindfulness practices?,https://asivanayoga.com/blogs/yoga-blog/mindfulness-questions?srsltid=AfmBOopJ04lrGteWeGOUBkMGuGWGoN_fVU-A8PIjYkPU9SJwI4-FQNkX,daily mindfulness questions,2023-10-01,2023-10-01,Jack Utermoehl
How do I feel when I'm studying or doing homework? Can I identify any emotions or physical sensations?,https://asivanayoga.com/blogs/yoga-blog/mindfulness-questions?srsltid=AfmBOopJ04lrGteWeGOUBkMGuGWGoN_fVU-A8PIjYkPU9SJwI4-FQNkX,daily mindfulness questions,2023-10-01,2023-10-01,Jack Utermoehl
When do I feel most engaged or interested in my studies? Why?,https://asivanayoga.com/blogs/yoga-blog/mindfulness-questions?srsltid=AfmBOopJ04lrGteWeGOUBkMGuGWGoN_fVU-A8PIjYkPU9SJwI4-FQNkX,daily mindfulness questions,2023-10-01,2023-10-01,Jack Utermoehl
"How do I feel before, during, and after meetings?",https://asivanayoga.com/blogs/yoga-blog/mindfulness-questions?srsltid=AfmBOopJ04lrGteWeGOUBkMGuGWGoN_fVU-A8PIjYkPU9SJwI4-FQNkX,daily mindfulness questions,2023-10-01,2023-10-01,Jack Utermoehl
How do I respond to challenges or setbacks in my academic journey?,https://asivanayoga.com/blogs/yoga-blog/mindfulness-questions?srsltid=AfmBOopJ04lrGteWeGOUBkMGuGWGoN_fVU-A8PIjYkPU9SJwI4-FQNkX,daily mindfulness questions,2023-10-01,2023-10-01,Jack Utermoehl
"What helps me concentrate, and what distracts me?",https://asivanayoga.com/blogs/yoga-blog/mindfulness-questions?srsltid=AfmBOopJ04lrGteWeGOUBkMGuGWGoN_fVU-A8PIjYkPU9SJwI4-FQNkX,daily mindfulness questions,2023-10-01,2023-10-01,Jack Utermoehl
How does my work environment impact my mental and physical well-being?,https://asivanayoga.com/blogs/yoga-blog/mindfulness-questions?srsltid=AfmBOopJ04lrGteWeGOUBkMGuGWGoN_fVU-A8PIjYkPU9SJwI4-FQNkX,daily mindfulness questions,2023-10-01,2023-10-01,Jack Utermoehl
Am I living in alignment with my values and beliefs?,https://asivanayoga.com/blogs/yoga-blog/mindfulness-questions?srsltid=AfmBOopJ04lrGteWeGOUBkMGuGWGoN_fVU-A8PIjYkPU9SJwI4-FQNkX,daily mindfulness questions,2023-10-01,2023-10-01,Jack Utermoehl
"What work tasks do I find most engaging, and why?",https://asivanayoga.com/blogs/yoga-blog/mindfulness-questions?srsltid=AfmBOopJ04lrGteWeGOUBkMGuGWGoN_fVU-A8PIjYkPU9SJwI4-FQNkX,daily mindfulness questions,2023-10-01,2023-10-01,Jack Utermoehl
How can I incorporate mindfulness into my workday?,https://asivanayoga.com/blogs/yoga-blog/mindfulness-questions?srsltid=AfmBOopJ04lrGteWeGOUBkMGuGWGoN_fVU-A8PIjYkPU9SJwI4-FQNkX,daily mindfulness questions,2023-10-01,2023-10-01,Jack Utermoehl
What patterns do I notice in my thoughts and feelings?,https://asivanayoga.com/blogs/yoga-blog/mindfulness-questions?srsltid=AfmBOopJ04lrGteWeGOUBkMGuGWGoN_fVU-A8PIjYkPU9SJwI4-FQNkX,daily mindfulness questions,2023-10-01,2023-10-01,Jack Utermoehl
When do I feel most authentically 'me'?,https://asivanayoga.com/blogs/yoga-blog/mindfulness-questions?srsltid=AfmBOopJ04lrGteWeGOUBkMGuGWGoN_fVU-A8PIjYkPU9SJwI4-FQNkX,daily mindfulness questions,2023-10-01,2023-10-01,Jack Utermoehl
How do I react when things don't go as planned?,https://asivanayoga.com/blogs/yoga-blog/mindfulness-questions?srsltid=AfmBOopJ04lrGteWeGOUBkMGuGWGoN_fVU-A8PIjYkPU9SJwI4-FQNkX,daily mindfulness questions,2023-10-01,2023-10-01,Jack Utermoehl
What limiting beliefs might be holding me back?,https://asivanayoga.com/blogs/yoga-blog/mindfulness-questions?srsltid=AfmBOopJ04lrGteWeGOUBkMGuGWGoN_fVU-A8PIjYkPU9SJwI4-FQNkX,daily mindfulness questions,2023-10-01,2023-10-01,Jack Utermoehl
How do we communicate under stress?,https://asivanayoga.com/blogs/yoga-blog/mindfulness-questions?srsltid=AfmBOopJ04lrGteWeGOUBkMGuGWGoN_fVU-A8PIjYkPU9SJwI4-FQNkX,daily mindfulness questions,2023-10-01,2023-10-01,Jack Utermoehl
"How am I caring for my mental, emotional, and physical health?",https://asivanayoga.com/blogs/yoga-blog/mindfulness-questions?srsltid=AfmBOopJ04lrGteWeGOUBkMGuGWGoN_fVU-A8PIjYkPU9SJwI4-FQNkX,daily mindfulness questions,2023-10-01,2023-10-01,Jack Utermoehl
How do we support each other's personal growth?,https://asivanayoga.com/blogs/yoga-blog/mindfulness-questions?srsltid=AfmBOopJ04lrGteWeGOUBkMGuGWGoN_fVU-A8PIjYkPU9SJwI4-FQNkX,daily mindfulness questions,2023-10-01,2023-10-01,Jack Utermoehl
"How do our values align, and where do they differ?",https://asivanayoga.com/blogs/yoga-blog/mindfulness-questions?srsltid=AfmBOopJ04lrGteWeGOUBkMGuGWGoN_fVU-A8PIjYkPU9SJwI4-FQNkX,daily mindfulness questions,2023-10-01,2023-10-01,Jack Utermoehl
How does our relationship impact our individual mindfulness practices?,https://asivanayoga.com/blogs/yoga-blog/mindfulness-questions?srsltid=AfmBOopJ04lrGteWeGOUBkMGuGWGoN_fVU-A8PIjYkPU9SJwI4-FQNkX,daily mindfulness questions,2023-10-01,2023-10-01,Jack Utermoehl
What made you smile today?,https://asivanayoga.com/blogs/yoga-blog/mindfulness-questions?srsltid=AfmBOopJ04lrGteWeGOUBkMGuGWGoN_fVU-A8PIjYkPU9SJwI4-FQNkX,daily mindfulness questions,2023-10-01,2023-10-01,Jack Utermoehl
"What was something hard you did today, and how did you handle it?",https://asivanayoga.com/blogs/yoga-blog/mindfulness-questions?srsltid=AfmBOopJ04lrGteWeGOUBkMGuGWGoN_fVU-A8PIjYkPU9SJwI4-FQNkX,daily mindfulness questions,2023-10-01,2023-10-01,Jack Utermoehl
What does being angry/scared/happy feel like in your body?,https://asivanayoga.com/blogs/yoga-blog/mindfulness-questions?srsltid=AfmBOopJ04lrGteWeGOUBkMGuGWGoN_fVU-A8PIjYkPU9SJwI4-FQNkX,daily mindfulness questions,2023-10-01,2023-10-01,Jack Utermoehl
What's your favorite way to relax when you feel upset?,https://asivanayoga.com/blogs/yoga-blog/mindfulness-questions?srsltid=AfmBOopJ04lrGteWeGOUBkMGuGWGoN_fVU-A8PIjYkPU9SJwI4-FQNkX,daily mindfulness questions,2023-10-01,2023-10-01,Jack Utermoehl
Can you think of a time you were really kind to someone?,https://asivanayoga.com/blogs/yoga-blog/mindfulness-questions?srsltid=AfmBOopJ04lrGteWeGOUBkMGuGWGoN_fVU-A8PIjYkPU9SJwI4-FQNkX,daily mindfulness questions,2023-10-01,2023-10-01,Jack Utermoehl
How does my teaching practice align with my educational philosophy?,https://asivanayoga.com/blogs/yoga-blog/mindfulness-questions?srsltid=AfmBOopJ04lrGteWeGOUBkMGuGWGoN_fVU-A8PIjYkPU9SJwI4-FQNkX,daily mindfulness questions,2023-10-01,2023-10-01,Jack Utermoehl
How do I respond under pressure or during crises?,https://asivanayoga.com/blogs/yoga-blog/mindfulness-questions?srsltid=AfmBOopJ04lrGteWeGOUBkMGuGWGoN_fVU-A8PIjYkPU9SJwI4-FQNkX,daily mindfulness questions,2023-10-01,2023-10-01,Jack Utermoehl
How do my decisions reflect the values and mission of our organization?,https://asivanayoga.com/blogs/yoga-blog/mindfulness-questions?srsltid=AfmBOopJ04lrGteWeGOUBkMGuGWGoN_fVU-A8PIjYkPU9SJwI4-FQNkX,daily mindfulness questions,2023-10-01,2023-10-01,Jack Utermoehl
What is one thing I'm grateful for today?,https://asivanayoga.com/blogs/yoga-blog/mindfulness-questions?srsltid=AfmBOopJ04lrGteWeGOUBkMGuGWGoN_fVU-A8PIjYkPU9SJwI4-FQNkX,daily mindfulness questions,2023-10-01,2023-10-01,Jack Utermoehl
What can I do to support my team members' well-being and professional growth?,https://asivanayoga.com/blogs/yoga-blog/mindfulness-questions?srsltid=AfmBOopJ04lrGteWeGOUBkMGuGWGoN_fVU-A8PIjYkPU9SJwI4-FQNkX,daily mindfulness questions,2023-10-01,2023-10-01,Jack Utermoehl
Was there a moment today when I felt particularly present?,https://asivanayoga.com/blogs/yoga-blog/mindfulness-questions?srsltid=AfmBOopJ04lrGteWeGOUBkMGuGWGoN_fVU-A8PIjYkPU9SJwI4-FQNkX,daily mindfulness questions,2023-10-01,2023-10-01,Jack Utermoehl
"What emotions did I experience today, and how did they affect me?",https://asivanayoga.com/blogs/yoga-blog/mindfulness-questions?srsltid=AfmBOopJ04lrGteWeGOUBkMGuGWGoN_fVU-A8PIjYkPU9SJwI4-FQNkX,daily mindfulness questions,2023-10-01,2023-10-01,Jack Utermoehl
What's one thing I learned about myself today?,https://asivanayoga.com/blogs/yoga-blog/mindfulness-questions?srsltid=AfmBOopJ04lrGteWeGOUBkMGuGWGoN_fVU-A8PIjYkPU9SJwI4-FQNkX,daily mindfulness questions,2023-10-01,2023-10-01,Jack Utermoehl
"What emotions am I currently experiencing, and how are they manifesting in my body?",https://jonathanmpham.com/en/self-awareness/mindfulness-practices/mindfulness-questions-for-adults/,daily mindfulness questions,2024-03-01,2024-03-01,Jonathan M. Pham
How did I care for my physical and mental health today?,https://asivanayoga.com/blogs/yoga-blog/mindfulness-questions?srsltid=AfmBOopJ04lrGteWeGOUBkMGuGWGoN_fVU-A8PIjYkPU9SJwI4-FQNkX,daily mindfulness questions,2023-10-01,2023-10-01,Jack Utermoehl
What thoughts have been recurring in my mind today?,https://jonathanmpham.com/en/self-awareness/mindfulness-practices/mindfulness-questions-for-adults/,daily mindfulness questions,2024-03-01,2024-03-01,Jonathan M. Pham
What am I grateful for in this moment?,https://jonathanmpham.com/en/self-awareness/mindfulness-practices/mindfulness-questions-for-adults/,daily mindfulness questions,2024-03-01,2024-03-01,Jonathan M. Pham
How can I incorporate mindfulness practices into my leadership style?,https://asivanayoga.com/blogs/yoga-blog/mindfulness-questions?srsltid=AfmBOopJ04lrGteWeGOUBkMGuGWGoN_fVU-A8PIjYkPU9SJwI4-FQNkX,daily mindfulness questions,2023-10-01,2023-10-01,Jack Utermoehl
How have I shown kindness to myself and others today?,https://jonathanmpham.com/en/self-awareness/mindfulness-practices/mindfulness-questions-for-adults/,daily mindfulness questions,2024-03-01,2024-03-01,Jonathan M. Pham
What is one thing I can do differently tomorrow to enhance my well-being?,https://jonathanmpham.com/en/self-awareness/mindfulness-practices/mindfulness-questions-for-adults/,daily mindfulness questions,2024-03-01,2024-03-01,Jonathan M. Pham
How does my current environment affect my mood and productivity?,https://jonathanmpham.com/en/self-awareness/mindfulness-practices/mindfulness-questions-for-adults/,daily mindfulness questions,2024-03-01,2024-03-01,Jonathan M. Pham
"What am I doing right now, and why?",https://jonathanmpham.com/en/self-awareness/mindfulness-practices/mindfulness-questions-for-adults/,daily mindfulness questions,2024-03-01,2024-03-01,Jonathan M. Pham
Are my actions aligned with my values and goals?,https://jonathanmpham.com/en/self-awareness/mindfulness-practices/mindfulness-questions-for-adults/,daily mindfulness questions,2024-03-01,2024-03-01,Jonathan M. Pham
How can I bring more mindfulness into my interactions with others today?,https://jonathanmpham.com/en/self-awareness/mindfulness-practices/mindfulness-questions-for-adults/,daily mindfulness questions,2024-03-01,2024-03-01,Jonathan M. Pham
"What distractions am I facing, and how can I refocus my attention?",https://jonathanmpham.com/en/self-awareness/mindfulness-practices/mindfulness-questions-for-adults/,daily mindfulness questions,2024-03-01,2024-03-01,Jonathan M. Pham
What physical sensations am I experiencing right now?,https://jonathanmpham.com/en/self-awareness/mindfulness-practices/mindfulness-questions-for-adults/,daily mindfulness questions,2024-03-01,2024-03-01,Jonathan M. Pham
What signals is my body giving me about its needs?,https://jonathanmpham.com/en/self-awareness/mindfulness-practices/mindfulness-questions-for-adults/,daily mindfulness questions,2024-03-01,2024-03-01,Jonathan M. Pham
Have I been mindful of my breathing today?,https://jonathanmpham.com/en/self-awareness/mindfulness-practices/mindfulness-questions-for-adults/,daily mindfulness questions,2024-03-01,2024-03-01,Jonathan M. Pham
How can I incorporate movement or stretches into my day to care for my body?,https://jonathanmpham.com/en/self-awareness/mindfulness-practices/mindfulness-questions-for-adults/,daily mindfulness questions,2024-03-01,2024-03-01,Jonathan M. Pham
"What triggered my most intense emotion today, and how did I respond?",https://jonathanmpham.com/en/self-awareness/mindfulness-practices/mindfulness-questions-for-adults/,daily mindfulness questions,2024-03-01,2024-03-01,Jonathan M. Pham
Have I allowed myself to fully experience and accept my emotions today?,https://jonathanmpham.com/en/self-awareness/mindfulness-practices/mindfulness-questions-for-adults/,daily mindfulness questions,2024-03-01,2024-03-01,Jonathan M. Pham
How can I practice self-compassion in moments of emotional distress?,https://jonathanmpham.com/en/self-awareness/mindfulness-practices/mindfulness-questions-for-adults/,daily mindfulness questions,2024-03-01,2024-03-01,Jonathan M. Pham
Are my current emotions guiding me towards my values?,https://jonathanmpham.com/en/self-awareness/mindfulness-practices/mindfulness-questions-for-adults/,daily mindfulness questions,2024-03-01,2024-03-01,Jonathan M. Pham
How is my posture affecting my mood and energy levels?,https://jonathanmpham.com/en/self-awareness/mindfulness-practices/mindfulness-questions-for-adults/,daily mindfulness questions,2024-03-01,2024-03-01,Jonathan M. Pham
What intentions do I set for my meditation practice today?,https://jonathanmpham.com/en/self-awareness/mindfulness-practices/mindfulness-questions-for-adults/,daily mindfulness questions,2024-03-01,2024-03-01,Jonathan M. Pham
How can I express gratitude for the range of emotions I experience?,https://jonathanmpham.com/en/self-awareness/mindfulness-practices/mindfulness-questions-for-adults/,daily mindfulness questions,2024-03-01,2024-03-01,Jonathan M. Pham
"What thoughts arise during meditation, and how do I observe them without attachment?",https://jonathanmpham.com/en/self-awareness/mindfulness-practices/mindfulness-questions-for-adults/,daily mindfulness questions,2024-03-01,2024-03-01,Jonathan M. Pham
"How does my body feel after meditation, and what insights have I gained?",https://jonathanmpham.com/en/self-awareness/mindfulness-practices/mindfulness-questions-for-adults/,daily mindfulness questions,2024-03-01,2024-03-01,Jonathan M. Pham
Am I approaching my tasks with intention and presence?,https://jonathanmpham.com/en/self-awareness/mindfulness-practices/mindfulness-questions-for-adults/,daily mindfulness questions,2024-03-01,2024-03-01,Jonathan M. Pham
How can I carry the peace and clarity from meditation into my daily activities?,https://jonathanmpham.com/en/self-awareness/mindfulness-practices/mindfulness-questions-for-adults/,daily mindfulness questions,2024-03-01,2024-03-01,Jonathan M. Pham
"What distractions hinder my productivity, and how can I minimize them?",https://jonathanmpham.com/en/self-awareness/mindfulness-practices/mindfulness-questions-for-adults/,daily mindfulness questions,2024-03-01,2024-03-01,Jonathan M. Pham
How can I incorporate mindfulness into my workflow today?,https://jonathanmpham.com/en/self-awareness/mindfulness-practices/mindfulness-questions-for-adults/,daily mindfulness questions,2024-03-01,2024-03-01,Jonathan M. Pham
How can I express gratitude for the opportunities and challenges my work presents?,https://jonathanmpham.com/en/self-awareness/mindfulness-practices/mindfulness-questions-for-adults/,daily mindfulness questions,2024-03-01,2024-03-01,Jonathan M. Pham
Have I taken breaks to rest and recharge throughout the workday?,https://jonathanmpham.com/en/self-awareness/mindfulness-practices/mindfulness-questions-for-adults/,daily mindfulness questions,2024-03-01,2024-03-01,Jonathan M. Pham
What intentions do I set for the day ahead as I wake up?,https://jonathanmpham.com/en/self-awareness/mindfulness-practices/mindfulness-questions-for-adults/,daily mindfulness questions,2024-03-01,2024-03-01,Jonathan M. Pham
How can I bring mindfulness into routine activities like eating or commuting?,https://jonathanmpham.com/en/self-awareness/mindfulness-practices/mindfulness-questions-for-adults/,daily mindfulness questions,2024-03-01,2024-03-01,Jonathan M. Pham
What moments brought me joy or fulfillment today?,https://jonathanmpham.com/en/self-awareness/mindfulness-practices/mindfulness-questions-for-adults/,daily mindfulness questions,2024-03-01,2024-03-01,Jonathan M. Pham
How can I unwind and release tension as I prepare for sleep?,https://jonathanmpham.com/en/self-awareness/mindfulness-practices/mindfulness-questions-for-adults/,daily mindfulness questions,2024-03-01,2024-03-01,Jonathan M. Pham
"What thoughts dominated my mind today, and how did they shape my perception?",https://jonathanmpham.com/en/self-awareness/mindfulness-practices/mindfulness-questions-for-adults/,daily mindfulness questions,2024-03-01,2024-03-01,Jonathan M. Pham
What lessons or insights can I carry from today into tomorrow?,https://jonathanmpham.com/en/self-awareness/mindfulness-practices/mindfulness-questions-for-adults/,daily mindfulness questions,2024-03-01,2024-03-01,Jonathan M. Pham
What is a moment of mindfulness or presence that stood out to me today?,https://jonathanmpham.com/en/self-awareness/mindfulness-practices/mindfulness-questions-for-adults/,daily mindfulness questions,2024-03-01,2024-03-01,Jonathan M. Pham
"How have my emotions evolved throughout the day, and what insights do they offer?",https://jonathanmpham.com/en/self-awareness/mindfulness-practices/mindfulness-questions-for-adults/,daily mindfulness questions,2024-03-01,2024-03-01,Jonathan M. Pham
Did I face any particular challenge today? How did I respond to it?,https://jonathanmpham.com/en/self-awareness/mindfulness-practices/mindfulness-questions-for-adults/,daily mindfulness questions,2024-03-01,2024-03-01,Jonathan M. Pham
How can we create a supportive and mindful atmosphere in this discussion?,https://jonathanmpham.com/en/self-awareness/mindfulness-practices/mindfulness-questions-for-adults/,daily mindfulness questions,2024-03-01,2024-03-01,Jonathan M. Pham
"What are three things I am grateful for today, and why?",https://jonathanmpham.com/en/self-awareness/mindfulness-practices/mindfulness-questions-for-adults/,daily mindfulness questions,2024-03-01,2024-03-01,Jonathan M. Pham
Is there any moment from today where you felt fully present and engaged?,https://jonathanmpham.com/en/self-awareness/mindfulness-practices/mindfulness-questions-for-adults/,daily mindfulness questions,2024-03-01,2024-03-01,Jonathan M. Pham
Did you navigate today’s issues with awareness and intention?,https://jonathanmpham.com/en/self-awareness/mindfulness-practices/mindfulness-questions-for-adults/,daily mindfulness questions,2024-03-01,2024-03-01,Jonathan M. Pham
What collective intentions can we set as a group to promote mindfulness in our lives?,https://jonathanmpham.com/en/self-awareness/mindfulness-practices/mindfulness-questions-for-adults/,daily mindfulness questions,2024-03-01,2024-03-01,Jonathan M. Pham
What’s my dripping faucet? What thoughts are causing these emotions?,https://medium.com/@NataliMorad/3-questions-to-practice-mindfulness-a09110a4c22e,daily mindfulness questions,2017-01-08,n/a,Natali Mallel (Morad)
What emotions am I feeling right now?,https://medium.com/@NataliMorad/3-questions-to-practice-mindfulness-a09110a4c22e,daily mindfulness questions,2017-01-08,n/a,Natali Mallel (Morad)
"When you eat, what’s making you aware of eating? When you walk, how are you aware of walking?",https://www.quora.com/What-sort-of-mindfulness-experience-can-I-have-in-a-daily-life,daily mindfulness questions,n/a,n/a,Stephen Kuhn
"How does one reconcile a mindfulness focus on the present with needs for planning, risk assessment and forecasting?",https://forum.psychlinks.ca/threads/some-questions-about-mindfulness.26739/,daily mindfulness questions,2013-12-12,n/a,ritc
How does one practice Loving-Kindness towards oneself?,https://forum.psychlinks.ca/threads/some-questions-about-mindfulness.26739/,daily mindfulness questions,2013-12-12,n/a,ritc
Who am I connecting with today?,https://www.childsavers.org/mindful-quarantine/,daily mindfulness questions,2020-05-22,n/a,John Richardson-Lauve
How am I taking care of my body and mind today?,https://www.childsavers.org/mindful-quarantine/,daily mindfulness questions,2020-05-22,n/a,John Richardson-Lauve
What am I doing well today? What am I learning today? What am I creating today?,https://www.childsavers.org/mindful-quarantine/,daily mindfulness questions,2020-05-22,n/a,John Richardson-Lauve
What am I looking forward to?,https://www.childsavers.org/mindful-quarantine/,daily mindfulness questions,2020-05-22,n/a,John Richardson-Lauve
What are some sounds you can hear right now? Pay attention to the quietest sound.,https://thejoywithin.org/mindfulness/mindful-questions-for-self-reflection-and-personal-growth,daily mindfulness questions,2023-11-29,n/a,Kyle Greenfield
Can you name three things you’re thankful for today?,https://thejoywithin.org/mindfulness/mindful-questions-for-self-reflection-and-personal-growth,daily mindfulness questions,2023-11-29,n/a,Kyle Greenfield
How does it feel when you take a moment to hug a stuffed animal or a favorite toy?,https://thejoywithin.org/mindfulness/mindful-questions-for-self-reflection-and-personal-growth,daily mindfulness questions,2023-11-29,n/a,Kyle Greenfield
What does your breath feel like when you take a deep breath in and out?,https://thejoywithin.org/mindfulness/mindful-questions-for-self-reflection-and-personal-growth,daily mindfulness questions,2023-11-29,n/a,Kyle Greenfield
What am I grateful for today?,https://www.childsavers.org/mindful-quarantine/,daily mindfulness questions,2020-05-22,n/a,John Richardson-Lauve
Can you describe the taste of the last thing you ate in detail?,https://thejoywithin.org/mindfulness/mindful-questions-for-self-reflection-and-personal-growth,daily mindfulness questions,2023-11-29,n/a,Kyle Greenfield
What does it feel like when you close your eyes and listen to your heartbeat?,https://thejoywithin.org/mindfulness/mindful-questions-for-self-reflection-and-personal-growth,daily mindfulness questions,2023-11-29,n/a,Kyle Greenfield
What are three things that make you smile or feel happy?,https://thejoywithin.org/mindfulness/mindful-questions-for-self-reflection-and-personal-growth,daily mindfulness questions,2023-11-29,n/a,Kyle Greenfield
What colors do you notice around you right now? Take your time to see all the different shades.,https://thejoywithin.org/mindfulness/mindful-questions-for-self-reflection-and-personal-growth,daily mindfulness questions,2023-11-29,n/a,Kyle Greenfield
"If you were a tree, how would you sway in the wind? Imagine yourself as a calm and strong tree.",https://thejoywithin.org/mindfulness/mindful-questions-for-self-reflection-and-personal-growth,daily mindfulness questions,2023-11-29,n/a,Kyle Greenfield
What sensations do you notice in your body as you take a moment to relax and let go of tension?,https://thejoywithin.org/mindfulness/mindful-questions-for-self-reflection-and-personal-growth,daily mindfulness questions,2023-11-29,n/a,Kyle Greenfield
"How does it feel to take slow and mindful steps, paying attention to each movement, as if you’re walking on a balance beam?",https://thejoywithin.org/mindfulness/mindful-questions-for-self-reflection-and-personal-growth,daily mindfulness questions,2023-11-29,n/a,Kyle Greenfield
"How does it feel to engage in a brief mindfulness exercise, such as a body scan or mindful breathing, to center yourself?",https://thejoywithin.org/mindfulness/mindful-questions-for-self-reflection-and-personal-growth,daily mindfulness questions,2023-11-29,n/a,Kyle Greenfield
Can you identify one positive aspect of your day that you’re grateful for right now?,https://thejoywithin.org/mindfulness/mindful-questions-for-self-reflection-and-personal-growth,daily mindfulness questions,2023-11-29,n/a,Kyle Greenfield
How does it feel to take a break from screens and spend some time outdoors or in a quiet space?,https://thejoywithin.org/mindfulness/mindful-questions-for-self-reflection-and-personal-growth,daily mindfulness questions,2023-11-29,n/a,Kyle Greenfield
"What thoughts come up when you reflect on your strengths and achievements, no matter how small?",https://thejoywithin.org/mindfulness/mindful-questions-for-self-reflection-and-personal-growth,daily mindfulness questions,2023-11-29,n/a,Kyle Greenfield
"Can you savor the flavors and textures of a snack, paying full attention to each bite?",https://thejoywithin.org/mindfulness/mindful-questions-for-self-reflection-and-personal-growth,daily mindfulness questions,2023-11-29,n/a,Kyle Greenfield
How does it feel to take a few deep breaths and bring your attention to the present moment?,https://thejoywithin.org/mindfulness/mindful-questions-for-self-reflection-and-personal-growth,daily mindfulness questions,2023-11-29,n/a,Kyle Greenfield
"What small, mindful habits can you incorporate into your daily routine to promote well-being?",https://thejoywithin.org/mindfulness/mindful-questions-for-self-reflection-and-personal-growth,daily mindfulness questions,2023-11-29,n/a,Kyle Greenfield
"How does it feel to approach challenges and uncertainties with an open mind, letting go of self-judgment and embracing acceptance?",https://thejoywithin.org/mindfulness/mindful-questions-for-self-reflection-and-personal-growth,daily mindfulness questions,2023-11-29,n/a,Kyle Greenfield
"Can you notice the sensations in your body when you’re sitting at your desk or in a chair, and can you adjust your posture mindfully?",https://thejoywithin.org/mindfulness/mindful-questions-for-self-reflection-and-personal-growth,daily mindfulness questions,2023-11-29,n/a,Kyle Greenfield
"What thoughts come to mind when you take a moment to reflect on a recent accomplishment, no matter how small?",https://thejoywithin.org/mindfulness/mindful-questions-for-self-reflection-and-personal-growth,daily mindfulness questions,2023-11-29,n/a,Kyle Greenfield
How does it feel to express gratitude for the knowledge you’ve gained and the opportunities you have to learn?,https://thejoywithin.org/mindfulness/mindful-questions-for-self-reflection-and-personal-growth,daily mindfulness questions,2023-11-29,n/a,Kyle Greenfield
"When faced with a challenging task, how can you approach it with curiosity and a growth mindset?",https://thejoywithin.org/mindfulness/mindful-questions-for-self-reflection-and-personal-growth,daily mindfulness questions,2023-11-29,n/a,Kyle Greenfield
"How does it feel to take a deep breath and let it out slowly, especially during a busy day of studying?",https://thejoywithin.org/mindfulness/mindful-questions-for-self-reflection-and-personal-growth,daily mindfulness questions,2023-11-29,n/a,Kyle Greenfield
What are three positive qualities you appreciate about yourself as a student?,https://thejoywithin.org/mindfulness/mindful-questions-for-self-reflection-and-personal-growth,daily mindfulness questions,2023-11-29,n/a,Kyle Greenfield
"How does it feel to take a short break from studying and focus on the sounds around you, allowing your mind to rest?",https://thejoywithin.org/mindfulness/mindful-questions-for-self-reflection-and-personal-growth,daily mindfulness questions,2023-11-29,n/a,Kyle Greenfield
Can you identify one thing you are grateful for in your life right now?,https://thejoywithin.org/mindfulness/mindful-questions-for-self-reflection-and-personal-growth,daily mindfulness questions,2023-11-29,n/a,Kyle Greenfield
How does it feel to set aside worries about the future or regrets about the past and fully engage in the present moment while studying?,https://thejoywithin.org/mindfulness/mindful-questions-for-self-reflection-and-personal-growth,daily mindfulness questions,2023-11-29,n/a,Kyle Greenfield
"How does it feel to take a mindful pause and focus on your breath for a few moments, allowing your mind to settle?",https://thejoywithin.org/mindfulness/mindful-questions-for-self-reflection-and-personal-growth,daily mindfulness questions,2023-11-29,n/a,Kyle Greenfield
"How does it feel to engage in a daily mindfulness practice, such as meditation or mindful walking, to center yourself?",https://thejoywithin.org/mindfulness/mindful-questions-for-self-reflection-and-personal-growth,daily mindfulness questions,2023-11-29,n/a,Kyle Greenfield
"Can you notice the flavors and textures of the food you’re eating, paying full attention to each bite?",https://thejoywithin.org/mindfulness/mindful-questions-for-self-reflection-and-personal-growth,daily mindfulness questions,2023-11-29,n/a,Kyle Greenfield
What thoughts arise when you take a moment to appreciate your accomplishments and strengths?,https://thejoywithin.org/mindfulness/mindful-questions-for-self-reflection-and-personal-growth,daily mindfulness questions,2023-11-29,n/a,Kyle Greenfield
How does it feel to disconnect from technology for a short period and immerse yourself in nature or a quiet space?,https://thejoywithin.org/mindfulness/mindful-questions-for-self-reflection-and-personal-growth,daily mindfulness questions,2023-11-29,n/a,Kyle Greenfield
"Can you bring mindfulness to your interactions, truly listening to others without immediately formulating a response?",https://thejoywithin.org/mindfulness/mindful-questions-for-self-reflection-and-personal-growth,daily mindfulness questions,2023-11-29,n/a,Kyle Greenfield
What habits or routines can you cultivate to infuse more mindfulness into your daily life?,https://thejoywithin.org/mindfulness/mindful-questions-for-self-reflection-and-personal-growth,daily mindfulness questions,2023-11-29,n/a,Kyle Greenfield
"How does it feel to let go of judgment, both of yourself and others, and approach each moment with an attitude of acceptance?",https://thejoywithin.org/mindfulness/mindful-questions-for-self-reflection-and-personal-growth,daily mindfulness questions,2023-11-29,n/a,Kyle Greenfield
How can we collectively create a more mindful and supportive environment for each other?,https://thejoywithin.org/mindfulness/mindful-questions-for-self-reflection-and-personal-growth,daily mindfulness questions,2023-11-29,n/a,Kyle Greenfield
How does the group dynamic influence our ability to be present and engaged in discussions?,https://thejoywithin.org/mindfulness/mindful-questions-for-self-reflection-and-personal-growth,daily mindfulness questions,2023-11-29,n/a,Kyle Greenfield
How can we collectively foster an atmosphere of gratitude and appreciation for each member’s contributions?,https://thejoywithin.org/mindfulness/mindful-questions-for-self-reflection-and-personal-growth,daily mindfulness questions,2023-11-29,n/a,Kyle Greenfield
In what ways can we incorporate moments of silence or reflection into our group interactions?,https://thejoywithin.org/mindfulness/mindful-questions-for-self-reflection-and-personal-growth,daily mindfulness questions,2023-11-29,n/a,Kyle Greenfield
What group rituals or mindfulness activities might enhance our cohesion and shared sense of purpose?,https://thejoywithin.org/mindfulness/mindful-questions-for-self-reflection-and-personal-growth,daily mindfulness questions,2023-11-29,n/a,Kyle Greenfield
How does it feel to approach the start of your workday with a few moments of intentional breathing and presence?,https://thejoywithin.org/mindfulness/mindful-questions-for-self-reflection-and-personal-growth,daily mindfulness questions,2023-11-29,n/a,Kyle Greenfield
"What physical sensations arise when you bring your attention to the present moment, particularly your posture and any points of tension or relaxation?",https://thejoywithin.org/mindfulness/mindful-questions-for-self-reflection-and-personal-growth,daily mindfulness questions,2023-11-29,n/a,Kyle Greenfield
Can you identify one aspect of your work that you genuinely appreciate and find fulfilling?,https://thejoywithin.org/mindfulness/mindful-questions-for-self-reflection-and-personal-growth,daily mindfulness questions,2023-11-29,n/a,Kyle Greenfield
"What physical sensations arise as you sit at your workspace, and how can you make adjustments to promote comfort and focus?",https://thejoywithin.org/mindfulness/mindful-questions-for-self-reflection-and-personal-growth,daily mindfulness questions,2023-11-29,n/a,Kyle Greenfield
What thoughts come up when you reflect on the skills and strengths you bring to your work?,https://thejoywithin.org/mindfulness/mindful-questions-for-self-reflection-and-personal-growth,daily mindfulness questions,2023-11-29,n/a,Kyle Greenfield
"How does it feel to take short breaks throughout the day, allowing your mind to rest and recharge?",https://thejoywithin.org/mindfulness/mindful-questions-for-self-reflection-and-personal-growth,daily mindfulness questions,2023-11-29,n/a,Kyle Greenfield
"Can you practice mindful communication with colleagues, truly listening and responding with intention?",https://thejoywithin.org/mindfulness/mindful-questions-for-self-reflection-and-personal-growth,daily mindfulness questions,2023-11-29,n/a,Kyle Greenfield
How does it feel to express gratitude for the opportunities and challenges that come with your work?,https://thejoywithin.org/mindfulness/mindful-questions-for-self-reflection-and-personal-growth,daily mindfulness questions,2023-11-29,n/a,Kyle Greenfield
"What does your favorite snack taste like, and can you savor each flavor with mindful attention?",https://thejoywithin.org/mindfulness/mindful-questions-for-self-reflection-and-personal-growth,daily mindfulness questions,2023-11-29,n/a,Kyle Greenfield
How does it feel to approach deadlines and challenges with a mindset of curiosity and openness rather than stress?,https://thejoywithin.org/mindfulness/mindful-questions-for-self-reflection-and-personal-growth,daily mindfulness questions,2023-11-29,n/a,Kyle Greenfield
What habits or rituals can you incorporate into your work routine to promote a sense of balance and well-being?,https://thejoywithin.org/mindfulness/mindful-questions-for-self-reflection-and-personal-growth,daily mindfulness questions,2023-11-29,n/a,Kyle Greenfield
"If you were a color, what color would you be in this moment, and how does it make you feel?",https://thejoywithin.org/mindfulness/mindful-questions-for-self-reflection-and-personal-growth,daily mindfulness questions,2023-11-29,n/a,Kyle Greenfield
What does it feel like to take a few moments to mindfully explore the textures of objects around you?,https://thejoywithin.org/mindfulness/mindful-questions-for-self-reflection-and-personal-growth,daily mindfulness questions,2023-11-29,n/a,Kyle Greenfield
"Can you imagine yourself floating on a cloud, letting go of any worries for a few moments?",https://thejoywithin.org/mindfulness/mindful-questions-for-self-reflection-and-personal-growth,daily mindfulness questions,2023-11-29,n/a,Kyle Greenfield
"If your mind were a sky, what type of weather would it have today, and can you observe it without judgment?",https://thejoywithin.org/mindfulness/mindful-questions-for-self-reflection-and-personal-growth,daily mindfulness questions,2023-11-29,n/a,Kyle Greenfield
"How does it feel to listen to a piece of music mindfully, paying attention to each note and rhythm?",https://thejoywithin.org/mindfulness/mindful-questions-for-self-reflection-and-personal-growth,daily mindfulness questions,2023-11-29,n/a,Kyle Greenfield
How does it feel to express gratitude for something silly or unexpected in your day?,https://thejoywithin.org/mindfulness/mindful-questions-for-self-reflection-and-personal-growth,daily mindfulness questions,2023-11-29,n/a,Kyle Greenfield
What playful or creative activity can you engage in right now to bring a sense of joy and mindfulness?,https://thejoywithin.org/mindfulness/mindful-questions-for-self-reflection-and-personal-growth,daily mindfulness questions,2023-11-29,n/a,Kyle Greenfield
What are three specific things you’re grateful for in your life right now?,https://thejoywithin.org/mindfulness/mindful-questions-for-self-reflection-and-personal-growth,daily mindfulness questions,2023-11-29,n/a,Kyle Greenfield
Can you reflect on a recent challenge and find something positive or a lesson learned from it?,https://thejoywithin.org/mindfulness/mindful-questions-for-self-reflection-and-personal-growth,daily mindfulness questions,2023-11-29,n/a,Kyle Greenfield
How does it feel to express appreciation for someone who has made a positive impact on your life?,https://thejoywithin.org/mindfulness/mindful-questions-for-self-reflection-and-personal-growth,daily mindfulness questions,2023-11-29,n/a,Kyle Greenfield
What aspects of nature or the environment around you are you grateful for today?,https://thejoywithin.org/mindfulness/mindful-questions-for-self-reflection-and-personal-growth,daily mindfulness questions,2023-11-29,n/a,Kyle Greenfield
"Can you appreciate your body and its abilities, acknowledging the ways it supports you?",https://thejoywithin.org/mindfulness/mindful-questions-for-self-reflection-and-personal-growth,daily mindfulness questions,2023-11-29,n/a,Kyle Greenfield
How can I show myself love and kindness in this present moment?,https://thejoywithin.org/mindfulness/mindful-questions-for-self-reflection-and-personal-growth,daily mindfulness questions,2023-11-29,n/a,Kyle Greenfield
"Can you find gratitude in the present moment, acknowledging the beauty and possibilities it holds?",https://thejoywithin.org/mindfulness/mindful-questions-for-self-reflection-and-personal-growth,daily mindfulness questions,2023-11-29,n/a,Kyle Greenfield
What aspects of myself am I grateful for and can appreciate right now?,https://thejoywithin.org/mindfulness/mindful-questions-for-self-reflection-and-personal-growth,daily mindfulness questions,2023-11-29,n/a,Kyle Greenfield
What are three qualities in yourself that you can appreciate and celebrate?,https://thejoywithin.org/mindfulness/mindful-questions-for-self-reflection-and-personal-growth,daily mindfulness questions,2023-11-29,n/a,Kyle Greenfield
Can you express gratitude for the simple pleasures and routines that bring comfort to your daily life?,https://thejoywithin.org/mindfulness/mindful-questions-for-self-reflection-and-personal-growth,daily mindfulness questions,2023-11-29,n/a,Kyle Greenfield
"How does it feel to savor a moment of joy or accomplishment, fully embracing the positive emotions?",https://thejoywithin.org/mindfulness/mindful-questions-for-self-reflection-and-personal-growth,daily mindfulness questions,2023-11-29,n/a,Kyle Greenfield
How does it feel to appreciate the efforts you’ve put into your personal or professional growth?,https://thejoywithin.org/mindfulness/mindful-questions-for-self-reflection-and-personal-growth,daily mindfulness questions,2023-11-29,n/a,Kyle Greenfield
Can I bring a sense of compassion to any challenges or mistakes I’ve encountered recently?,https://thejoywithin.org/mindfulness/mindful-questions-for-self-reflection-and-personal-growth,daily mindfulness questions,2023-11-29,n/a,Kyle Greenfield
How does it feel to acknowledge and release any self-critical thoughts with gentleness?,https://thejoywithin.org/mindfulness/mindful-questions-for-self-reflection-and-personal-growth,daily mindfulness questions,2023-11-29,n/a,Kyle Greenfield
What practices or activities bring me a sense of peace and promote self-healing?,https://thejoywithin.org/mindfulness/mindful-questions-for-self-reflection-and-personal-growth,daily mindfulness questions,2023-11-29,n/a,Kyle Greenfield
"How can I create a supportive and nurturing environment for myself, both mentally and physically?",https://thejoywithin.org/mindfulness/mindful-questions-for-self-reflection-and-personal-growth,daily mindfulness questions,2023-11-29,n/a,Kyle Greenfield
How does it feel to express gratitude for my body and its ability to heal and regenerate?,https://thejoywithin.org/mindfulness/mindful-questions-for-self-reflection-and-personal-growth,daily mindfulness questions,2023-11-29,n/a,Kyle Greenfield
What boundaries can I set to protect my well-being and cultivate self-respect?,https://thejoywithin.org/mindfulness/mindful-questions-for-self-reflection-and-personal-growth,daily mindfulness questions,2023-11-29,n/a,Kyle Greenfield
"How can I bring mindful awareness to my thoughts, feelings, and actions throughout the day?",https://thejoywithin.org/mindfulness/mindful-questions-for-self-reflection-and-personal-growth,daily mindfulness questions,2023-11-29,n/a,Kyle Greenfield
"What is my intention for today, and how can I align my actions with my values?",https://thejoywithin.org/mindfulness/mindful-questions-for-self-reflection-and-personal-growth,daily mindfulness questions,2023-11-29,n/a,Kyle Greenfield
"What am I grateful for in this moment, and how can I express my gratitude today?",https://thejoywithin.org/mindfulness/mindful-questions-for-self-reflection-and-personal-growth,daily mindfulness questions,2023-11-29,n/a,Kyle Greenfield
"How can I practice self-compassion and kindness towards myself today, especially in challenging moments?",https://thejoywithin.org/mindfulness/mindful-questions-for-self-reflection-and-personal-growth,daily mindfulness questions,2023-11-29,n/a,Kyle Greenfield
"What can I let go of today—whether it’s a negative thought, expectation, or emotion—to create space for peace?",https://thejoywithin.org/mindfulness/mindful-questions-for-self-reflection-and-personal-growth,daily mindfulness questions,2023-11-29,n/a,Kyle Greenfield
"How can I fully engage and be present in each task or interaction, bringing my complete attention to the moment?",https://thejoywithin.org/mindfulness/mindful-questions-for-self-reflection-and-personal-growth,daily mindfulness questions,2023-11-29,n/a,Kyle Greenfield
What boundaries do I need to set to prioritize my well-being and maintain a healthy balance in my life?,https://thejoywithin.org/mindfulness/mindful-questions-for-self-reflection-and-personal-growth,daily mindfulness questions,2023-11-29,n/a,Kyle Greenfield
How can I turn challenges into opportunities for growth and learning?,https://thejoywithin.org/mindfulness/mindful-questions-for-self-reflection-and-personal-growth,daily mindfulness questions,2023-11-29,n/a,Kyle Greenfield
In what ways can I cultivate joy and appreciate the beauty in the ordinary moments of today?,https://thejoywithin.org/mindfulness/mindful-questions-for-self-reflection-and-personal-growth,daily mindfulness questions,2023-11-29,n/a,Kyle Greenfield
What small act of kindness can I offer to someone else today?,https://thejoywithin.org/mindfulness/mindful-questions-for-self-reflection-and-personal-growth,daily mindfulness questions,2023-11-29,n/a,Kyle Greenfield
"What does sitting still with my eyes closed have to do with my job, or my life in general?",https://instituteformindfulleadership.org/common-mindfulness-questions/,daily mindfulness questions,2017-06-21,2017-06-28,Institute Instructor Patrick Briody
Yesterday my meditation was easy and today it was hard: My mind just kept drifting away to my weekend plans. What am I doing wrong?,https://instituteformindfulleadership.org/common-mindfulness-questions/,daily mindfulness questions,2017-06-21,2017-06-28,Institute Instructor Patrick Briody
Why is mindfulness important to you?,https://jeffsiegelwellness.com/the-3-most-important-questions-you-need-to-ask-before-starting-a-mindfulness-practice/,daily mindfulness questions,2022-01-01,2022-01-01,Jeff Siegel
What kind of commitment are you ready to make?,https://jeffsiegelwellness.com/the-3-most-important-questions-you-need-to-ask-before-starting-a-mindfulness-practice/,daily mindfulness questions,2022-01-01,2022-01-01,Jeff Siegel
What has happened or changed that has made this a priority for you?,https://jeffsiegelwellness.com/the-3-most-important-questions-you-need-to-ask-before-starting-a-mindfulness-practice/,daily mindfulness questions,2022-01-01,2022-01-01,Jeff Siegel
"Is this important enough to get me to pause and practice, even when life is pulling me in a million different directions?",https://jeffsiegelwellness.com/the-3-most-important-questions-you-need-to-ask-before-starting-a-mindfulness-practice/,daily mindfulness questions,2022-01-01,2022-01-01,Jeff Siegel
I need to be more mindful because… (the push),https://jeffsiegelwellness.com/the-3-most-important-questions-you-need-to-ask-before-starting-a-mindfulness-practice/,daily mindfulness questions,2022-01-01,2022-01-01,Jeff Siegel
Why are you motivated to practice now?,https://jeffsiegelwellness.com/the-3-most-important-questions-you-need-to-ask-before-starting-a-mindfulness-practice/,daily mindfulness questions,2022-01-01,2022-01-01,Jeff Siegel
I want to be more mindful because… (the pull),https://jeffsiegelwellness.com/the-3-most-important-questions-you-need-to-ask-before-starting-a-mindfulness-practice/,daily mindfulness questions,2022-01-01,2022-01-01,Jeff Siegel
"What else is going on in my life right now that impacts my ability to commit to practicing? Considering these factors, do I have the time and energy for a formal mindfulness class?",https://jeffsiegelwellness.com/the-3-most-important-questions-you-need-to-ask-before-starting-a-mindfulness-practice/,daily mindfulness questions,2022-01-01,2022-01-01,Jeff Siegel
I am ready to practice mindfulness now (as opposed to 6 months ago) because…,https://jeffsiegelwellness.com/the-3-most-important-questions-you-need-to-ask-before-starting-a-mindfulness-practice/,daily mindfulness questions,2022-01-01,2022-01-01,Jeff Siegel
"If I am really honest with myself, I am willing to commit _____ of minutes/hours a week to learning and practicing?",https://jeffsiegelwellness.com/the-3-most-important-questions-you-need-to-ask-before-starting-a-mindfulness-practice/,daily mindfulness questions,2022-01-01,2022-01-01,Jeff Siegel
The biggest barrier preventing me from committing to a regular mindfulness practice is…,https://jeffsiegelwellness.com/the-3-most-important-questions-you-need-to-ask-before-starting-a-mindfulness-practice/,daily mindfulness questions,2022-01-01,2022-01-01,Jeff Siegel
How will these practices impact your unique body and mind?,https://jeffsiegelwellness.com/the-3-most-important-questions-you-need-to-ask-before-starting-a-mindfulness-practice/,daily mindfulness questions,2022-01-01,2022-01-01,Jeff Siegel
What other activities or practices have I committed to in my life? How can I use lessons from these experiences to help me here?,https://jeffsiegelwellness.com/the-3-most-important-questions-you-need-to-ask-before-starting-a-mindfulness-practice/,daily mindfulness questions,2022-01-01,2022-01-01,Jeff Siegel
"With whom can I ask questions, seek assistance, or debrief after my practice?",https://jeffsiegelwellness.com/the-3-most-important-questions-you-need-to-ask-before-starting-a-mindfulness-practice/,daily mindfulness questions,2022-01-01,2022-01-01,Jeff Siegel
Do I feel safe in the physical environment where I am practicing? Am I willing to close my eyes and be vulnerable?,https://jeffsiegelwellness.com/the-3-most-important-questions-you-need-to-ask-before-starting-a-mindfulness-practice/,daily mindfulness questions,2022-01-01,2022-01-01,Jeff Siegel
Do I have a game plan for how to best take care of myself if I feel triggered?,https://jeffsiegelwellness.com/the-3-most-important-questions-you-need-to-ask-before-starting-a-mindfulness-practice/,daily mindfulness questions,2022-01-01,2022-01-01,Jeff Siegel
What one small act of kindness can I perform today?,https://neurolaunch.com/mindfulness-questions/,daily mindfulness questions,2024-12-03,n/a,NeuroLaunch editorial team
What am I grateful for today?,https://neurolaunch.com/mindfulness-questions/,daily mindfulness questions,2024-12-03,n/a,NeuroLaunch editorial team
How do I want to show up for myself and others?,https://neurolaunch.com/mindfulness-questions/,daily mindfulness questions,2024-12-03,n/a,NeuroLaunch editorial team
How am I feeling right now?,https://neurolaunch.com/mindfulness-questions/,daily mindfulness questions,2024-12-03,n/a,NeuroLaunch editorial team
"What challenged me today, and how did I respond?",https://neurolaunch.com/mindfulness-questions/,daily mindfulness questions,2024-12-03,n/a,NeuroLaunch editorial team
Am I fully present in this moment?,https://neurolaunch.com/mindfulness-questions/,daily mindfulness questions,2024-12-03,n/a,NeuroLaunch editorial team
What’s occupying most of my mental space?,https://neurolaunch.com/mindfulness-questions/,daily mindfulness questions,2024-12-03,n/a,NeuroLaunch editorial team
How did I practice mindfulness today?,https://neurolaunch.com/mindfulness-questions/,daily mindfulness questions,2024-12-03,n/a,NeuroLaunch editorial team
What moments of joy or peace did I experience?,https://neurolaunch.com/mindfulness-questions/,daily mindfulness questions,2024-12-03,n/a,NeuroLaunch editorial team
What distractions or resistances am I noticing?,https://neurolaunch.com/mindfulness-questions/,daily mindfulness questions,2024-12-03,n/a,NeuroLaunch editorial team
How can I approach this practice with openness and non-judgment?,https://neurolaunch.com/mindfulness-questions/,daily mindfulness questions,2024-12-03,n/a,NeuroLaunch editorial team
Where do I feel sensations in my body right now?,https://neurolaunch.com/mindfulness-questions/,daily mindfulness questions,2024-12-03,n/a,NeuroLaunch editorial team
What do I hope to gain from this meditation?,https://neurolaunch.com/mindfulness-questions/,daily mindfulness questions,2024-12-03,n/a,NeuroLaunch editorial team
What thoughts or emotions are arising?,https://neurolaunch.com/mindfulness-questions/,daily mindfulness questions,2024-12-03,n/a,NeuroLaunch editorial team
What insights or realizations arose during my practice?,https://neurolaunch.com/mindfulness-questions/,daily mindfulness questions,2024-12-03,n/a,NeuroLaunch editorial team
Can I observe these experiences without attaching to them?,https://neurolaunch.com/mindfulness-questions/,daily mindfulness questions,2024-12-03,n/a,NeuroLaunch editorial team
What can I carry forward from this practice into my day?,https://neurolaunch.com/mindfulness-questions/,daily mindfulness questions,2024-12-03,n/a,NeuroLaunch editorial team
Can I be curious about this restlessness rather than fighting it?,https://neurolaunch.com/mindfulness-questions/,daily mindfulness questions,2024-12-03,n/a,NeuroLaunch editorial team
How do I feel compared to before the meditation?,https://neurolaunch.com/mindfulness-questions/,daily mindfulness questions,2024-12-03,n/a,NeuroLaunch editorial team
"Where do thoughts come from, and where do they go?",https://neurolaunch.com/mindfulness-questions/,daily mindfulness questions,2024-12-03,n/a,NeuroLaunch editorial team
What’s beneath this tiredness? Is it physical fatigue or mental resistance?,https://neurolaunch.com/mindfulness-questions/,daily mindfulness questions,2024-12-03,n/a,NeuroLaunch editorial team
How has mindfulness changed my relationship with stress?,https://neurolaunch.com/mindfulness-questions/,daily mindfulness questions,2024-12-03,n/a,NeuroLaunch editorial team
In what ways do I notice mindfulness influencing my interactions with others?,https://neurolaunch.com/mindfulness-questions/,daily mindfulness questions,2024-12-03,n/a,NeuroLaunch editorial team
How has my perception of time shifted through mindfulness practice?,https://neurolaunch.com/mindfulness-questions/,daily mindfulness questions,2024-12-03,n/a,NeuroLaunch editorial team
Can I observe an emotion without becoming it?,https://neurolaunch.com/mindfulness-questions/,daily mindfulness questions,2024-12-03,n/a,NeuroLaunch editorial team
What am I holding onto that no longer serves me?,https://neurolaunch.com/mindfulness-questions/,daily mindfulness questions,2024-12-03,n/a,NeuroLaunch editorial team
What’s the difference between experiencing an emotion and telling a story about it?,https://neurolaunch.com/mindfulness-questions/,daily mindfulness questions,2024-12-03,n/a,NeuroLaunch editorial team
Can I observe my desires without being controlled by them?,https://neurolaunch.com/mindfulness-questions/,daily mindfulness questions,2024-12-03,n/a,NeuroLaunch editorial team
How does letting go feel different from pushing away?,https://neurolaunch.com/mindfulness-questions/,daily mindfulness questions,2024-12-03,n/a,NeuroLaunch editorial team
Can I extend the same kindness to myself that I offer to loved ones?,https://neurolaunch.com/mindfulness-questions/,daily mindfulness questions,2024-12-03,n/a,NeuroLaunch editorial team
In what ways does mindfulness practice open my heart to others?,https://neurolaunch.com/mindfulness-questions/,daily mindfulness questions,2024-12-03,n/a,NeuroLaunch editorial team
How does self-compassion differ from self-indulgence?,https://neurolaunch.com/mindfulness-questions/,daily mindfulness questions,2024-12-03,n/a,NeuroLaunch editorial team
What’s one small moment of mindfulness you experienced recently?,https://neurolaunch.com/mindfulness-questions/,daily mindfulness questions,2024-12-03,n/a,NeuroLaunch editorial team
What drew you to mindfulness practice?,https://neurolaunch.com/mindfulness-questions/,daily mindfulness questions,2024-12-03,n/a,NeuroLaunch editorial team
"If your mindfulness practice were a weather forecast, what would it be today?",https://neurolaunch.com/mindfulness-questions/,daily mindfulness questions,2024-12-03,n/a,NeuroLaunch editorial team
How has mindfulness changed your relationship with difficult emotions?,https://neurolaunch.com/mindfulness-questions/,daily mindfulness questions,2024-12-03,n/a,NeuroLaunch editorial team
What’s the most surprising insight you’ve gained from your practice?,https://neurolaunch.com/mindfulness-questions/,daily mindfulness questions,2024-12-03,n/a,NeuroLaunch editorial team
In what ways do you find it challenging to bring mindfulness into daily life?,https://neurolaunch.com/mindfulness-questions/,daily mindfulness questions,2024-12-03,n/a,NeuroLaunch editorial team
What’s been your biggest obstacle in maintaining a regular practice?,https://neurolaunch.com/mindfulness-questions/,daily mindfulness questions,2024-12-03,n/a,NeuroLaunch editorial team
How do you navigate setbacks or periods of decreased motivation?,https://neurolaunch.com/mindfulness-questions/,daily mindfulness questions,2024-12-03,n/a,NeuroLaunch editorial team
How has being part of this group influenced your individual practice?,https://neurolaunch.com/mindfulness-questions/,daily mindfulness questions,2024-12-03,n/a,NeuroLaunch editorial team
How can we support each other’s practice outside of our meetings?,https://neurolaunch.com/mindfulness-questions/,daily mindfulness questions,2024-12-03,n/a,NeuroLaunch editorial team
What does sangha (community) mean to you in the context of mindfulness?,https://neurolaunch.com/mindfulness-questions/,daily mindfulness questions,2024-12-03,n/a,NeuroLaunch editorial team
Can you share a moment when mindfulness made a significant difference in your life?,https://neurolaunch.com/mindfulness-questions/,daily mindfulness questions,2024-12-03,n/a,NeuroLaunch editorial team
How has my understanding of mindfulness evolved over time?,https://neurolaunch.com/mindfulness-questions/,daily mindfulness questions,2024-12-03,n/a,NeuroLaunch editorial team
In what areas of my life do I find it easiest to be mindful? Most challenging?,https://neurolaunch.com/mindfulness-questions/,daily mindfulness questions,2024-12-03,n/a,NeuroLaunch editorial team
How has mindfulness influenced my relationships and communication style?,https://neurolaunch.com/mindfulness-questions/,daily mindfulness questions,2024-12-03,n/a,NeuroLaunch editorial team
"Am I consistently making time for formal practice, or do I need to adjust my schedule?",https://neurolaunch.com/mindfulness-questions/,daily mindfulness questions,2024-12-03,n/a,NeuroLaunch editorial team
How can I bring more mindfulness into routine activities like eating or commuting?,https://neurolaunch.com/mindfulness-questions/,daily mindfulness questions,2024-12-03,n/a,NeuroLaunch editorial team
Are there aspects of mindfulness I’ve been avoiding or neglecting?,https://neurolaunch.com/mindfulness-questions/,daily mindfulness questions,2024-12-03,n/a,NeuroLaunch editorial team
What specific aspect of mindfulness do I want to develop further?,https://neurolaunch.com/mindfulness-questions/,daily mindfulness questions,2024-12-03,n/a,NeuroLaunch editorial team
How can I integrate mindfulness more fully into my work life?,https://neurolaunch.com/mindfulness-questions/,daily mindfulness questions,2024-12-03,n/a,NeuroLaunch editorial team
What would a more mindful version of myself look and feel like?,https://neurolaunch.com/mindfulness-questions/,daily mindfulness questions,2024-12-03,n/a,NeuroLaunch editorial team
How has my ability to stay present improved since I started practicing?,https://neurolaunch.com/mindfulness-questions/,daily mindfulness questions,2024-12-03,n/a,NeuroLaunch editorial team
What positive changes have others noticed in me since I began this journey?,https://neurolaunch.com/mindfulness-questions/,daily mindfulness questions,2024-12-03,n/a,NeuroLaunch editorial team
What are my core values and how do they guide my choices?,https://thelifehand.com/mindfulness-questions-for-adults/,daily mindfulness questions,2023-12-01,2023-12-01,The Lifehand
How have I grown in the past year?,https://thelifehand.com/mindfulness-questions-for-adults/,daily mindfulness questions,2023-12-01,2023-12-01,The Lifehand
What long-term goal am I working towards right now?,https://thelifehand.com/mindfulness-questions-for-adults/,daily mindfulness questions,2023-12-01,2023-12-01,The Lifehand
How can I acknowledge and celebrate my growth in mindfulness?,https://neurolaunch.com/mindfulness-questions/,daily mindfulness questions,2024-12-03,n/a,NeuroLaunch editorial team
What new habit can I start to improve my life?,https://thelifehand.com/mindfulness-questions-for-adults/,daily mindfulness questions,2023-12-01,2023-12-01,The Lifehand
How do I define success for myself?,https://thelifehand.com/mindfulness-questions-for-adults/,daily mindfulness questions,2023-12-01,2023-12-01,The Lifehand
What small steps can I take today towards personal development?,https://thelifehand.com/mindfulness-questions-for-adults/,daily mindfulness questions,2023-12-01,2023-12-01,The Lifehand
In what areas of my life do I need more growth?,https://thelifehand.com/mindfulness-questions-for-adults/,daily mindfulness questions,2023-12-01,2023-12-01,The Lifehand
What emotions am I feeling right now?,https://thelifehand.com/mindfulness-questions-for-adults/,daily mindfulness questions,2023-12-01,2023-12-01,The Lifehand
How do I usually cope with stress?,https://thelifehand.com/mindfulness-questions-for-adults/,daily mindfulness questions,2023-12-01,2023-12-01,The Lifehand
What brings me true joy and fulfillment?,https://thelifehand.com/mindfulness-questions-for-adults/,daily mindfulness questions,2023-12-01,2023-12-01,The Lifehand
How can I manage negative emotions more effectively?,https://thelifehand.com/mindfulness-questions-for-adults/,daily mindfulness questions,2023-12-01,2023-12-01,The Lifehand
What are my strategies for maintaining emotional intelligence?,https://thelifehand.com/mindfulness-questions-for-adults/,daily mindfulness questions,2023-12-01,2023-12-01,The Lifehand
In what ways can I be kinder to myself?,https://thelifehand.com/mindfulness-questions-for-adults/,daily mindfulness questions,2023-12-01,2023-12-01,The Lifehand
How do I feel about my current relationships with family members?,https://thelifehand.com/mindfulness-questions-for-adults/,daily mindfulness questions,2023-12-01,2023-12-01,The Lifehand
What qualities do I value in my friendships?,https://thelifehand.com/mindfulness-questions-for-adults/,daily mindfulness questions,2023-12-01,2023-12-01,The Lifehand
How can I improve my communication with loved ones?,https://thelifehand.com/mindfulness-questions-for-adults/,daily mindfulness questions,2023-12-01,2023-12-01,The Lifehand
How do I show appreciation for the people in my life?,https://thelifehand.com/mindfulness-questions-for-adults/,daily mindfulness questions,2023-12-01,2023-12-01,The Lifehand
What boundaries do I need to set in my relationships?,https://thelifehand.com/mindfulness-questions-for-adults/,daily mindfulness questions,2023-12-01,2023-12-01,The Lifehand
What can I do to foster better relationships at work?,https://thelifehand.com/mindfulness-questions-for-adults/,daily mindfulness questions,2023-12-01,2023-12-01,The Lifehand
How do I handle conflicts with others?,https://thelifehand.com/mindfulness-questions-for-adults/,daily mindfulness questions,2023-12-01,2023-12-01,The Lifehand
How does my career align with my personal values?,https://thelifehand.com/mindfulness-questions-for-adults/,daily mindfulness questions,2023-12-01,2023-12-01,The Lifehand
What aspects of my job do I find most fulfilling?,https://thelifehand.com/mindfulness-questions-for-adults/,daily mindfulness questions,2023-12-01,2023-12-01,The Lifehand
What new skills do I want to learn for professional growth?,https://thelifehand.com/mindfulness-questions-for-adults/,daily mindfulness questions,2023-12-01,2023-12-01,The Lifehand
What are my career goals for the next five years?,https://thelifehand.com/mindfulness-questions-for-adults/,daily mindfulness questions,2023-12-01,2023-12-01,The Lifehand
What can I do to feel more engaged and motivated at work?,https://thelifehand.com/mindfulness-questions-for-adults/,daily mindfulness questions,2023-12-01,2023-12-01,The Lifehand
What am I grateful for today?,https://thelifehand.com/mindfulness-questions-for-adults/,daily mindfulness questions,2023-12-01,2023-12-01,The Lifehand
What's one good thing that happened to me today?,https://thelifehand.com/mindfulness-questions-for-adults/,daily mindfulness questions,2023-12-01,2023-12-01,The Lifehand
What did I learn about myself today?,https://thelifehand.com/mindfulness-questions-for-adults/,daily mindfulness questions,2023-12-01,2023-12-01,The Lifehand
How did I take care of my physical health today?,https://thelifehand.com/mindfulness-questions-for-adults/,daily mindfulness questions,2023-12-01,2023-12-01,The Lifehand
What made me laugh or smile today?,https://thelifehand.com/mindfulness-questions-for-adults/,daily mindfulness questions,2023-12-01,2023-12-01,The Lifehand
What can I do today to make myself aware of my own programming?,http://shadhelmstetter.com/wp-content/uploads/2017/08/31-Daily-Mindfulness-Questions.pdf,daily mindfulness questions,n/a,n/a,"Shad Helmstetter, Ph.D."
What is the attitude I choose to have all day today?,http://shadhelmstetter.com/wp-content/uploads/2017/08/31-Daily-Mindfulness-Questions.pdf,daily mindfulness questions,n/a,n/a,"Shad Helmstetter, Ph.D."
How present was I in my activities today?,https://thelifehand.com/mindfulness-questions-for-adults/,daily mindfulness questions,2023-12-01,2023-12-01,The Lifehand
What is the #1 program I choose to focus on creating in my brain today?,http://shadhelmstetter.com/wp-content/uploads/2017/08/31-Daily-Mindfulness-Questions.pdf,daily mindfulness questions,n/a,n/a,"Shad Helmstetter, Ph.D."
"How do I know my thoughts and my programs are up to me, and are mine to choose?",http://shadhelmstetter.com/wp-content/uploads/2017/08/31-Daily-Mindfulness-Questions.pdf,daily mindfulness questions,n/a,n/a,"Shad Helmstetter, Ph.D."
How can I make today better than yesterday?,https://thelifehand.com/mindfulness-questions-for-adults/,daily mindfulness questions,2023-12-01,2023-12-01,The Lifehand
How mindful am I of my emotions today?,http://shadhelmstetter.com/wp-content/uploads/2017/08/31-Daily-Mindfulness-Questions.pdf,daily mindfulness questions,n/a,n/a,"Shad Helmstetter, Ph.D."
What is one thing I can do today to create more positive programs in my brain?,http://shadhelmstetter.com/wp-content/uploads/2017/08/31-Daily-Mindfulness-Questions.pdf,daily mindfulness questions,n/a,n/a,"Shad Helmstetter, Ph.D."
"How much do I like myself, love myself, and care about myself today?",http://shadhelmstetter.com/wp-content/uploads/2017/08/31-Daily-Mindfulness-Questions.pdf,daily mindfulness questions,n/a,n/a,"Shad Helmstetter, Ph.D."
How often am I aware of other people's programs — especially other people's self-talk?,http://shadhelmstetter.com/wp-content/uploads/2017/08/31-Daily-Mindfulness-Questions.pdf,daily mindfulness questions,n/a,n/a,"Shad Helmstetter, Ph.D."
How important do I feel my programs are to my success in anything I do?,http://shadhelmstetter.com/wp-content/uploads/2017/08/31-Daily-Mindfulness-Questions.pdf,daily mindfulness questions,n/a,n/a,"Shad Helmstetter, Ph.D."
How much 'in control' of my own programming do I feel today?,http://shadhelmstetter.com/wp-content/uploads/2017/08/31-Daily-Mindfulness-Questions.pdf,daily mindfulness questions,n/a,n/a,"Shad Helmstetter, Ph.D."
"What creates my beliefs, my opinions and my direction each day?",http://shadhelmstetter.com/wp-content/uploads/2017/08/31-Daily-Mindfulness-Questions.pdf,daily mindfulness questions,n/a,n/a,"Shad Helmstetter, Ph.D."
"Who is the #1 person who is in control of my mindfulness, my thoughts, my attitude, and my programming today?",http://shadhelmstetter.com/wp-content/uploads/2017/08/31-Daily-Mindfulness-Questions.pdf,daily mindfulness questions,n/a,n/a,"Shad Helmstetter, Ph.D."
What is the key to making my most positive programs strong and permanent?,http://shadhelmstetter.com/wp-content/uploads/2017/08/31-Daily-Mindfulness-Questions.pdf,daily mindfulness questions,n/a,n/a,"Shad Helmstetter, Ph.D."
How is my self-talk today?,http://shadhelmstetter.com/wp-content/uploads/2017/08/31-Daily-Mindfulness-Questions.pdf,daily mindfulness questions,n/a,n/a,"Shad Helmstetter, Ph.D."
How important is it for me to be mindful of my thoughts and programs today?,http://shadhelmstetter.com/wp-content/uploads/2017/08/31-Daily-Mindfulness-Questions.pdf,daily mindfulness questions,n/a,n/a,"Shad Helmstetter, Ph.D."
"If I think a negative thought, what is the first thing I do?",http://shadhelmstetter.com/wp-content/uploads/2017/08/31-Daily-Mindfulness-Questions.pdf,daily mindfulness questions,n/a,n/a,"Shad Helmstetter, Ph.D."
"What do I like most about being mindful, and able to give my mind positive programs that improve my life?",http://shadhelmstetter.com/wp-content/uploads/2017/08/31-Daily-Mindfulness-Questions.pdf,daily mindfulness questions,n/a,n/a,"Shad Helmstetter, Ph.D."
How can I be mindful today that I have unlimited promise and potential?,http://shadhelmstetter.com/wp-content/uploads/2017/08/31-Daily-Mindfulness-Questions.pdf,daily mindfulness questions,n/a,n/a,"Shad Helmstetter, Ph.D."
How often each day do I choose to be completely mindful?,http://shadhelmstetter.com/wp-content/uploads/2017/08/31-Daily-Mindfulness-Questions.pdf,daily mindfulness questions,n/a,n/a,"Shad Helmstetter, Ph.D."
How do I feel about improving my mind and being more aware of all of my thoughts and programs?,http://shadhelmstetter.com/wp-content/uploads/2017/08/31-Daily-Mindfulness-Questions.pdf,daily mindfulness questions,n/a,n/a,"Shad Helmstetter, Ph.D."
"What is one thing I can do right now, and throughout the day, to make my mind sharper and more aware?",http://shadhelmstetter.com/wp-content/uploads/2017/08/31-Daily-Mindfulness-Questions.pdf,daily mindfulness questions,n/a,n/a,"Shad Helmstetter, Ph.D."
What is something I could do for someone else today that would create more positive imprinting in my own programs?,http://shadhelmstetter.com/wp-content/uploads/2017/08/31-Daily-Mindfulness-Questions.pdf,daily mindfulness questions,n/a,n/a,"Shad Helmstetter, Ph.D."
"What is one goal I could set today that will help me be more mindful of my mind, each and every day?",http://shadhelmstetter.com/wp-content/uploads/2017/08/31-Daily-Mindfulness-Questions.pdf,daily mindfulness questions,n/a,n/a,"Shad Helmstetter, Ph.D."
How often each day do I program my mind with the positive — by smiling?,http://shadhelmstetter.com/wp-content/uploads/2017/08/31-Daily-Mindfulness-Questions.pdf,daily mindfulness questions,n/a,n/a,"Shad Helmstetter, Ph.D."
Who is in control of every thought I think?,http://shadhelmstetter.com/wp-content/uploads/2017/08/31-Daily-Mindfulness-Questions.pdf,daily mindfulness questions,n/a,n/a,"Shad Helmstetter, Ph.D."
"What is the first thing I think about each morning, and the last thing I think about each night?",http://shadhelmstetter.com/wp-content/uploads/2017/08/31-Daily-Mindfulness-Questions.pdf,daily mindfulness questions,n/a,n/a,"Shad Helmstetter, Ph.D."
Who is in control of my feelings — positive or negative?,http://shadhelmstetter.com/wp-content/uploads/2017/08/31-Daily-Mindfulness-Questions.pdf,daily mindfulness questions,n/a,n/a,"Shad Helmstetter, Ph.D."
What is the key to making my own mindfulness a way of life for me?,http://shadhelmstetter.com/wp-content/uploads/2017/08/31-Daily-Mindfulness-Questions.pdf,daily mindfulness questions,n/a,n/a,"Shad Helmstetter, Ph.D."
What is one of the greatest gifts I have ever received for making my life better?,http://shadhelmstetter.com/wp-content/uploads/2017/08/31-Daily-Mindfulness-Questions.pdf,daily mindfulness questions,n/a,n/a,"Shad Helmstetter, Ph.D."
"When I worked to benefit someone else, did I do my best?",https://www.effluo.org/goal-planner/reflect-and-review/top-3-daily-mindfulness-reflection-questions-to-ask-yourself-confucius/,daily mindfulness questions,2022-08-01,2022-08-01,Effluo
Did I pass on any knowledge I myself had not put into practice?,https://www.effluo.org/goal-planner/reflect-and-review/top-3-daily-mindfulness-reflection-questions-to-ask-yourself-confucius/,daily mindfulness questions,2022-08-01,2022-08-01,Effluo
What does stepping outside of your comfort zone feel like to you?,https://www.joyfulthroughitall.com/mindfulness-questions/,daily mindfulness questions,2025-03-08,2025-03-08,Jordan
"Identify three things that you can see, hear, and feel in this moment.",https://www.joyfulthroughitall.com/mindfulness-questions/,daily mindfulness questions,2025-03-08,2025-03-08,Jordan
"In my relationship with my friends, did I fail to be trustworthy?",https://www.effluo.org/goal-planner/reflect-and-review/top-3-daily-mindfulness-reflection-questions-to-ask-yourself-confucius/,daily mindfulness questions,2022-08-01,2022-08-01,Effluo
Describe one thought that you are having without passing judgment on yourself.,https://www.joyfulthroughitall.com/mindfulness-questions/,daily mindfulness questions,2025-03-08,2025-03-08,Jordan
Take note of and describe your breathing without trying to change it. How does it feel?,https://www.joyfulthroughitall.com/mindfulness-questions/,daily mindfulness questions,2025-03-08,2025-03-08,Jordan
What sensations do you notice throughout your body right now?,https://www.joyfulthroughitall.com/mindfulness-questions/,daily mindfulness questions,2025-03-08,2025-03-08,Jordan
How are you feeling emotionally? What can you do to embrace those feelings?,https://www.joyfulthroughitall.com/mindfulness-questions/,daily mindfulness questions,2025-03-08,2025-03-08,Jordan
Perform a quick mental body scan. Where does your body feel tight or sore? Where does it feel loose and relaxed?,https://www.joyfulthroughitall.com/mindfulness-questions/,daily mindfulness questions,2025-03-08,2025-03-08,Jordan
What sounds do you usually ignore in your environment? Try to notice them and how they make you feel.,https://www.joyfulthroughitall.com/mindfulness-questions/,daily mindfulness questions,2025-03-08,2025-03-08,Jordan
Describe how each area of your body feels as you focus on a bad memory that you have.,https://www.joyfulthroughitall.com/mindfulness-questions/,daily mindfulness questions,2025-03-08,2025-03-08,Jordan
What gets in the way of your personal growth?,https://www.joyfulthroughitall.com/mindfulness-questions/,daily mindfulness questions,2025-03-08,2025-03-08,Jordan
What would it feel like to live your best life?,https://www.joyfulthroughitall.com/mindfulness-questions/,daily mindfulness questions,2025-03-08,2025-03-08,Jordan
"Describe the taste, texture, and smell of a food that you are eating. What physical sensations do you notice?",https://www.joyfulthroughitall.com/mindfulness-questions/,daily mindfulness questions,2025-03-08,2025-03-08,Jordan
How can you ground yourself in a good place by connecting with your five senses?,https://www.joyfulthroughitall.com/mindfulness-questions/,daily mindfulness questions,2025-03-08,2025-03-08,Jordan
What physical sensations do you notice most frequently during moments of mindfulness?,https://www.joyfulthroughitall.com/mindfulness-questions/,daily mindfulness questions,2025-03-08,2025-03-08,Jordan
What is the last thing you think about at the end of each day?,https://www.joyfulthroughitall.com/mindfulness-questions/,daily mindfulness questions,2025-03-08,2025-03-08,Jordan
What are you grateful for in this very moment?,https://www.joyfulthroughitall.com/mindfulness-questions/,daily mindfulness questions,2025-03-08,2025-03-08,Jordan
What specific aspects of your life have been positively impacted by practicing mindfulness regularly?,https://www.joyfulthroughitall.com/mindfulness-questions/,daily mindfulness questions,2025-03-08,2025-03-08,Jordan
What daily habits can you adopt to reinforce your practice of mindfulness throughout the day?,https://www.joyfulthroughitall.com/mindfulness-questions/,daily mindfulness questions,2025-03-08,2025-03-08,Jordan
What feelings surface while you are with your family members?,https://www.joyfulthroughitall.com/mindfulness-questions/,daily mindfulness questions,2025-03-08,2025-03-08,Jordan
What is the best way for you to cultivate mindfulness in your everyday life?,https://www.joyfulthroughitall.com/mindfulness-questions/,daily mindfulness questions,2025-03-08,2025-03-08,Jordan
How can you bring yourself back to the present moment when feeling overwhelmed?,https://www.joyfulthroughitall.com/mindfulness-questions/,daily mindfulness questions,2025-03-08,2025-03-08,Jordan
What negative thoughts seem to surface most regularly throughout your day?,https://www.joyfulthroughitall.com/mindfulness-questions/,daily mindfulness questions,2025-03-08,2025-03-08,Jordan
How do you find joy in the little things in your daily life?,https://www.joyfulthroughitall.com/mindfulness-questions/,daily mindfulness questions,2025-03-08,2025-03-08,Jordan
What changes can you make in your daily routine to manage negative emotions effectively?,https://www.joyfulthroughitall.com/mindfulness-questions/,daily mindfulness questions,2025-03-08,2025-03-08,Jordan
"How does it feel to accept yourself, your thoughts, and your feelings without judgment?",https://www.joyfulthroughitall.com/mindfulness-questions/,daily mindfulness questions,2025-03-08,2025-03-08,Jordan
What does it feel like to pay close attention to the present moment?,https://www.joyfulthroughitall.com/mindfulness-questions/,daily mindfulness questions,2025-03-08,2025-03-08,Jordan
When is the best time for you to practice mindfulness regularly?,https://www.joyfulthroughitall.com/mindfulness-questions/,daily mindfulness questions,2025-03-08,2025-03-08,Jordan
How would you describe your quality of life?,https://www.joyfulthroughitall.com/mindfulness-questions/,daily mindfulness questions,2025-03-08,2025-03-08,Jordan
What are the most important things for you to prioritize?,https://www.joyfulthroughitall.com/mindfulness-questions/,daily mindfulness questions,2025-03-08,2025-03-08,Jordan
"Describe how a challenge, failure, or setback made you feel. What will you do differently next time?",https://www.joyfulthroughitall.com/mindfulness-questions/,daily mindfulness questions,2025-03-08,2025-03-08,Jordan
"How did you feel on the first day of your mindfulness journey, and how have you progressed since then?",https://www.joyfulthroughitall.com/mindfulness-questions/,daily mindfulness questions,2025-03-08,2025-03-08,Jordan
What physical sensations are present in my body right now?,https://www.joyfulthroughitall.com/mindfulness-questions/,daily mindfulness questions,2025-03-08,2025-03-08,Jordan
What can you do to navigate and respond to your own thoughts mindfully?,https://www.joyfulthroughitall.com/mindfulness-questions/,daily mindfulness questions,2025-03-08,2025-03-08,Jordan
Can you notice any tension or relaxation in your muscles?,https://www.joyfulthroughitall.com/mindfulness-questions/,daily mindfulness questions,2025-03-08,2025-03-08,Jordan
What do you appreciate about yourself and your surroundings right now?,https://www.joyfulthroughitall.com/mindfulness-questions/,daily mindfulness questions,2025-03-08,2025-03-08,Jordan
How does your breath change when you shift your awareness to it?,https://www.joyfulthroughitall.com/mindfulness-questions/,daily mindfulness questions,2025-03-08,2025-03-08,Jordan
What can you let go of from your thoughts to create mental space?,https://www.joyfulthroughitall.com/mindfulness-questions/,daily mindfulness questions,2025-03-08,2025-03-08,Jordan
Do you have a hard time engaging in an activity with full focus and attention?,https://www.joyfulthroughitall.com/mindfulness-questions/,daily mindfulness questions,2025-03-08,2025-03-08,Jordan
How can you approach a challenge with curiosity and openness?,https://www.joyfulthroughitall.com/mindfulness-questions/,daily mindfulness questions,2025-03-08,2025-03-08,Jordan
What small act of self-care can you engage as a good start to nurturing yourself?,https://www.joyfulthroughitall.com/mindfulness-questions/,daily mindfulness questions,2025-03-08,2025-03-08,Jordan
What is the easiest way for you to bring kindness and compassion to your inner dialogue?,https://www.joyfulthroughitall.com/mindfulness-questions/,daily mindfulness questions,2025-03-08,2025-03-08,Jordan
Can you simply be without feeling the need to do or achieve anything right now?,https://www.joyfulthroughitall.com/mindfulness-questions/,daily mindfulness questions,2025-03-08,2025-03-08,Jordan
Can you observe the flow of your thoughts without getting caught up in them?,https://www.joyfulthroughitall.com/mindfulness-questions/,daily mindfulness questions,2025-03-08,2025-03-08,Jordan
"Without putting too much pressure on yourself, describe a simple moment that brought you joy.",https://www.joyfulthroughitall.com/mindfulness-questions/,daily mindfulness questions,2025-03-08,2025-03-08,Jordan
"At the end of the day, what are you grateful for in your life right now?",https://www.joyfulthroughitall.com/mindfulness-questions/,daily mindfulness questions,2025-03-08,2025-03-08,Jordan
What positive things do you often take for granted that you can acknowledge right now?,https://www.joyfulthroughitall.com/mindfulness-questions/,daily mindfulness questions,2025-03-08,2025-03-08,Jordan
How does it feel to notice the beauty that exists around you in an ordinary moment?,https://www.joyfulthroughitall.com/mindfulness-questions/,daily mindfulness questions,2025-03-08,2025-03-08,Jordan
How can you bring your full presence to make the greatest impact in your interactions with others?,https://www.joyfulthroughitall.com/mindfulness-questions/,daily mindfulness questions,2025-03-08,2025-03-08,Jordan
Focus on a stressful situation you experienced last week. What physical sensations do you notice in your body?,https://www.joyfulthroughitall.com/mindfulness-questions/,daily mindfulness questions,2025-03-08,2025-03-08,Jordan
How are you connected to the world around you in this instant?,https://www.joyfulthroughitall.com/mindfulness-questions/,daily mindfulness questions,2025-03-08,2025-03-08,Jordan
What bad habits do you tend to fall into during difficult transitions?,https://www.joyfulthroughitall.com/mindfulness-questions/,daily mindfulness questions,2025-03-08,2025-03-08,Jordan
What is your first step when responding to a challenge or an obstacle?,https://www.joyfulthroughitall.com/mindfulness-questions/,daily mindfulness questions,2025-03-08,2025-03-08,Jordan
What thoughts make a huge difference for you amidst the chaos of stressful situations?,https://www.joyfulthroughitall.com/mindfulness-questions/,daily mindfulness questions,2025-03-08,2025-03-08,Jordan
How can you balance long-term goals and being present right now?,https://www.joyfulthroughitall.com/mindfulness-questions/,daily mindfulness questions,2025-03-08,2025-03-08,Jordan
What stories or narratives are your thoughts telling you right now?,https://www.joyfulthroughitall.com/mindfulness-questions/,daily mindfulness questions,2025-03-08,2025-03-08,Jordan
"How can you approach different situations with an open mind, enabling me to recognize and address my bad habits from a place of self-awareness?",https://www.joyfulthroughitall.com/mindfulness-questions/,daily mindfulness questions,2025-03-08,2025-03-08,Jordan
How does it feel when you connect with someone on a deeper level?,https://www.joyfulthroughitall.com/mindfulness-questions/,daily mindfulness questions,2025-03-08,2025-03-08,Jordan
What cues from others do you pick up on when fully present and attentive?,https://www.joyfulthroughitall.com/mindfulness-questions/,daily mindfulness questions,2025-03-08,2025-03-08,Jordan
How do you respond when your thoughts drift away during a conversation?,https://www.joyfulthroughitall.com/mindfulness-questions/,daily mindfulness questions,2025-03-08,2025-03-08,Jordan
What small details are you noticing that you might usually overlook?,https://www.joyfulthroughitall.com/mindfulness-questions/,daily mindfulness questions,2025-03-08,2025-03-08,Jordan
What is one thing you consider common sense that you should explore further?,https://www.joyfulthroughitall.com/mindfulness-questions/,daily mindfulness questions,2025-03-08,2025-03-08,Jordan
What do you see when you look around without labeling or judging?,https://www.joyfulthroughitall.com/mindfulness-questions/,daily mindfulness questions,2025-03-08,2025-03-08,Jordan
How do your mind and body react when faced with discomfort?,https://www.joyfulthroughitall.com/mindfulness-questions/,daily mindfulness questions,2025-03-08,2025-03-08,Jordan
What thoughts are currently passing through your mind?,https://www.joyfulthroughitall.com/mindfulness-questions/,daily mindfulness questions,2025-03-08,2025-03-08,Jordan
How does it feel to focus on the rhythm of your heartbeat and the flow of your breath?,https://www.joyfulthroughitall.com/mindfulness-questions/,daily mindfulness questions,2025-03-08,2025-03-08,Jordan
How would you describe your day-to-day life to a stranger?,https://www.joyfulthroughitall.com/mindfulness-questions/,daily mindfulness questions,2025-03-08,2025-03-08,Jordan
What is the quality of my inner dialogue? Is it kind and compassionate?,https://www.joyfulthroughitall.com/mindfulness-questions/,daily mindfulness questions,2025-03-08,2025-03-08,Jordan
What is the biggest challenge you face when practicing mindfulness?,https://www.supersurvey.com/LPC-mindfulness,daily mindfulness questions,2023-10-01,2023-10-01,SuperSurvey
What motivates you to practice mindfulness?,https://www.supersurvey.com/LPC-mindfulness,daily mindfulness questions,2023-10-01,2023-10-01,SuperSurvey
How aware are you of your thoughts throughout the day?,https://www.supersurvey.com/LPC-mindfulness,daily mindfulness questions,2023-10-01,2023-10-01,SuperSurvey
Describe a moment when you recognized your internal dialogue.,https://www.supersurvey.com/LPC-mindfulness,daily mindfulness questions,2023-10-01,2023-10-01,SuperSurvey
What triggers negative thought patterns?,https://www.supersurvey.com/LPC-mindfulness,daily mindfulness questions,2023-10-01,2023-10-01,SuperSurvey
How comfortable are you with your internal thoughts?,https://www.supersurvey.com/LPC-mindfulness,daily mindfulness questions,2023-10-01,2023-10-01,SuperSurvey
Do you notice physical sensations linked to your emotions?,https://www.supersurvey.com/LPC-mindfulness,daily mindfulness questions,2023-10-01,2023-10-01,SuperSurvey
How do you maintain focus on the present moment?,https://www.supersurvey.com/LPC-mindfulness,daily mindfulness questions,2023-10-01,2023-10-01,SuperSurvey
What benefits have you noticed from self-reflection?,https://www.supersurvey.com/LPC-mindfulness,daily mindfulness questions,2023-10-01,2023-10-01,SuperSurvey
How do you recognize when you are feeling stressed?,https://www.supersurvey.com/LPC-mindfulness,daily mindfulness questions,2023-10-01,2023-10-01,SuperSurvey
Do you experience a change in behavior during stressful periods?,https://www.supersurvey.com/LPC-mindfulness,daily mindfulness questions,2023-10-01,2023-10-01,SuperSurvey
How does self-awareness influence your behavior?,https://www.supersurvey.com/LPC-mindfulness,daily mindfulness questions,2023-10-01,2023-10-01,SuperSurvey
How do deep breathing exercises affect your stress levels?,https://www.supersurvey.com/LPC-mindfulness,daily mindfulness questions,2023-10-01,2023-10-01,SuperSurvey
What physical symptoms accompany your stress responses?,https://www.supersurvey.com/LPC-mindfulness,daily mindfulness questions,2023-10-01,2023-10-01,SuperSurvey
What changes do you observe in your mood after mindfulness sessions?,https://www.supersurvey.com/LPC-mindfulness,daily mindfulness questions,2023-10-01,2023-10-01,SuperSurvey
How does mindfulness help you remain calm during chaos?,https://www.supersurvey.com/LPC-mindfulness,daily mindfulness questions,2023-10-01,2023-10-01,SuperSurvey
How do you integrate mindfulness into your stressful schedule?,https://www.supersurvey.com/LPC-mindfulness,daily mindfulness questions,2023-10-01,2023-10-01,SuperSurvey
How do you describe your current emotional state?,https://www.supersurvey.com/LPC-mindfulness,daily mindfulness questions,2023-10-01,2023-10-01,SuperSurvey
What role does mindfulness play in managing your emotions?,https://www.supersurvey.com/LPC-mindfulness,daily mindfulness questions,2023-10-01,2023-10-01,SuperSurvey
How effectively do you recover from a negative emotion?,https://www.supersurvey.com/LPC-mindfulness,daily mindfulness questions,2023-10-01,2023-10-01,SuperSurvey
How do you monitor changes in your emotions throughout the day?,https://www.supersurvey.com/LPC-mindfulness,daily mindfulness questions,2023-10-01,2023-10-01,SuperSurvey
What activities help you maintain a balanced emotional state?,https://www.supersurvey.com/LPC-mindfulness,daily mindfulness questions,2023-10-01,2023-10-01,SuperSurvey
How has practicing mindfulness influenced your mood regulation?,https://www.supersurvey.com/LPC-mindfulness,daily mindfulness questions,2023-10-01,2023-10-01,SuperSurvey
How do you return to a state of calm after emotional upheaval?,https://www.supersurvey.com/LPC-mindfulness,daily mindfulness questions,2023-10-01,2023-10-01,SuperSurvey
What triggers have you identified that disrupt your emotional balance?,https://www.supersurvey.com/LPC-mindfulness,daily mindfulness questions,2023-10-01,2023-10-01,SuperSurvey
What improvements have you noticed in your emotional responses due to mindfulness?,https://www.supersurvey.com/LPC-mindfulness,daily mindfulness questions,2023-10-01,2023-10-01,SuperSurvey
How would you rate your concentration during daily tasks?,https://www.supersurvey.com/LPC-mindfulness,daily mindfulness questions,2023-10-01,2023-10-01,SuperSurvey
How does mindfulness help you stay focused in a distracting environment?,https://www.supersurvey.com/LPC-mindfulness,daily mindfulness questions,2023-10-01,2023-10-01,SuperSurvey
How do you manage distractions when practicing mindfulness?,https://www.supersurvey.com/LPC-mindfulness,daily mindfulness questions,2023-10-01,2023-10-01,SuperSurvey
What challenges do you face in maintaining focus?,https://www.supersurvey.com/LPC-mindfulness,daily mindfulness questions,2023-10-01,2023-10-01,SuperSurvey
Do you find your productivity increases with mindfulness?,https://www.supersurvey.com/LPC-mindfulness,daily mindfulness questions,2023-10-01,2023-10-01,SuperSurvey
How does a clear mind impact your decision-making?,https://www.supersurvey.com/LPC-mindfulness,daily mindfulness questions,2023-10-01,2023-10-01,SuperSurvey
How do you perceive the connection between your body and mind?,https://www.supersurvey.com/LPC-mindfulness,daily mindfulness questions,2023-10-01,2023-10-01,SuperSurvey
What physical activities complement your mindfulness practice?,https://www.supersurvey.com/LPC-mindfulness,daily mindfulness questions,2023-10-01,2023-10-01,SuperSurvey
What benefits have you observed from regular mindfulness practice on focus?,https://www.supersurvey.com/LPC-mindfulness,daily mindfulness questions,2023-10-01,2023-10-01,SuperSurvey
How do you integrate body awareness into your daily routine?,https://www.supersurvey.com/LPC-mindfulness,daily mindfulness questions,2023-10-01,2023-10-01,SuperSurvey
Do you notice any physical changes after mindfulness exercises?,https://www.supersurvey.com/LPC-mindfulness,daily mindfulness questions,2023-10-01,2023-10-01,SuperSurvey
How often do you reflect on the physical sensations during meditation?,https://www.supersurvey.com/LPC-mindfulness,daily mindfulness questions,2023-10-01,2023-10-01,SuperSurvey
How does bodily movement influence your mental state?,https://www.supersurvey.com/LPC-mindfulness,daily mindfulness questions,2023-10-01,2023-10-01,SuperSurvey
What benefits do you experience from focusing on your breath?,https://www.supersurvey.com/LPC-mindfulness,daily mindfulness questions,2023-10-01,2023-10-01,SuperSurvey
What improvements have you seen in your overall well-being from mindful practices?,https://www.supersurvey.com/LPC-mindfulness,daily mindfulness questions,2023-10-01,2023-10-01,SuperSurvey
How do you rate the synergy between your mental and physical practices?,https://www.supersurvey.com/LPC-mindfulness,daily mindfulness questions,2023-10-01,2023-10-01,SuperSurvey
How does mindful movement affect your stress levels?,https://www.supersurvey.com/LPC-mindfulness,daily mindfulness questions,2023-10-01,2023-10-01,SuperSurvey
"When I wriggle my fingers and toes, how do they feel? What sensations do I experience?",https://loreoflife.com/mindfulness-questions/,daily mindfulness questions,2022-10-01,2024-05-01,Lore of Life
How does my mental state affect my physical condition and vice versa?,https://loreoflife.com/mindfulness-questions/,daily mindfulness questions,2022-10-01,2024-05-01,Lore of Life
What does my body need?,https://loreoflife.com/mindfulness-questions/,daily mindfulness questions,2022-10-01,2024-05-01,Lore of Life
Am I holding tension in my body? Can I let it go?,https://loreoflife.com/mindfulness-questions/,daily mindfulness questions,2022-10-01,2024-05-01,Lore of Life
What makes me proud?,https://loreoflife.com/mindfulness-questions/,daily mindfulness questions,2022-10-01,2024-05-01,Lore of Life
What gives me excitement in my life right now?,https://loreoflife.com/mindfulness-questions/,daily mindfulness questions,2022-10-01,2024-05-01,Lore of Life
What do I like about myself?,https://loreoflife.com/mindfulness-questions/,daily mindfulness questions,2022-10-01,2024-05-01,Lore of Life
What / who do I value?,https://loreoflife.com/mindfulness-questions/,daily mindfulness questions,2022-10-01,2024-05-01,Lore of Life
What has made me happy lately?,https://loreoflife.com/mindfulness-questions/,daily mindfulness questions,2022-10-01,2024-05-01,Lore of Life
What has made me frustrated lately? Can I do something about this?,https://loreoflife.com/mindfulness-questions/,daily mindfulness questions,2022-10-01,2024-05-01,Lore of Life
What makes me sad lately? Can I do something about this?,https://loreoflife.com/mindfulness-questions/,daily mindfulness questions,2022-10-01,2024-05-01,Lore of Life
What would make me happier?,https://loreoflife.com/mindfulness-questions/,daily mindfulness questions,2022-10-01,2024-05-01,Lore of Life
Is there anything I’m currently putting off or ignoring? Why?,https://loreoflife.com/mindfulness-questions/,daily mindfulness questions,2022-10-01,2024-05-01,Lore of Life
What do I want to stop/start doing in my life? Why is this important?,https://loreoflife.com/mindfulness-questions/,daily mindfulness questions,2022-10-01,2024-05-01,Lore of Life
What helps me recover from stress?,https://loreoflife.com/mindfulness-questions/,daily mindfulness questions,2022-10-01,2024-05-01,Lore of Life
What am I grateful for in this current moment?,https://loreoflife.com/mindfulness-questions/,daily mindfulness questions,2022-10-01,2024-05-01,Lore of Life
Am I treating myself well? What can I do to improve?,https://loreoflife.com/mindfulness-questions/,daily mindfulness questions,2022-10-01,2024-05-01,Lore of Life
"Are there correlations between aspects of my life? (work, relationships, family etc.) Can recognising correlations help me know myself better?",https://loreoflife.com/mindfulness-questions/,daily mindfulness questions,2022-10-01,2024-05-01,Lore of Life
What does this environment remind me of?,https://loreoflife.com/mindfulness-questions/,daily mindfulness questions,2022-10-01,2024-05-01,Lore of Life
"What is changing in this environment, and what is constant?",https://loreoflife.com/mindfulness-questions/,daily mindfulness questions,2022-10-01,2024-05-01,Lore of Life
What am I doing to maintain my relationships with friends and family?,https://loreoflife.com/mindfulness-questions/,daily mindfulness questions,2022-10-01,2024-05-01,Lore of Life
How do I feel about the future?,https://loreoflife.com/mindfulness-questions/,daily mindfulness questions,2022-10-01,2024-05-01,Lore of Life
What am I looking forward to the most?,https://loreoflife.com/mindfulness-questions/,daily mindfulness questions,2022-10-01,2024-05-01,Lore of Life
What do I want to do in the next 12 months?,https://loreoflife.com/mindfulness-questions/,daily mindfulness questions,2022-10-01,2024-05-01,Lore of Life
Where do I see myself in 5 years?,https://loreoflife.com/mindfulness-questions/,daily mindfulness questions,2022-10-01,2024-05-01,Lore of Life
What do I want to be known for in the future?,https://loreoflife.com/mindfulness-questions/,daily mindfulness questions,2022-10-01,2024-05-01,Lore of Life
Will my worries today matter a year from now?,https://loreoflife.com/mindfulness-questions/,daily mindfulness questions,2022-10-01,2024-05-01,Lore of Life
How can I make other people’s lives better?,https://loreoflife.com/mindfulness-questions/,daily mindfulness questions,2022-10-01,2024-05-01,Lore of Life
What has my past taught me?,https://loreoflife.com/mindfulness-questions/,daily mindfulness questions,2022-10-01,2024-05-01,Lore of Life
What shaped who I am today?,https://loreoflife.com/mindfulness-questions/,daily mindfulness questions,2022-10-01,2024-05-01,Lore of Life
What is my happiest memory?,https://loreoflife.com/mindfulness-questions/,daily mindfulness questions,2022-10-01,2024-05-01,Lore of Life
"What mistakes have I made recently, and what have I learned from them?",https://loreoflife.com/mindfulness-questions/,daily mindfulness questions,2022-10-01,2024-05-01,Lore of Life
"In one sentence, who am I?",https://www.marcandangel.com/2025/05/24/40-questions-that-will-quiet-your-mind/,daily mindfulness questions,2025-05-24,2025-05-24,Marc and Angel Hack Life
Who has been my most reliable friend/family member?,https://loreoflife.com/mindfulness-questions/,daily mindfulness questions,2022-10-01,2024-05-01,Lore of Life
"What have I learned recently, and how will it help me?",https://loreoflife.com/mindfulness-questions/,daily mindfulness questions,2022-10-01,2024-05-01,Lore of Life
Am I holding on to guilt or shame? Why?,https://loreoflife.com/mindfulness-questions/,daily mindfulness questions,2022-10-01,2024-05-01,Lore of Life
Who are you?,https://www.marcandangel.com/2025/05/24/40-questions-that-will-quiet-your-mind/,daily mindfulness questions,2025-05-24,2025-05-24,Marc and Angel Hack Life
"If the next month of my life were perfect, what would it look like?",https://loreoflife.com/mindfulness-questions/,daily mindfulness questions,2022-10-01,2024-05-01,Lore of Life
Note the sensations in your body as a whole. What information is your body giving you? What does your body ask you to recognize?,https://www.va.gov/WHOLEHEALTHLIBRARY/tools/mindful-awareness-practice-daily-living.asp,daily mindfulness questions,n/a,2025-03-19,"Adrienne Hampton, MD"
What are three things I learned about myself this week?,https://mindmastermanifest.com/33-mindful-questions-to-ask-yourself-and-how-to-self-analyze-them/,daily mindfulness questions,2024-04-19,n/a,Sophie Martin
How have my recent experiences shaped my perspective on what I value most?,https://mindmastermanifest.com/33-mindful-questions-to-ask-yourself-and-how-to-self-analyze-them/,daily mindfulness questions,2024-04-19,n/a,Sophie Martin
Which habits do I believe contribute most to my personal happiness?,https://mindmastermanifest.com/33-mindful-questions-to-ask-yourself-and-how-to-self-analyze-them/,daily mindfulness questions,2024-04-19,n/a,Sophie Martin
What personal strengths have helped me in tough situations?,https://mindmastermanifest.com/33-mindful-questions-to-ask-yourself-and-how-to-self-analyze-them/,daily mindfulness questions,2024-04-19,n/a,Sophie Martin
"How do I react to stress, and what does this tell me about my needs?",https://mindmastermanifest.com/33-mindful-questions-to-ask-yourself-and-how-to-self-analyze-them/,daily mindfulness questions,2024-04-19,n/a,Sophie Martin
What fears hold me back from making decisions about my future?,https://mindmastermanifest.com/33-mindful-questions-to-ask-yourself-and-how-to-self-analyze-them/,daily mindfulness questions,2024-04-19,n/a,Sophie Martin
"What emotions do I feel most frequently, and what do they tell me about my current life situation?",https://mindmastermanifest.com/33-mindful-questions-to-ask-yourself-and-how-to-self-analyze-them/,daily mindfulness questions,2024-04-19,n/a,Sophie Martin
What does my ideal version of myself look like?,https://mindmastermanifest.com/33-mindful-questions-to-ask-yourself-and-how-to-self-analyze-them/,daily mindfulness questions,2024-04-19,n/a,Sophie Martin
"What brings me joy that I consider a guilty pleasure, and why do I feel guilty about it?",https://mindmastermanifest.com/33-mindful-questions-to-ask-yourself-and-how-to-self-analyze-them/,daily mindfulness questions,2024-04-19,n/a,Sophie Martin
"What situations make me feel vulnerable, and how do I respond to this vulnerability?",https://mindmastermanifest.com/33-mindful-questions-to-ask-yourself-and-how-to-self-analyze-them/,daily mindfulness questions,2024-04-19,n/a,Sophie Martin
"Who do I feel most supported by, and what actions specifically make me feel supported?",https://mindmastermanifest.com/33-mindful-questions-to-ask-yourself-and-how-to-self-analyze-them/,daily mindfulness questions,2024-04-19,n/a,Sophie Martin
"Who in my life triggers strong emotions within me, and why do I think that is?",https://mindmastermanifest.com/33-mindful-questions-to-ask-yourself-and-how-to-self-analyze-them/,daily mindfulness questions,2024-04-19,n/a,Sophie Martin
How do I contribute to my most significant relationships to make them fulfilling?,https://mindmastermanifest.com/33-mindful-questions-to-ask-yourself-and-how-to-self-analyze-them/,daily mindfulness questions,2024-04-19,n/a,Sophie Martin
What boundaries do I need to set or respect to improve my relationships?,https://mindmastermanifest.com/33-mindful-questions-to-ask-yourself-and-how-to-self-analyze-them/,daily mindfulness questions,2024-04-19,n/a,Sophie Martin
How do I feel about my social life right now?,https://mindmastermanifest.com/33-mindful-questions-to-ask-yourself-and-how-to-self-analyze-them/,daily mindfulness questions,2024-04-19,n/a,Sophie Martin
"What qualities do I appreciate in my friends, and do I reflect these qualities myself?",https://mindmastermanifest.com/33-mindful-questions-to-ask-yourself-and-how-to-self-analyze-them/,daily mindfulness questions,2024-04-19,n/a,Sophie Martin
What moment this week was I most fully present?,https://mindmastermanifest.com/33-mindful-questions-to-ask-yourself-and-how-to-self-analyze-them/,daily mindfulness questions,2024-04-19,n/a,Sophie Martin
What are simple pleasures that I often overlook?,https://mindmastermanifest.com/33-mindful-questions-to-ask-yourself-and-how-to-self-analyze-them/,daily mindfulness questions,2024-04-19,n/a,Sophie Martin
How often do I find myself dwelling on the past or worrying about the future?,https://mindmastermanifest.com/33-mindful-questions-to-ask-yourself-and-how-to-self-analyze-them/,daily mindfulness questions,2024-04-19,n/a,Sophie Martin
What practices help me center myself when I feel scattered?,https://mindmastermanifest.com/33-mindful-questions-to-ask-yourself-and-how-to-self-analyze-them/,daily mindfulness questions,2024-04-19,n/a,Sophie Martin
In what situations do I find it hardest to stay present?,https://mindmastermanifest.com/33-mindful-questions-to-ask-yourself-and-how-to-self-analyze-them/,daily mindfulness questions,2024-04-19,n/a,Sophie Martin
"What are my current goals, and why are they important to me?",https://mindmastermanifest.com/33-mindful-questions-to-ask-yourself-and-how-to-self-analyze-them/,daily mindfulness questions,2024-04-19,n/a,Sophie Martin
"How do I sabotage my success or progress, and what can I do about it?",https://mindmastermanifest.com/33-mindful-questions-to-ask-yourself-and-how-to-self-analyze-them/,daily mindfulness questions,2024-04-19,n/a,Sophie Martin
"What does self-care look like for me, and how can I make it a regular part of my life?",https://mindmastermanifest.com/33-mindful-questions-to-ask-yourself-and-how-to-self-analyze-them/,daily mindfulness questions,2024-04-19,n/a,Sophie Martin
What small steps can I take this month towards a big dream I have?,https://mindmastermanifest.com/33-mindful-questions-to-ask-yourself-and-how-to-self-analyze-them/,daily mindfulness questions,2024-04-19,n/a,Sophie Martin
What activities make me feel energized and alive?,https://mindmastermanifest.com/33-mindful-questions-to-ask-yourself-and-how-to-self-analyze-them/,daily mindfulness questions,2024-04-19,n/a,Sophie Martin
"What are my sleeping habits, and how do they affect my daily energy levels?",https://mindmastermanifest.com/33-mindful-questions-to-ask-yourself-and-how-to-self-analyze-them/,daily mindfulness questions,2024-04-19,n/a,Sophie Martin
What am I most proud of accomplishing in the past year?,https://mindmastermanifest.com/33-mindful-questions-to-ask-yourself-and-how-to-self-analyze-them/,daily mindfulness questions,2024-04-19,n/a,Sophie Martin
How does my physical health impact my mental state?,https://mindmastermanifest.com/33-mindful-questions-to-ask-yourself-and-how-to-self-analyze-them/,daily mindfulness questions,2024-04-19,n/a,Sophie Martin
"What legacy do I want to leave, and what am I doing to achieve it?",https://mindmastermanifest.com/33-mindful-questions-to-ask-yourself-and-how-to-self-analyze-them/,daily mindfulness questions,2024-04-19,n/a,Sophie Martin
What one thing do you really like about yourself the most? Why do you like that?,https://educationsvoice.wordpress.com/2018/02/10/mindfulness-in-the-classroom-empowering-question-meditation/,daily mindfulness questions,2018-02-10,2018-02-10,Education's Voice
What 3 words describe you best? Why?,https://educationsvoice.wordpress.com/2018/02/10/mindfulness-in-the-classroom-empowering-question-meditation/,daily mindfulness questions,2018-02-10,2018-02-10,Education's Voice
"What would you like to learn to do really, really well? What can you do today to begin?",https://educationsvoice.wordpress.com/2018/02/10/mindfulness-in-the-classroom-empowering-question-meditation/,daily mindfulness questions,2018-02-10,2018-02-10,Education's Voice
"What do you do really, really well?",https://educationsvoice.wordpress.com/2018/02/10/mindfulness-in-the-classroom-empowering-question-meditation/,daily mindfulness questions,2018-02-10,2018-02-10,Education's Voice
Who are your friends? Why are they your friends?,https://educationsvoice.wordpress.com/2018/02/10/mindfulness-in-the-classroom-empowering-question-meditation/,daily mindfulness questions,2018-02-10,2018-02-10,Education's Voice
How do you feel today? Why do you feel that way?,https://educationsvoice.wordpress.com/2018/02/10/mindfulness-in-the-classroom-empowering-question-meditation/,daily mindfulness questions,2018-02-10,2018-02-10,Education's Voice
What is the best thing that has ever happened to you?,https://educationsvoice.wordpress.com/2018/02/10/mindfulness-in-the-classroom-empowering-question-meditation/,daily mindfulness questions,2018-02-10,2018-02-10,Education's Voice
What do you love doing the most? Why?,https://educationsvoice.wordpress.com/2018/02/10/mindfulness-in-the-classroom-empowering-question-meditation/,daily mindfulness questions,2018-02-10,2018-02-10,Education's Voice
What is one thing you are thankful for in your life? Why?,https://educationsvoice.wordpress.com/2018/02/10/mindfulness-in-the-classroom-empowering-question-meditation/,daily mindfulness questions,2018-02-10,2018-02-10,Education's Voice
What motivates you to do your very best?,https://educationsvoice.wordpress.com/2018/02/10/mindfulness-in-the-classroom-empowering-question-meditation/,daily mindfulness questions,2018-02-10,2018-02-10,Education's Voice
What is one thing that you could do to make the school a better place? Why?,https://educationsvoice.wordpress.com/2018/02/10/mindfulness-in-the-classroom-empowering-question-meditation/,daily mindfulness questions,2018-02-10,2018-02-10,Education's Voice
What do you imagine yourself doing 10 years from now?,https://educationsvoice.wordpress.com/2018/02/10/mindfulness-in-the-classroom-empowering-question-meditation/,daily mindfulness questions,2018-02-10,2018-02-10,Education's Voice
Who do you need to forgive?,https://educationsvoice.wordpress.com/2018/02/10/mindfulness-in-the-classroom-empowering-question-meditation/,daily mindfulness questions,2018-02-10,2018-02-10,Education's Voice
How do you define your purpose in life?,https://educationsvoice.wordpress.com/2018/02/10/mindfulness-in-the-classroom-empowering-question-meditation/,daily mindfulness questions,2018-02-10,2018-02-10,Education's Voice
"Right now, at this very moment, what do you want most? What are you going to do about it?",https://educationsvoice.wordpress.com/2018/02/10/mindfulness-in-the-classroom-empowering-question-meditation/,daily mindfulness questions,2018-02-10,2018-02-10,Education's Voice
What do you love most about yourself?,https://educationsvoice.wordpress.com/2018/02/10/mindfulness-in-the-classroom-empowering-question-meditation/,daily mindfulness questions,2018-02-10,2018-02-10,Education's Voice
"If you could go back in time by 5 years, what would you tell yourself?",https://educationsvoice.wordpress.com/2018/02/10/mindfulness-in-the-classroom-empowering-question-meditation/,daily mindfulness questions,2018-02-10,2018-02-10,Education's Voice
What are your top 5 values? Are you living those values every day?,https://educationsvoice.wordpress.com/2018/02/10/mindfulness-in-the-classroom-empowering-question-meditation/,daily mindfulness questions,2018-02-10,2018-02-10,Education's Voice
What would you do differently if you knew nobody would judge you?,https://educationsvoice.wordpress.com/2018/02/10/mindfulness-in-the-classroom-empowering-question-meditation/,daily mindfulness questions,2018-02-10,2018-02-10,Education's Voice
When was the last time you did something for the very first time?,https://educationsvoice.wordpress.com/2018/02/10/mindfulness-in-the-classroom-empowering-question-meditation/,daily mindfulness questions,2018-02-10,2018-02-10,Education's Voice
Do you have healthy boundaries or do you let people take advantage of you?,https://educationsvoice.wordpress.com/2018/02/10/mindfulness-in-the-classroom-empowering-question-meditation/,daily mindfulness questions,2018-02-10,2018-02-10,Education's Voice
What has the fear of failure stopped you from doing? What one step could you take today to begin overcoming that fear?,https://educationsvoice.wordpress.com/2018/02/10/mindfulness-in-the-classroom-empowering-question-meditation/,daily mindfulness questions,2018-02-10,2018-02-10,Education's Voice
What are you most proud about your life? Why?,https://educationsvoice.wordpress.com/2018/02/10/mindfulness-in-the-classroom-empowering-question-meditation/,daily mindfulness questions,2018-02-10,2018-02-10,Education's Voice
What are you the most grateful for in your life? Why?,https://educationsvoice.wordpress.com/2018/02/10/mindfulness-in-the-classroom-empowering-question-meditation/,daily mindfulness questions,2018-02-10,2018-02-10,Education's Voice
What is one thing you can do today that can make someone else’s life better? How can you accomplish this?,https://educationsvoice.wordpress.com/2018/02/10/mindfulness-in-the-classroom-empowering-question-meditation/,daily mindfulness questions,2018-02-10,2018-02-10,Education's Voice
What is the most courageous thing I have done?,https://educationsvoice.wordpress.com/2018/02/10/mindfulness-in-the-classroom-empowering-question-meditation/,daily mindfulness questions,2018-02-10,2018-02-10,Education's Voice
How have I become me? What am I like?,https://educationsvoice.wordpress.com/2018/02/10/mindfulness-in-the-classroom-empowering-question-meditation/,daily mindfulness questions,2018-02-10,2018-02-10,Education's Voice
What are the things that make me happy?,https://educationsvoice.wordpress.com/2018/02/10/mindfulness-in-the-classroom-empowering-question-meditation/,daily mindfulness questions,2018-02-10,2018-02-10,Education's Voice
In what kind of things am I brilliant?,https://educationsvoice.wordpress.com/2018/02/10/mindfulness-in-the-classroom-empowering-question-meditation/,daily mindfulness questions,2018-02-10,2018-02-10,Education's Voice
What will be the impact on your life and career by practicing meditation regularly?,https://thismindfulspace.com/mindfulness-questions/,daily mindfulness questions,n/a,n/a,thismindfulspace
Do you feel that mindfulness practices should be a part of the academic courses in your school?,https://thismindfulspace.com/mindfulness-questions/,daily mindfulness questions,n/a,n/a,thismindfulspace
Are you satisfied with your current business?,https://thismindfulspace.com/mindfulness-questions/,daily mindfulness questions,n/a,n/a,thismindfulspace
How are you working for long-term results?,https://thismindfulspace.com/mindfulness-questions/,daily mindfulness questions,n/a,n/a,thismindfulspace
What caused your failure in the past and how you propose to address them?,https://thismindfulspace.com/mindfulness-questions/,daily mindfulness questions,n/a,n/a,thismindfulspace
Where am I placing my attention?,https://www.cnbc.com/2023/01/13/6-meditation-questions-answered-by-an-expert.html,daily mindfulness questions,2023-01-13,2023-01-13,Jade Weston
How am I feeling right now?,https://www.cnbc.com/2023/01/13/6-meditation-questions-answered-by-an-expert.html,daily mindfulness questions,2023-01-13,2023-01-13,Jade Weston
Observe the rhythm of each breath and how your breathing changes from situation to situation.,https://www.quora.com/What-are-some-tips-for-maintaining-a-daily-mindfulness-practice,daily mindfulness questions,n/a,n/a,David Lesak
Observe the movement of energy in your body and how it feels in different parts.,https://www.quora.com/What-are-some-tips-for-maintaining-a-daily-mindfulness-practice,daily mindfulness questions,n/a,n/a,David Lesak
Happy New Year! What is one big or small goal that you’d like to achieve by the end of the year? Can you visualise how you’ll feel once you’ve reached that milestone?,https://www.achronicvoice.com/2023/05/15/365-mindfulness-journaling-prompts-for-self-improvement/,daily mindfulness questions,2023-05-15,2025-02-15,Sheryl Chan
"What do you hope to reinforce through this journaling practice? It could be as simple as creating a new helpful routine, or as deep as doing inner work and learning more about yourself.",https://www.achronicvoice.com/2023/05/15/365-mindfulness-journaling-prompts-for-self-improvement/,daily mindfulness questions,2023-05-15,2025-02-15,Sheryl Chan
"What is one thing you can commit to today, so that your near or distant future self will thank you for?",https://www.achronicvoice.com/2023/05/15/365-mindfulness-journaling-prompts-for-self-improvement/,daily mindfulness questions,2023-05-15,2025-02-15,Sheryl Chan
"What is your favourite quote (or three!), and how does it inspire or comfort you?",https://www.achronicvoice.com/2023/05/15/365-mindfulness-journaling-prompts-for-self-improvement/,daily mindfulness questions,2023-05-15,2025-02-15,Sheryl Chan
"What are you excited about right now or of late? It could be an upcoming holiday, or simply taking some downtime at the end of a long day.",https://www.achronicvoice.com/2023/05/15/365-mindfulness-journaling-prompts-for-self-improvement/,daily mindfulness questions,2023-05-15,2025-02-15,Sheryl Chan
"What are you able and willing to let go of this week? It can be a small thing, such as not tidying the entire house due to chronic pain, or a big thing, such as forgiving someone who has done you wrong.",https://www.achronicvoice.com/2023/05/15/365-mindfulness-journaling-prompts-for-self-improvement/,daily mindfulness questions,2023-05-15,2025-02-15,Sheryl Chan
"When do you feel most energised? Perhaps a certain time or day, in solitude, or in company? How can you use that energy for yourself and the greater good?",https://www.achronicvoice.com/2023/05/15/365-mindfulness-journaling-prompts-for-self-improvement/,daily mindfulness questions,2023-05-15,2025-02-15,Sheryl Chan
"Do you have a dream that is achievable yet unfulfilled? Dream about it a little more today! And if you have the right energy, perhaps write a few actionable steps that you can do to achieve this.",https://www.achronicvoice.com/2023/05/15/365-mindfulness-journaling-prompts-for-self-improvement/,daily mindfulness questions,2023-05-15,2025-02-15,Sheryl Chan
"List three things you can do this year to take better care of your mental health. It can be as small as saying a positive affirmation every morning, or something a bit bigger such as going to see a psychologist for any mental health issues.",https://www.achronicvoice.com/2023/05/15/365-mindfulness-journaling-prompts-for-self-improvement/,daily mindfulness questions,2023-05-15,2025-02-15,Sheryl Chan
"What do you value most in life? Are you standing by these values and how so? If you aren’t, how can you realign yourself with them?",https://www.achronicvoice.com/2023/05/15/365-mindfulness-journaling-prompts-for-self-improvement/,daily mindfulness questions,2023-05-15,2025-02-15,Sheryl Chan
"List three things you can do this year to take better care of your emotional well-being. It can be a small thing such as creating a peaceful night routine, or something that you find harder, such as setting personal boundaries.",https://www.achronicvoice.com/2023/05/15/365-mindfulness-journaling-prompts-for-self-improvement/,daily mindfulness questions,2023-05-15,2025-02-15,Sheryl Chan
"What would you do if you had an extra hour every day, and why?",https://www.achronicvoice.com/2023/05/15/365-mindfulness-journaling-prompts-for-self-improvement/,daily mindfulness questions,2023-05-15,2025-02-15,Sheryl Chan
What does having self-confidence mean to you?,https://www.achronicvoice.com/2023/05/15/365-mindfulness-journaling-prompts-for-self-improvement/,daily mindfulness questions,2023-05-15,2025-02-15,Sheryl Chan
What is your most unhealthy self-soothing technique? In what ways can you change it into a healthy self-care technique instead?,https://www.achronicvoice.com/2023/05/15/365-mindfulness-journaling-prompts-for-self-improvement/,daily mindfulness questions,2023-05-15,2025-02-15,Sheryl Chan
What is your favourite activity that can only be done in winter and why?,https://www.achronicvoice.com/2023/05/15/365-mindfulness-journaling-prompts-for-self-improvement/,daily mindfulness questions,2023-05-15,2025-02-15,Sheryl Chan
"What is your favourite plant or flower and why? Is it the colours, its resilience, or something else? What does it remind you of?",https://www.achronicvoice.com/2023/05/15/365-mindfulness-journaling-prompts-for-self-improvement/,daily mindfulness questions,2023-05-15,2025-02-15,Sheryl Chan
What is your favourite food in the world? What do you like about it?,https://www.achronicvoice.com/2023/05/15/365-mindfulness-journaling-prompts-for-self-improvement/,daily mindfulness questions,2023-05-15,2025-02-15,Sheryl Chan
"What is your favourite daily routine or ritual, and how does it make you feel? Can you recreate more of that particular good feeling in your life?",https://www.achronicvoice.com/2023/05/15/365-mindfulness-journaling-prompts-for-self-improvement/,daily mindfulness questions,2023-05-15,2025-02-15,Sheryl Chan
What is your favourite song? Take your time to think about why you like it – how does the lyrics or tune make you feel?,https://www.achronicvoice.com/2023/05/15/365-mindfulness-journaling-prompts-for-self-improvement/,daily mindfulness questions,2023-05-15,2025-02-15,Sheryl Chan
"What is your biggest pet peeve, and what about it makes you fume?",https://www.achronicvoice.com/2023/05/15/365-mindfulness-journaling-prompts-for-self-improvement/,daily mindfulness questions,2023-05-15,2025-02-15,Sheryl Chan
What is your deepest secret desire? What stops you from revealing it to others?,https://www.achronicvoice.com/2023/05/15/365-mindfulness-journaling-prompts-for-self-improvement/,daily mindfulness questions,2023-05-15,2025-02-15,Sheryl Chan
What is your least favourite thing about yourself? Why is that?,https://www.achronicvoice.com/2023/05/15/365-mindfulness-journaling-prompts-for-self-improvement/,daily mindfulness questions,2023-05-15,2025-02-15,Sheryl Chan
What is your favourite childhood memory?,https://www.achronicvoice.com/2023/05/15/365-mindfulness-journaling-prompts-for-self-improvement/,daily mindfulness questions,2023-05-15,2025-02-15,Sheryl Chan
What is your biggest fear and why? How can you work towards overcoming it?,https://www.achronicvoice.com/2023/05/15/365-mindfulness-journaling-prompts-for-self-improvement/,daily mindfulness questions,2023-05-15,2025-02-15,Sheryl Chan
What do you need to help you feel safe and secure in life?,https://www.achronicvoice.com/2023/05/15/365-mindfulness-journaling-prompts-for-self-improvement/,daily mindfulness questions,2023-05-15,2025-02-15,Sheryl Chan
"What is your idea of a balanced meal or diet? Do you consume such a diet, and what prevents or helps you to maintain this?",https://www.achronicvoice.com/2023/05/15/365-mindfulness-journaling-prompts-for-self-improvement/,daily mindfulness questions,2023-05-15,2025-02-15,Sheryl Chan
"What do you want your loved ones to understand about you, but it’s just not getting through? Maybe it’s your ‘complex’ job, unresolved trauma or something else.",https://www.achronicvoice.com/2023/05/15/365-mindfulness-journaling-prompts-for-self-improvement/,daily mindfulness questions,2023-05-15,2025-02-15,Sheryl Chan
"What is your biggest regret in life, or is there something that you feel guilty about?",https://www.achronicvoice.com/2023/05/15/365-mindfulness-journaling-prompts-for-self-improvement/,daily mindfulness questions,2023-05-15,2025-02-15,Sheryl Chan
How are you feeling right now?,https://www.carepatron.com/guides/mindfulness-activities-for-kids,daily mindfulness questions,2023-10-01,2023-10-15,Carepatron Team
Where in your body can you feel these emotions?,https://www.carepatron.com/guides/mindfulness-activities-for-kids,daily mindfulness questions,2023-10-01,2023-10-15,Carepatron Team
What do you need at this moment?,https://www.carepatron.com/guides/mindfulness-activities-for-kids,daily mindfulness questions,2023-10-01,2023-10-15,Carepatron Team
What are you grateful for today?,https://www.carepatron.com/guides/mindfulness-activities-for-kids,daily mindfulness questions,2023-10-01,2023-10-15,Carepatron Team
Can you describe what you hear right now?,https://www.carepatron.com/guides/mindfulness-activities-for-kids,daily mindfulness questions,2023-10-01,2023-10-15,Carepatron Team
What colors do you see around you?,https://www.carepatron.com/guides/mindfulness-activities-for-kids,daily mindfulness questions,2023-10-01,2023-10-15,Carepatron Team
How does your body feel when you breathe deeply?,https://www.carepatron.com/guides/mindfulness-activities-for-kids,daily mindfulness questions,2023-10-01,2023-10-15,Carepatron Team
What can I see around me right now?,https://www.journeytocalmwithlauren.com/top-10-mindfulness-questions/,daily mindfulness questions,2020-09-30,2022-01-01,Lauren
What can I hear in this moment?,https://www.journeytocalmwithlauren.com/top-10-mindfulness-questions/,daily mindfulness questions,2020-09-30,2022-01-01,Lauren
What can I feel with my body right now?,https://www.journeytocalmwithlauren.com/top-10-mindfulness-questions/,daily mindfulness questions,2020-09-30,2022-01-01,Lauren
Can you describe how your current activity feels?,https://www.carepatron.com/guides/mindfulness-activities-for-kids,daily mindfulness questions,2023-10-01,2023-10-15,Carepatron Team
What can I smell in my environment?,https://www.journeytocalmwithlauren.com/top-10-mindfulness-questions/,daily mindfulness questions,2020-09-30,2022-01-01,Lauren
What can I taste in my mouth?,https://www.journeytocalmwithlauren.com/top-10-mindfulness-questions/,daily mindfulness questions,2020-09-30,2022-01-01,Lauren
What is happening in this moment?,https://www.journeytocalmwithlauren.com/top-10-mindfulness-questions/,daily mindfulness questions,2020-09-30,2022-01-01,Lauren
What thoughts and feelings am I experiencing?,https://www.journeytocalmwithlauren.com/top-10-mindfulness-questions/,daily mindfulness questions,2020-09-30,2022-01-01,Lauren
How does the soap feel on my hands while washing dishes?,https://www.journeytocalmwithlauren.com/top-10-mindfulness-questions/,daily mindfulness questions,2020-09-30,2022-01-01,Lauren
What can I notice about my breathing?,https://www.journeytocalmwithlauren.com/top-10-mindfulness-questions/,daily mindfulness questions,2020-09-30,2022-01-01,Lauren
What are the sights around me as I work?,https://www.journeytocalmwithlauren.com/top-10-mindfulness-questions/,daily mindfulness questions,2020-09-30,2022-01-01,Lauren
What are the sounds around me as I work?,https://www.journeytocalmwithlauren.com/top-10-mindfulness-questions/,daily mindfulness questions,2020-09-30,2022-01-01,Lauren
What tastes and textures can I notice while eating?,https://www.journeytocalmwithlauren.com/top-10-mindfulness-questions/,daily mindfulness questions,2020-09-30,2022-01-01,Lauren
What are the feelings in my body as I practice mindfulness?,https://www.journeytocalmwithlauren.com/top-10-mindfulness-questions/,daily mindfulness questions,2020-09-30,2022-01-01,Lauren
What are five things I can sense right now?,https://www.journeytocalmwithlauren.com/top-10-mindfulness-questions/,daily mindfulness questions,2020-09-30,2022-01-01,Lauren
How do I feel in this present moment?,https://putthekettleon.ca/mindfulness-questions/,daily mindfulness questions,2023-08-01,2023-08-01,Yolanda
Do I have any physical sensations in my body?,https://putthekettleon.ca/mindfulness-questions/,daily mindfulness questions,2023-08-01,2023-08-01,Yolanda
"Who Can I Turn To, To Share My Thoughts and Feelings?",https://putthekettleon.ca/mindfulness-questions/,daily mindfulness questions,2023-08-01,2023-08-01,Yolanda
What is the most important thing I need to focus on today?,https://putthekettleon.ca/mindfulness-questions/,daily mindfulness questions,2023-08-01,2023-08-01,Yolanda
How does my overall mental health feel at this very moment?,https://putthekettleon.ca/mindfulness-questions/,daily mindfulness questions,2023-08-01,2023-08-01,Yolanda
Do I have any recurring negative thoughts running through my mind?,https://putthekettleon.ca/mindfulness-questions/,daily mindfulness questions,2023-08-01,2023-08-01,Yolanda
What are some positive things I am grateful for today?,https://putthekettleon.ca/mindfulness-questions/,daily mindfulness questions,2023-08-01,2023-08-01,Yolanda
What advice can I give my current self?,https://putthekettleon.ca/mindfulness-questions/,daily mindfulness questions,2023-08-01,2023-08-01,Yolanda
In what ways can I get out of my comfort zone?,https://putthekettleon.ca/mindfulness-questions/,daily mindfulness questions,2023-08-01,2023-08-01,Yolanda
What is my overall quality of life?,https://putthekettleon.ca/mindfulness-questions/,daily mindfulness questions,2023-08-01,2023-08-01,Yolanda
What small steps can I take to get out of my comfort zone?,https://putthekettleon.ca/mindfulness-questions/,daily mindfulness questions,2023-08-01,2023-08-01,Yolanda
"How am I looking after myself today, this week, and this month?",https://putthekettleon.ca/mindfulness-questions/,daily mindfulness questions,2023-08-01,2023-08-01,Yolanda
What am I looking forward to in the next 6 to 12 months?,https://putthekettleon.ca/mindfulness-questions/,daily mindfulness questions,2023-08-01,2023-08-01,Yolanda
What are my long-term goals?,https://putthekettleon.ca/mindfulness-questions/,daily mindfulness questions,2023-08-01,2023-08-01,Yolanda
When was the last time I did something I love?,https://putthekettleon.ca/mindfulness-questions/,daily mindfulness questions,2023-08-01,2023-08-01,Yolanda
What time of day do I feel most productive?,https://putthekettleon.ca/mindfulness-questions/,daily mindfulness questions,2023-08-01,2023-08-01,Yolanda
What does my routine look like on a daily basis?,https://putthekettleon.ca/mindfulness-questions/,daily mindfulness questions,2023-08-01,2023-08-01,Yolanda
What would I like to add or remove from my current routine?,https://putthekettleon.ca/mindfulness-questions/,daily mindfulness questions,2023-08-01,2023-08-01,Yolanda
What small things make me smile?,https://putthekettleon.ca/mindfulness-questions/,daily mindfulness questions,2023-08-01,2023-08-01,Yolanda
How can I incorporate more of these small things into my life?,https://putthekettleon.ca/mindfulness-questions/,daily mindfulness questions,2023-08-01,2023-08-01,Yolanda
What can I remove from my weekly to-do list?,https://putthekettleon.ca/mindfulness-questions/,daily mindfulness questions,2023-08-01,2023-08-01,Yolanda
How would I like to focus on my personal development?,https://putthekettleon.ca/mindfulness-questions/,daily mindfulness questions,2023-08-01,2023-08-01,Yolanda
What relaxes me and helps me unwind?,https://putthekettleon.ca/mindfulness-questions/,daily mindfulness questions,2023-08-01,2023-08-01,Yolanda
Are there any areas in life I feel guilty?,https://putthekettleon.ca/mindfulness-questions/,daily mindfulness questions,2023-08-01,2023-08-01,Yolanda
Is there anything I need to let go of?,https://putthekettleon.ca/mindfulness-questions/,daily mindfulness questions,2023-08-01,2023-08-01,Yolanda
How can I be more grateful in my daily life?,https://putthekettleon.ca/mindfulness-questions/,daily mindfulness questions,2023-08-01,2023-08-01,Yolanda
How can I express gratitude to those around me?,https://putthekettleon.ca/mindfulness-questions/,daily mindfulness questions,2023-08-01,2023-08-01,Yolanda
What makes me laugh?,https://putthekettleon.ca/mindfulness-questions/,daily mindfulness questions,2023-08-01,2023-08-01,Yolanda
How can I create more space for fun and laughter?,https://putthekettleon.ca/mindfulness-questions/,daily mindfulness questions,2023-08-01,2023-08-01,Yolanda
How can I stick to these boundaries?,https://putthekettleon.ca/mindfulness-questions/,daily mindfulness questions,2023-08-01,2023-08-01,Yolanda
How can you simplify your life?,https://putthekettleon.ca/mindfulness-questions/,daily mindfulness questions,2023-08-01,2023-08-01,Yolanda
What are my personal boundaries?,https://putthekettleon.ca/mindfulness-questions/,daily mindfulness questions,2023-08-01,2023-08-01,Yolanda
What can I hear in this moment?,https://putthekettleon.ca/mindfulness-questions/,daily mindfulness questions,2023-08-01,2023-08-01,Yolanda
What puts me in a good mood?,https://putthekettleon.ca/mindfulness-questions/,daily mindfulness questions,2023-08-01,2023-08-01,Yolanda
What scents are around me?,https://putthekettleon.ca/mindfulness-questions/,daily mindfulness questions,2023-08-01,2023-08-01,Yolanda
What are you proud of accomplishing recently?,https://putthekettleon.ca/mindfulness-questions/,daily mindfulness questions,2023-08-01,2023-08-01,Yolanda
What do I appreciate in this moment?,https://putthekettleon.ca/mindfulness-questions/,daily mindfulness questions,2023-08-01,2023-08-01,Yolanda
How do you show yourself love?,https://putthekettleon.ca/mindfulness-questions/,daily mindfulness questions,2023-08-01,2023-08-01,Yolanda
What gives you the motivation to keep going when things get tough?,https://putthekettleon.ca/mindfulness-questions/,daily mindfulness questions,2023-08-01,2023-08-01,Yolanda
How do I feel when I wake up in the morning?,https://putthekettleon.ca/mindfulness-questions/,daily mindfulness questions,2023-08-01,2023-08-01,Yolanda
How do I feel when I go to sleep at night?,https://putthekettleon.ca/mindfulness-questions/,daily mindfulness questions,2023-08-01,2023-08-01,Yolanda
What do I need most in this season of life?,https://putthekettleon.ca/mindfulness-questions/,daily mindfulness questions,2023-08-01,2023-08-01,Yolanda
How can I make time for what I need most?,https://putthekettleon.ca/mindfulness-questions/,daily mindfulness questions,2023-08-01,2023-08-01,Yolanda
Is there anything I’m afraid of? Why might this be?,https://putthekettleon.ca/mindfulness-questions/,daily mindfulness questions,2023-08-01,2023-08-01,Yolanda
What are your daily habits? Is there anything you’d like to add or remove?,https://putthekettleon.ca/mindfulness-questions/,daily mindfulness questions,2023-08-01,2023-08-01,Yolanda
What challenges have you recently overcome? This month or this year.,https://putthekettleon.ca/mindfulness-questions/,daily mindfulness questions,2023-08-01,2023-08-01,Yolanda
Am I holding onto any grudges?,https://putthekettleon.ca/mindfulness-questions/,daily mindfulness questions,2023-08-01,2023-08-01,Yolanda
How can I let these grudges go?,https://putthekettleon.ca/mindfulness-questions/,daily mindfulness questions,2023-08-01,2023-08-01,Yolanda
Who are the most important people in my life?,https://putthekettleon.ca/mindfulness-questions/,daily mindfulness questions,2023-08-01,2023-08-01,Yolanda
What small acts of kindness can I show to others more regularly?,https://putthekettleon.ca/mindfulness-questions/,daily mindfulness questions,2023-08-01,2023-08-01,Yolanda
How do I want people to think of me?,https://putthekettleon.ca/mindfulness-questions/,daily mindfulness questions,2023-08-01,2023-08-01,Yolanda
Where do I need motivation today?,https://putthekettleon.ca/mindfulness-questions/,daily mindfulness questions,2023-08-01,2023-08-01,Yolanda
In what ways can I celebrate myself and my wins?,https://putthekettleon.ca/mindfulness-questions/,daily mindfulness questions,2023-08-01,2023-08-01,Yolanda
What encouraging words can I say to yourself today?,https://putthekettleon.ca/mindfulness-questions/,daily mindfulness questions,2023-08-01,2023-08-01,Yolanda
Is there anything I take for granted in life?,https://putthekettleon.ca/mindfulness-questions/,daily mindfulness questions,2023-08-01,2023-08-01,Yolanda
What am I really good at?,https://putthekettleon.ca/mindfulness-questions/,daily mindfulness questions,2023-08-01,2023-08-01,Yolanda
What am I most proud of in life?,https://putthekettleon.ca/mindfulness-questions/,daily mindfulness questions,2023-08-01,2023-08-01,Yolanda
How have I grown in the past year?,https://putthekettleon.ca/mindfulness-questions/,daily mindfulness questions,2023-08-01,2023-08-01,Yolanda
What things do I want to accomplish this month?,https://putthekettleon.ca/mindfulness-questions/,daily mindfulness questions,2023-08-01,2023-08-01,Yolanda
What life lessons have I learned?,https://putthekettleon.ca/mindfulness-questions/,daily mindfulness questions,2023-08-01,2023-08-01,Yolanda
How am I feeling today?,https://honeyngreens.co.uk/blogs/news/15-mindfulness-questions-to-check-in-on-your-mental-health?srsltid=AfmBOoqAVr3BX-LTUdn5UI2mk7eMGQw59NpvVSHkymuzW6YLLEhqmPip,daily mindfulness questions,n/a,n/a,n/a
What’s been on my mind lately?,https://honeyngreens.co.uk/blogs/news/15-mindfulness-questions-to-check-in-on-your-mental-health?srsltid=AfmBOoqAVr3BX-LTUdn5UI2mk7eMGQw59NpvVSHkymuzW6YLLEhqmPip,daily mindfulness questions,n/a,n/a,n/a
"What activities or hobbies bring me joy, and have I been engaging in them?",https://honeyngreens.co.uk/blogs/news/15-mindfulness-questions-to-check-in-on-your-mental-health?srsltid=AfmBOoqAVr3BX-LTUdn5UI2mk7eMGQw59NpvVSHkymuzW6YLLEhqmPip,daily mindfulness questions,n/a,n/a,n/a
Am I setting realistic goals for myself?,https://honeyngreens.co.uk/blogs/news/15-mindfulness-questions-to-check-in-on-your-mental-health?srsltid=AfmBOoqAVr3BX-LTUdn5UI2mk7eMGQw59NpvVSHkymuzW6YLLEhqmPip,daily mindfulness questions,n/a,n/a,n/a
Am I staying connected with my loved ones?,https://honeyngreens.co.uk/blogs/news/15-mindfulness-questions-to-check-in-on-your-mental-health?srsltid=AfmBOoqAVr3BX-LTUdn5UI2mk7eMGQw59NpvVSHkymuzW6YLLEhqmPip,daily mindfulness questions,n/a,n/a,n/a
"What are my sources of stress right now, and how am I managing them?",https://honeyngreens.co.uk/blogs/news/15-mindfulness-questions-to-check-in-on-your-mental-health?srsltid=AfmBOoqAVr3BX-LTUdn5UI2mk7eMGQw59NpvVSHkymuzW6YLLEhqmPip,daily mindfulness questions,n/a,n/a,n/a
Have I been kind to myself lately?,https://honeyngreens.co.uk/blogs/news/15-mindfulness-questions-to-check-in-on-your-mental-health?srsltid=AfmBOoqAVr3BX-LTUdn5UI2mk7eMGQw59NpvVSHkymuzW6YLLEhqmPip,daily mindfulness questions,n/a,n/a,n/a
"What is my current energy level, and how can I recharge?",https://honeyngreens.co.uk/blogs/news/15-mindfulness-questions-to-check-in-on-your-mental-health?srsltid=AfmBOoqAVr3BX-LTUdn5UI2mk7eMGQw59NpvVSHkymuzW6YLLEhqmPip,daily mindfulness questions,n/a,n/a,n/a
Am I spending too much time on social media?,https://honeyngreens.co.uk/blogs/news/15-mindfulness-questions-to-check-in-on-your-mental-health?srsltid=AfmBOoqAVr3BX-LTUdn5UI2mk7eMGQw59NpvVSHkymuzW6YLLEhqmPip,daily mindfulness questions,n/a,n/a,n/a
Am I taking breaks when I need them?,https://honeyngreens.co.uk/blogs/news/15-mindfulness-questions-to-check-in-on-your-mental-health?srsltid=AfmBOoqAVr3BX-LTUdn5UI2mk7eMGQw59NpvVSHkymuzW6YLLEhqmPip,daily mindfulness questions,n/a,n/a,n/a
What do I need to let go of?,https://honeyngreens.co.uk/blogs/news/15-mindfulness-questions-to-check-in-on-your-mental-health?srsltid=AfmBOoqAVr3BX-LTUdn5UI2mk7eMGQw59NpvVSHkymuzW6YLLEhqmPip,daily mindfulness questions,n/a,n/a,n/a
What am I grateful for today?,https://honeyngreens.co.uk/blogs/news/15-mindfulness-questions-to-check-in-on-your-mental-health?srsltid=AfmBOoqAVr3BX-LTUdn5UI2mk7eMGQw59NpvVSHkymuzW6YLLEhqmPip,daily mindfulness questions,n/a,n/a,n/a
What thoughts are occupying my mind right now?,https://mindfulmindhacking.com/common-mindfulness-questions-answered/,daily mindfulness questions,2024-05-07,2020-05-09,Mindful Mind Hacking
How am I feeling in this moment?,https://mindfulmindhacking.com/common-mindfulness-questions-answered/,daily mindfulness questions,2024-05-07,2020-05-09,Mindful Mind Hacking
Embrace the Zen in the shower: Take a moment to feel the water on your skin and let go of any tension.,https://mindfulmindhacking.com/common-mindfulness-questions-answered/,daily mindfulness questions,2024-05-07,2020-05-09,Mindful Mind Hacking
"Savor the anticipation of your coffee break: Before taking that first sip of your favorite brew, take a moment to appreciate the aroma and the warmth of the cup in your hands.",https://mindfulmindhacking.com/common-mindfulness-questions-answered/,daily mindfulness questions,2024-05-07,2020-05-09,Mindful Mind Hacking
When do you feel most alive?,https://www.silkandsonder.com/blogs/news/journaling-prompts-for-mindfulness?srsltid=AfmBOoqPzLTDk0FH_CdG8xFgNZWsmnCxrZb5i3Plu6Pg3UrKz1MKiBWv,daily mindfulness questions,2023-10-01,2023-10-01,Timesact
"When you worry, what do you tend to worry about most?",https://www.silkandsonder.com/blogs/news/journaling-prompts-for-mindfulness?srsltid=AfmBOoqPzLTDk0FH_CdG8xFgNZWsmnCxrZb5i3Plu6Pg3UrKz1MKiBWv,daily mindfulness questions,2023-10-01,2023-10-01,Timesact
"Think about the last time you had a mental spiral. What caused it, and how did you get out of it?",https://www.silkandsonder.com/blogs/news/journaling-prompts-for-mindfulness?srsltid=AfmBOoqPzLTDk0FH_CdG8xFgNZWsmnCxrZb5i3Plu6Pg3UrKz1MKiBWv,daily mindfulness questions,2023-10-01,2023-10-01,Timesact
"When you can't sleep at night, what are you thinking about?",https://www.silkandsonder.com/blogs/news/journaling-prompts-for-mindfulness?srsltid=AfmBOoqPzLTDk0FH_CdG8xFgNZWsmnCxrZb5i3Plu6Pg3UrKz1MKiBWv,daily mindfulness questions,2023-10-01,2023-10-01,Timesact
What made you smile today?,https://www.silkandsonder.com/blogs/news/journaling-prompts-for-mindfulness?srsltid=AfmBOoqPzLTDk0FH_CdG8xFgNZWsmnCxrZb5i3Plu6Pg3UrKz1MKiBWv,daily mindfulness questions,2023-10-01,2023-10-01,Timesact
What activities tend to anchor you in the present moment?,https://www.silkandsonder.com/blogs/news/journaling-prompts-for-mindfulness?srsltid=AfmBOoqPzLTDk0FH_CdG8xFgNZWsmnCxrZb5i3Plu6Pg3UrKz1MKiBWv,daily mindfulness questions,2023-10-01,2023-10-01,Timesact
Close your eyes for three minutes and count your breaths. What thoughts came up while you did this?,https://www.silkandsonder.com/blogs/news/journaling-prompts-for-mindfulness?srsltid=AfmBOoqPzLTDk0FH_CdG8xFgNZWsmnCxrZb5i3Plu6Pg3UrKz1MKiBWv,daily mindfulness questions,2023-10-01,2023-10-01,Timesact
"Name an activity that makes you feel really, truly happy.",https://www.silkandsonder.com/blogs/news/journaling-prompts-for-mindfulness?srsltid=AfmBOoqPzLTDk0FH_CdG8xFgNZWsmnCxrZb5i3Plu6Pg3UrKz1MKiBWv,daily mindfulness questions,2023-10-01,2023-10-01,Timesact
What were you worried about this time last year? Are you still worried about that now?,https://www.silkandsonder.com/blogs/news/journaling-prompts-for-mindfulness?srsltid=AfmBOoqPzLTDk0FH_CdG8xFgNZWsmnCxrZb5i3Plu6Pg3UrKz1MKiBWv,daily mindfulness questions,2023-10-01,2023-10-01,Timesact
What does your best friend or partner feel anxious about? Is it the same things you feel anxious about?,https://www.silkandsonder.com/blogs/news/journaling-prompts-for-mindfulness?srsltid=AfmBOoqPzLTDk0FH_CdG8xFgNZWsmnCxrZb5i3Plu6Pg3UrKz1MKiBWv,daily mindfulness questions,2023-10-01,2023-10-01,Timesact
Write a letter to your younger self. What advice would you give him or her?,https://www.silkandsonder.com/blogs/news/journaling-prompts-for-mindfulness?srsltid=AfmBOoqPzLTDk0FH_CdG8xFgNZWsmnCxrZb5i3Plu6Pg3UrKz1MKiBWv,daily mindfulness questions,2023-10-01,2023-10-01,Timesact
If you moved to a new place — it can be anywhere in the world — do you think you would still experience anxiety? Why or why not?,https://www.silkandsonder.com/blogs/news/journaling-prompts-for-mindfulness?srsltid=AfmBOoqPzLTDk0FH_CdG8xFgNZWsmnCxrZb5i3Plu6Pg3UrKz1MKiBWv,daily mindfulness questions,2023-10-01,2023-10-01,Timesact
How do you feel when you sit quietly for five or ten minutes?,https://www.silkandsonder.com/blogs/news/journaling-prompts-for-mindfulness?srsltid=AfmBOoqPzLTDk0FH_CdG8xFgNZWsmnCxrZb5i3Plu6Pg3UrKz1MKiBWv,daily mindfulness questions,2023-10-01,2023-10-01,Timesact
What's your biggest pet peeve?,https://www.silkandsonder.com/blogs/news/journaling-prompts-for-mindfulness?srsltid=AfmBOoqPzLTDk0FH_CdG8xFgNZWsmnCxrZb5i3Plu6Pg3UrKz1MKiBWv,daily mindfulness questions,2023-10-01,2023-10-01,Timesact
Write through what would happen if the thing you worry about most often actually came true.,https://www.silkandsonder.com/blogs/news/journaling-prompts-for-mindfulness?srsltid=AfmBOoqPzLTDk0FH_CdG8xFgNZWsmnCxrZb5i3Plu6Pg3UrKz1MKiBWv,daily mindfulness questions,2023-10-01,2023-10-01,Timesact
What thoughts do you have that you think serve the least amount of purpose in your life?,https://www.silkandsonder.com/blogs/news/journaling-prompts-for-mindfulness?srsltid=AfmBOoqPzLTDk0FH_CdG8xFgNZWsmnCxrZb5i3Plu6Pg3UrKz1MKiBWv,daily mindfulness questions,2023-10-01,2023-10-01,Timesact
"Close your eyes and imagine a peaceful, calm place. Where is that place?",https://www.silkandsonder.com/blogs/news/journaling-prompts-for-mindfulness?srsltid=AfmBOoqPzLTDk0FH_CdG8xFgNZWsmnCxrZb5i3Plu6Pg3UrKz1MKiBWv,daily mindfulness questions,2023-10-01,2023-10-01,Timesact
"If you could change one thing about your life right now, what would you change?",https://www.silkandsonder.com/blogs/news/journaling-prompts-for-mindfulness?srsltid=AfmBOoqPzLTDk0FH_CdG8xFgNZWsmnCxrZb5i3Plu6Pg3UrKz1MKiBWv,daily mindfulness questions,2023-10-01,2023-10-01,Timesact
What practices do you think benefit your overall wellbeing most?,https://www.silkandsonder.com/blogs/news/journaling-prompts-for-mindfulness?srsltid=AfmBOoqPzLTDk0FH_CdG8xFgNZWsmnCxrZb5i3Plu6Pg3UrKz1MKiBWv,daily mindfulness questions,2023-10-01,2023-10-01,Timesact
What does your current morning routine look like? How could you change it?,https://www.silkandsonder.com/blogs/news/journaling-prompts-for-mindfulness?srsltid=AfmBOoqPzLTDk0FH_CdG8xFgNZWsmnCxrZb5i3Plu6Pg3UrKz1MKiBWv,daily mindfulness questions,2023-10-01,2023-10-01,Timesact
"Think about your life. How do you feel things are going, overall?",https://www.silkandsonder.com/blogs/news/journaling-prompts-for-mindfulness?srsltid=AfmBOoqPzLTDk0FH_CdG8xFgNZWsmnCxrZb5i3Plu6Pg3UrKz1MKiBWv,daily mindfulness questions,2023-10-01,2023-10-01,Timesact
"What's one practice, place, or person that helps reduce stress in your life?",https://www.silkandsonder.com/blogs/news/journaling-prompts-for-mindfulness?srsltid=AfmBOoqPzLTDk0FH_CdG8xFgNZWsmnCxrZb5i3Plu6Pg3UrKz1MKiBWv,daily mindfulness questions,2023-10-01,2023-10-01,Timesact
What does personal growth mean to you?,https://www.silkandsonder.com/blogs/news/journaling-prompts-for-mindfulness?srsltid=AfmBOoqPzLTDk0FH_CdG8xFgNZWsmnCxrZb5i3Plu6Pg3UrKz1MKiBWv,daily mindfulness questions,2023-10-01,2023-10-01,Timesact
Write about something you're looking forward to.,https://www.silkandsonder.com/blogs/news/journaling-prompts-for-mindfulness?srsltid=AfmBOoqPzLTDk0FH_CdG8xFgNZWsmnCxrZb5i3Plu6Pg3UrKz1MKiBWv,daily mindfulness questions,2023-10-01,2023-10-01,Timesact
Where do you hope to be 10 years from now?,https://www.silkandsonder.com/blogs/news/journaling-prompts-for-mindfulness?srsltid=AfmBOoqPzLTDk0FH_CdG8xFgNZWsmnCxrZb5i3Plu6Pg3UrKz1MKiBWv,daily mindfulness questions,2023-10-01,2023-10-01,Timesact
"Do you think there's a ""point"" to meditation? Why or why not?",https://www.silkandsonder.com/blogs/news/journaling-prompts-for-mindfulness?srsltid=AfmBOoqPzLTDk0FH_CdG8xFgNZWsmnCxrZb5i3Plu6Pg3UrKz1MKiBWv,daily mindfulness questions,2023-10-01,2023-10-01,Timesact
What goals do you have related to mindfulness and staying present?,https://www.silkandsonder.com/blogs/news/journaling-prompts-for-mindfulness?srsltid=AfmBOoqPzLTDk0FH_CdG8xFgNZWsmnCxrZb5i3Plu6Pg3UrKz1MKiBWv,daily mindfulness questions,2023-10-01,2023-10-01,Timesact
Who do you most admire? Why?,https://www.silkandsonder.com/blogs/news/journaling-prompts-for-mindfulness?srsltid=AfmBOoqPzLTDk0FH_CdG8xFgNZWsmnCxrZb5i3Plu6Pg3UrKz1MKiBWv,daily mindfulness questions,2023-10-01,2023-10-01,Timesact
What can you do differently tomorrow?,https://www.silkandsonder.com/blogs/news/journaling-prompts-for-mindfulness?srsltid=AfmBOoqPzLTDk0FH_CdG8xFgNZWsmnCxrZb5i3Plu6Pg3UrKz1MKiBWv,daily mindfulness questions,2023-10-01,2023-10-01,Timesact
How often do you do things that get you outside your comfort zone?,https://www.silkandsonder.com/blogs/news/journaling-prompts-for-mindfulness?srsltid=AfmBOoqPzLTDk0FH_CdG8xFgNZWsmnCxrZb5i3Plu6Pg3UrKz1MKiBWv,daily mindfulness questions,2023-10-01,2023-10-01,Timesact
"When you actually do get outside your comfort zone, how do you typically feel?",https://www.silkandsonder.com/blogs/news/journaling-prompts-for-mindfulness?srsltid=AfmBOoqPzLTDk0FH_CdG8xFgNZWsmnCxrZb5i3Plu6Pg3UrKz1MKiBWv,daily mindfulness questions,2023-10-01,2023-10-01,Timesact
Do you have a hobby? How do you feel when you're engaged with it?,https://www.silkandsonder.com/blogs/news/journaling-prompts-for-mindfulness?srsltid=AfmBOoqPzLTDk0FH_CdG8xFgNZWsmnCxrZb5i3Plu6Pg3UrKz1MKiBWv,daily mindfulness questions,2023-10-01,2023-10-01,Timesact
What can you do today that your future self will thank you for?,https://www.silkandsonder.com/blogs/news/journaling-prompts-for-mindfulness?srsltid=AfmBOoqPzLTDk0FH_CdG8xFgNZWsmnCxrZb5i3Plu6Pg3UrKz1MKiBWv,daily mindfulness questions,2023-10-01,2023-10-01,Timesact
"How do you feel when you sit quietly, without the distraction of technology or TV?",https://www.silkandsonder.com/blogs/news/journaling-prompts-for-mindfulness?srsltid=AfmBOoqPzLTDk0FH_CdG8xFgNZWsmnCxrZb5i3Plu6Pg3UrKz1MKiBWv,daily mindfulness questions,2023-10-01,2023-10-01,Timesact
"What's something you resisted today, or in the past week? Why do you think you resisted it?",https://www.silkandsonder.com/blogs/news/journaling-prompts-for-mindfulness?srsltid=AfmBOoqPzLTDk0FH_CdG8xFgNZWsmnCxrZb5i3Plu6Pg3UrKz1MKiBWv,daily mindfulness questions,2023-10-01,2023-10-01,Timesact
"What does ""mindful living"" mean to you?",https://www.silkandsonder.com/blogs/news/journaling-prompts-for-mindfulness?srsltid=AfmBOoqPzLTDk0FH_CdG8xFgNZWsmnCxrZb5i3Plu6Pg3UrKz1MKiBWv,daily mindfulness questions,2023-10-01,2023-10-01,Timesact
Do you consider yourself an anxious person? Why or why not?,https://www.silkandsonder.com/blogs/news/journaling-prompts-for-mindfulness?srsltid=AfmBOoqPzLTDk0FH_CdG8xFgNZWsmnCxrZb5i3Plu6Pg3UrKz1MKiBWv,daily mindfulness questions,2023-10-01,2023-10-01,Timesact
Do you like your job? How do you typically feel during your workday?,https://www.silkandsonder.com/blogs/news/journaling-prompts-for-mindfulness?srsltid=AfmBOoqPzLTDk0FH_CdG8xFgNZWsmnCxrZb5i3Plu6Pg3UrKz1MKiBWv,daily mindfulness questions,2023-10-01,2023-10-01,Timesact
What can I do/say/think/feel that will bring me happiness?,https://www.ronitbaras.com/emotional-intelligence/personal-development/questions-to-practice-mindfulness-and-change-your-life-for-the-better/,daily mindfulness questions,2016-09-01,n/a,Ronit Baras
What memories bring me joy?,https://www.ronitbaras.com/emotional-intelligence/personal-development/questions-to-practice-mindfulness-and-change-your-life-for-the-better/,daily mindfulness questions,2016-09-01,n/a,Ronit Baras
What am I grateful for?,https://www.ronitbaras.com/emotional-intelligence/personal-development/questions-to-practice-mindfulness-and-change-your-life-for-the-better/,daily mindfulness questions,2016-09-01,n/a,Ronit Baras
What thought does not serve me and needs to be released?,https://www.ronitbaras.com/emotional-intelligence/personal-development/questions-to-practice-mindfulness-and-change-your-life-for-the-better/,daily mindfulness questions,2016-09-01,n/a,Ronit Baras
How can I be more kind?,https://www.ronitbaras.com/emotional-intelligence/personal-development/questions-to-practice-mindfulness-and-change-your-life-for-the-better/,daily mindfulness questions,2016-09-01,n/a,Ronit Baras
What can I do/say/think/feel that will make me a better person?,https://www.ronitbaras.com/emotional-intelligence/personal-development/questions-to-practice-mindfulness-and-change-your-life-for-the-better/,daily mindfulness questions,2016-09-01,n/a,Ronit Baras
Who are the people that support me in life and how can I spend more time with them?,https://www.ronitbaras.com/emotional-intelligence/personal-development/questions-to-practice-mindfulness-and-change-your-life-for-the-better/,daily mindfulness questions,2016-09-01,n/a,Ronit Baras
What have I learned that will lead me to a better future?,https://www.ronitbaras.com/emotional-intelligence/personal-development/questions-to-practice-mindfulness-and-change-your-life-for-the-better/,daily mindfulness questions,2016-09-01,n/a,Ronit Baras
What went well today for me and how did I contribute to it?,https://www.ronitbaras.com/emotional-intelligence/personal-development/questions-to-practice-mindfulness-and-change-your-life-for-the-better/,daily mindfulness questions,2016-09-01,n/a,Ronit Baras
Why am I doing this?,https://www.success.com/these-are-the-questions-you-should-ask-to-start-your-mindfulness-journey/,daily mindfulness questions,2023-10-31,n/a,Dr. Lisa Nezneski
Who do I need to forgive?,https://www.ronitbaras.com/emotional-intelligence/personal-development/questions-to-practice-mindfulness-and-change-your-life-for-the-better/,daily mindfulness questions,2016-09-01,n/a,Ronit Baras
Why do I care about this?,https://www.success.com/these-are-the-questions-you-should-ask-to-start-your-mindfulness-journey/,daily mindfulness questions,2023-10-31,n/a,Dr. Lisa Nezneski
What is standing between you and your biggest goal?,https://michellemaidenberg.com/52-critical-questions-to-ask-yourself-to-ensure-that-youre-living-a-mindful-meaningful-life/,daily mindfulness questions,2017-08-28,n/a,Laurence
What do you get distracted by that keeps you from effectively engaging and connecting with others?,https://michellemaidenberg.com/52-critical-questions-to-ask-yourself-to-ensure-that-youre-living-a-mindful-meaningful-life/,daily mindfulness questions,2017-08-28,n/a,Laurence
"What thoughts or ideas do you attach to (your rules, script about people and things) that keep you from growing and making further progress?",https://michellemaidenberg.com/52-critical-questions-to-ask-yourself-to-ensure-that-youre-living-a-mindful-meaningful-life/,daily mindfulness questions,2017-08-28,n/a,Laurence
How often do you make excuses about things? About what in particular?,https://michellemaidenberg.com/52-critical-questions-to-ask-yourself-to-ensure-that-youre-living-a-mindful-meaningful-life/,daily mindfulness questions,2017-08-28,n/a,Laurence
What or who could you pay more attention to in life?,https://michellemaidenberg.com/52-critical-questions-to-ask-yourself-to-ensure-that-youre-living-a-mindful-meaningful-life/,daily mindfulness questions,2017-08-28,n/a,Laurence
What is one change you need to make in your life this year?,https://michellemaidenberg.com/52-critical-questions-to-ask-yourself-to-ensure-that-youre-living-a-mindful-meaningful-life/,daily mindfulness questions,2017-08-28,n/a,Laurence
Where do you want to be in five years from now? What may get in the way? What are you willing to do about it?,https://michellemaidenberg.com/52-critical-questions-to-ask-yourself-to-ensure-that-youre-living-a-mindful-meaningful-life/,daily mindfulness questions,2017-08-28,n/a,Laurence
What was the best day of your life? Why? How can you replicate those meaningful moment(s)?,https://michellemaidenberg.com/52-critical-questions-to-ask-yourself-to-ensure-that-youre-living-a-mindful-meaningful-life/,daily mindfulness questions,2017-08-28,n/a,Laurence
What meaningful thing(s) did you learn about yourself this year?,https://michellemaidenberg.com/52-critical-questions-to-ask-yourself-to-ensure-that-youre-living-a-mindful-meaningful-life/,daily mindfulness questions,2017-08-28,n/a,Laurence
"If your life was a movie, what would the title be? What would you want it to be?",https://michellemaidenberg.com/52-critical-questions-to-ask-yourself-to-ensure-that-youre-living-a-mindful-meaningful-life/,daily mindfulness questions,2017-08-28,n/a,Laurence
What is the biggest dream in life? Did you achieve it? Hope to achieve it? What will help get you there?,https://michellemaidenberg.com/52-critical-questions-to-ask-yourself-to-ensure-that-youre-living-a-mindful-meaningful-life/,daily mindfulness questions,2017-08-28,n/a,Laurence
What life lessons do you wish you knew 10 years ago? What got you to the place of learning those life lessons?,https://michellemaidenberg.com/52-critical-questions-to-ask-yourself-to-ensure-that-youre-living-a-mindful-meaningful-life/,daily mindfulness questions,2017-08-28,n/a,Laurence
"Do you think that you’re enough and are worthy of love and affection? If not, what gets in the way of this?",https://michellemaidenberg.com/52-critical-questions-to-ask-yourself-to-ensure-that-youre-living-a-mindful-meaningful-life/,daily mindfulness questions,2017-08-28,n/a,Laurence
What is your biggest fear? Why? Are your actions guided by this fear? Does it get in the way of doing what I want to be doing? In what way?,https://michellemaidenberg.com/52-critical-questions-to-ask-yourself-to-ensure-that-youre-living-a-mindful-meaningful-life/,daily mindfulness questions,2017-08-28,n/a,Laurence
Do you quickly get defended or cut off to avoid uncomfortable/negative thoughts or emotions? Which emotions? Why do you think you do this? What is its impact?,https://michellemaidenberg.com/52-critical-questions-to-ask-yourself-to-ensure-that-youre-living-a-mindful-meaningful-life/,daily mindfulness questions,2017-08-28,n/a,Laurence
Do you quickly get defensive and have a hard time facing yourself or confronting your mistakes or imperfections? About what? Why do you think so? What is its impact?,https://michellemaidenberg.com/52-critical-questions-to-ask-yourself-to-ensure-that-youre-living-a-mindful-meaningful-life/,daily mindfulness questions,2017-08-28,n/a,Laurence
"If you had one year to live, what would you try to achieve?",https://michellemaidenberg.com/52-critical-questions-to-ask-yourself-to-ensure-that-youre-living-a-mindful-meaningful-life/,daily mindfulness questions,2017-08-28,n/a,Laurence
"If you have one month left to live, what would you try to achieve?",https://michellemaidenberg.com/52-critical-questions-to-ask-yourself-to-ensure-that-youre-living-a-mindful-meaningful-life/,daily mindfulness questions,2017-08-28,n/a,Laurence
What would you say about you at your funeral? What would others say about you? What would you want to be said?,https://michellemaidenberg.com/52-critical-questions-to-ask-yourself-to-ensure-that-youre-living-a-mindful-meaningful-life/,daily mindfulness questions,2017-08-28,n/a,Laurence
"What are some personal characteristics or qualities that you’re not proud or fond of? What helped to create them (e.g., family genetics, family role modeling, experience, etc.)? What are those you need to accept and what are those you could work to change? Are you engaging in this process?",https://michellemaidenberg.com/52-critical-questions-to-ask-yourself-to-ensure-that-youre-living-a-mindful-meaningful-life/,daily mindfulness questions,2017-08-28,n/a,Laurence
Look at your life now. Are you living the life of your dreams? What’s getting in the way? What can you do to change it?,https://michellemaidenberg.com/52-critical-questions-to-ask-yourself-to-ensure-that-youre-living-a-mindful-meaningful-life/,daily mindfulness questions,2017-08-28,n/a,Laurence
What advice would you give to yourself 3 years ago?,https://michellemaidenberg.com/52-critical-questions-to-ask-yourself-to-ensure-that-youre-living-a-mindful-meaningful-life/,daily mindfulness questions,2017-08-28,n/a,Laurence
What is your ideal self? What does it mean to be your best self?,https://michellemaidenberg.com/52-critical-questions-to-ask-yourself-to-ensure-that-youre-living-a-mindful-meaningful-life/,daily mindfulness questions,2017-08-28,n/a,Laurence
What bad habits do you want to break? What’s keeping you from breaking them? How will you go about working on them?,https://michellemaidenberg.com/52-critical-questions-to-ask-yourself-to-ensure-that-youre-living-a-mindful-meaningful-life/,daily mindfulness questions,2017-08-28,n/a,Laurence
What good habits do you want to cultivate?,https://michellemaidenberg.com/52-critical-questions-to-ask-yourself-to-ensure-that-youre-living-a-mindful-meaningful-life/,daily mindfulness questions,2017-08-28,n/a,Laurence
"How can you make your life more meaningful, starting today?",https://michellemaidenberg.com/52-critical-questions-to-ask-yourself-to-ensure-that-youre-living-a-mindful-meaningful-life/,daily mindfulness questions,2017-08-28,n/a,Laurence
Who is/are the most important person(s) to you in the world? Why are they most important?,https://michellemaidenberg.com/52-critical-questions-to-ask-yourself-to-ensure-that-youre-living-a-mindful-meaningful-life/,daily mindfulness questions,2017-08-28,n/a,Laurence
What qualities do you want to embody?,https://michellemaidenberg.com/52-critical-questions-to-ask-yourself-to-ensure-that-youre-living-a-mindful-meaningful-life/,daily mindfulness questions,2017-08-28,n/a,Laurence
When was the last time you told yourself that you love and appreciate yourself? Do you feel comfortable doing so? Why?,https://michellemaidenberg.com/52-critical-questions-to-ask-yourself-to-ensure-that-youre-living-a-mindful-meaningful-life/,daily mindfulness questions,2017-08-28,n/a,Laurence
Is there anything you are avoiding/running away from? Why?,https://michellemaidenberg.com/52-critical-questions-to-ask-yourself-to-ensure-that-youre-living-a-mindful-meaningful-life/,daily mindfulness questions,2017-08-28,n/a,Laurence
Do you treat yourself with the love and respect you truly deserve? What gets in the way?,https://michellemaidenberg.com/52-critical-questions-to-ask-yourself-to-ensure-that-youre-living-a-mindful-meaningful-life/,daily mindfulness questions,2017-08-28,n/a,Laurence
Are you holding onto something you need to let go of? What?,https://michellemaidenberg.com/52-critical-questions-to-ask-yourself-to-ensure-that-youre-living-a-mindful-meaningful-life/,daily mindfulness questions,2017-08-28,n/a,Laurence
What is one thing you could start doing today to improve the quality of your life?,https://michellemaidenberg.com/52-critical-questions-to-ask-yourself-to-ensure-that-youre-living-a-mindful-meaningful-life/,daily mindfulness questions,2017-08-28,n/a,Laurence
"Is there someone who has hurt, angered, or rejected you that you need and want to forgive?",https://michellemaidenberg.com/52-critical-questions-to-ask-yourself-to-ensure-that-youre-living-a-mindful-meaningful-life/,daily mindfulness questions,2017-08-28,n/a,Laurence
What parts of your life doesn’t reflect who you are? How can you improve that?,https://michellemaidenberg.com/52-critical-questions-to-ask-yourself-to-ensure-that-youre-living-a-mindful-meaningful-life/,daily mindfulness questions,2017-08-28,n/a,Laurence
Do you find yourself feeling lonely at times? What’s making you feel this way?,https://michellemaidenberg.com/52-critical-questions-to-ask-yourself-to-ensure-that-youre-living-a-mindful-meaningful-life/,daily mindfulness questions,2017-08-28,n/a,Laurence
"Do you enjoy your own company? If not, Why?",https://michellemaidenberg.com/52-critical-questions-to-ask-yourself-to-ensure-that-youre-living-a-mindful-meaningful-life/,daily mindfulness questions,2017-08-28,n/a,Laurence
Are you comfortable with being uncomfortable? How does this impact you?,https://michellemaidenberg.com/52-critical-questions-to-ask-yourself-to-ensure-that-youre-living-a-mindful-meaningful-life/,daily mindfulness questions,2017-08-28,n/a,Laurence
Where are you not being honest with yourself and why?,https://michellemaidenberg.com/52-critical-questions-to-ask-yourself-to-ensure-that-youre-living-a-mindful-meaningful-life/,daily mindfulness questions,2017-08-28,n/a,Laurence
What do you want to be remembered for?,https://michellemaidenberg.com/52-critical-questions-to-ask-yourself-to-ensure-that-youre-living-a-mindful-meaningful-life/,daily mindfulness questions,2017-08-28,n/a,Laurence
When did you last push the boundaries of your comfort zone? Do you avoid doing this? When? Why?,https://michellemaidenberg.com/52-critical-questions-to-ask-yourself-to-ensure-that-youre-living-a-mindful-meaningful-life/,daily mindfulness questions,2017-08-28,n/a,Laurence
What are you most thankful for?,https://michellemaidenberg.com/52-critical-questions-to-ask-yourself-to-ensure-that-youre-living-a-mindful-meaningful-life/,daily mindfulness questions,2017-08-28,n/a,Laurence
Who has had the greatest impact on your life? Why? In what way?,https://michellemaidenberg.com/52-critical-questions-to-ask-yourself-to-ensure-that-youre-living-a-mindful-meaningful-life/,daily mindfulness questions,2017-08-28,n/a,Laurence
Who do you want to get closer to? How will you pursue this relationship?,https://michellemaidenberg.com/52-critical-questions-to-ask-yourself-to-ensure-that-youre-living-a-mindful-meaningful-life/,daily mindfulness questions,2017-08-28,n/a,Laurence
What can you improve about the way you communicate to others? How would you go about doing this?,https://michellemaidenberg.com/52-critical-questions-to-ask-yourself-to-ensure-that-youre-living-a-mindful-meaningful-life/,daily mindfulness questions,2017-08-28,n/a,Laurence
"What emotion do you often tap into and is most familiar to you (e.g., worry, anger, frustration, etc.)? If you were to look more in depth and beneath that feeling, what might you find (e.g., sadness, disappointment, etc.)? Are you willing to go there? Why or why not?",https://michellemaidenberg.com/52-critical-questions-to-ask-yourself-to-ensure-that-youre-living-a-mindful-meaningful-life/,daily mindfulness questions,2017-08-28,n/a,Laurence
What is the one rule that you hope or wished for that everyone lived by in order to live a more meaningful life? What are you doing to change or reconstruct this rule in your life or in society in general?,https://michellemaidenberg.com/52-critical-questions-to-ask-yourself-to-ensure-that-youre-living-a-mindful-meaningful-life/,daily mindfulness questions,2017-08-28,n/a,Laurence
"What was the most challenging circumstance that you had to experience, that profoundly impacted and changed your life? In what way did it affect you? What did you learn from it?",https://michellemaidenberg.com/52-critical-questions-to-ask-yourself-to-ensure-that-youre-living-a-mindful-meaningful-life/,daily mindfulness questions,2017-08-28,n/a,Laurence
What regret do you have that you wish you can change? Have you learned from it going forward? What have you learned?,https://michellemaidenberg.com/52-critical-questions-to-ask-yourself-to-ensure-that-youre-living-a-mindful-meaningful-life/,daily mindfulness questions,2017-08-28,n/a,Laurence
Are there times like you feel like giving up? What leads you to that state? What helps you out of your rut?,https://michellemaidenberg.com/52-critical-questions-to-ask-yourself-to-ensure-that-youre-living-a-mindful-meaningful-life/,daily mindfulness questions,2017-08-28,n/a,Laurence
What’s your strengths and best qualities? What contributed to the formation of it? How could you continue fostering them?,https://michellemaidenberg.com/52-critical-questions-to-ask-yourself-to-ensure-that-youre-living-a-mindful-meaningful-life/,daily mindfulness questions,2017-08-28,n/a,Laurence
What areas of your life are you focusing on? What is most important to you in this moment?,https://www.rethinkcare.com/resources/all-your-main-mindfulness-questions-answered/,daily mindfulness questions,2018-02-13,n/a,Joe Burton
Make each bite the focus of your attention. Notice everything you can about the experience.,https://www.rethinkcare.com/resources/all-your-main-mindfulness-questions-answered/,daily mindfulness questions,2018-02-13,n/a,Joe Burton
Enjoy each bite as it hits your tongue. The taste. The texture. What does it feel like as you chew and swallow?,https://www.rethinkcare.com/resources/all-your-main-mindfulness-questions-answered/,daily mindfulness questions,2018-02-13,n/a,Joe Burton
What things have been on my to do list for a long time?,https://korrashay.com/2022/03/29/questions-to-ask-yourself-for-mindfulness/,daily mindfulness questions,2022-03-29,2022-03-29,Korra-Shay
When do I feel the most like myself?,https://korrashay.com/2022/03/29/questions-to-ask-yourself-for-mindfulness/,daily mindfulness questions,2022-03-29,2022-03-29,Korra-Shay
What parts of yourself do you struggle to accept?,https://korrashay.com/2022/03/29/questions-to-ask-yourself-for-mindfulness/,daily mindfulness questions,2022-03-29,2022-03-29,Korra-Shay
What are your biggest motivations in life?,https://korrashay.com/2022/03/29/questions-to-ask-yourself-for-mindfulness/,daily mindfulness questions,2022-03-29,2022-03-29,Korra-Shay
How do you speak to yourself in your mind?,https://korrashay.com/2022/03/29/questions-to-ask-yourself-for-mindfulness/,daily mindfulness questions,2022-03-29,2022-03-29,Korra-Shay
What values are the most important to me?,https://korrashay.com/2022/03/29/questions-to-ask-yourself-for-mindfulness/,daily mindfulness questions,2022-03-29,2022-03-29,Korra-Shay
What are some of your biggest regrets?,https://korrashay.com/2022/03/29/questions-to-ask-yourself-for-mindfulness/,daily mindfulness questions,2022-03-29,2022-03-29,Korra-Shay
How do I view my relationship with others?,https://korrashay.com/2022/03/29/questions-to-ask-yourself-for-mindfulness/,daily mindfulness questions,2022-03-29,2022-03-29,Korra-Shay
What will help me achieve long term goals?,https://korrashay.com/2022/03/29/questions-to-ask-yourself-for-mindfulness/,daily mindfulness questions,2022-03-29,2022-03-29,Korra-Shay
What are my deepest fears?,https://korrashay.com/2022/03/29/questions-to-ask-yourself-for-mindfulness/,daily mindfulness questions,2022-03-29,2022-03-29,Korra-Shay
Why am I making my current decisions?,https://korrashay.com/2022/03/29/questions-to-ask-yourself-for-mindfulness/,daily mindfulness questions,2022-03-29,2022-03-29,Korra-Shay
How do you take on a negative or bad emotion?,https://korrashay.com/2022/03/29/questions-to-ask-yourself-for-mindfulness/,daily mindfulness questions,2022-03-29,2022-03-29,Korra-Shay
What traits do I judge in others?,https://korrashay.com/2022/03/29/questions-to-ask-yourself-for-mindfulness/,daily mindfulness questions,2022-03-29,2022-03-29,Korra-Shay
What do you wish was different in your life right now?,https://korrashay.com/2022/03/29/questions-to-ask-yourself-for-mindfulness/,daily mindfulness questions,2022-03-29,2022-03-29,Korra-Shay
What do you value most in friendships?,https://korrashay.com/2022/03/29/questions-to-ask-yourself-for-mindfulness/,daily mindfulness questions,2022-03-29,2022-03-29,Korra-Shay
Are you settling for less than what you are worth? In what arena of your life? Why?,https://michellemaidenberg.com/52-critical-questions-to-ask-yourself-to-ensure-that-youre-living-a-mindful-meaningful-life/,daily mindfulness questions,2017-08-28,n/a,Laurence
How do you prioritize self care?,https://korrashay.com/2022/03/29/questions-to-ask-yourself-for-mindfulness/,daily mindfulness questions,2022-03-29,2022-03-29,Korra-Shay
What praise could you get that means the most to you?,https://korrashay.com/2022/03/29/questions-to-ask-yourself-for-mindfulness/,daily mindfulness questions,2022-03-29,2022-03-29,Korra-Shay
What could you do more of for a happier life?,https://korrashay.com/2022/03/29/questions-to-ask-yourself-for-mindfulness/,daily mindfulness questions,2022-03-29,2022-03-29,Korra-Shay
What should I be doing more of?,https://korrashay.com/2022/03/29/questions-to-ask-yourself-for-mindfulness/,daily mindfulness questions,2022-03-29,2022-03-29,Korra-Shay
Is there anything I feel like I’m missing in my life?,https://korrashay.com/2022/03/29/questions-to-ask-yourself-for-mindfulness/,daily mindfulness questions,2022-03-29,2022-03-29,Korra-Shay
What daily changes could I make to improve myself?,https://korrashay.com/2022/03/29/questions-to-ask-yourself-for-mindfulness/,daily mindfulness questions,2022-03-29,2022-03-29,Korra-Shay
What boundaries do you need so set?,https://korrashay.com/2022/03/29/questions-to-ask-yourself-for-mindfulness/,daily mindfulness questions,2022-03-29,2022-03-29,Korra-Shay
The five senses: Relax and ask yourself: What are five things I can see? Four things I can touch? Three things I can hear? Two things I can smell? One thing I can taste?,https://teacherblog.ef.com/daily-mindfulness-for-students-6-activities/,daily mindfulness questions,2023-10-01,2023-10-01,Erin Walton
What didn’t go so well? What will I do differently next time?,https://discoveryinaction.com.au/simple-daily-5-minute-mindfulness-activity/,daily mindfulness questions,2023-10-01,2023-10-01,Melody Wilding
What made me feel proud today?,https://discoveryinaction.com.au/simple-daily-5-minute-mindfulness-activity/,daily mindfulness questions,2023-10-01,2023-10-01,Melody Wilding
What am I looking forward to?,https://discoveryinaction.com.au/simple-daily-5-minute-mindfulness-activity/,daily mindfulness questions,2023-10-01,2023-10-01,Melody Wilding
Who or what made me smile today?,https://discoveryinaction.com.au/simple-daily-5-minute-mindfulness-activity/,daily mindfulness questions,2023-10-01,2023-10-01,Melody Wilding
What am I feeling right now?,https://intellectualreflections.com/20-powerful-mindfulness-questions-to-ask-yourself/,daily mindfulness questions,2024-12-01,2024-12-01,Twesige Selegio
What am I grateful for today?,https://intellectualreflections.com/20-powerful-mindfulness-questions-to-ask-yourself/,daily mindfulness questions,2024-12-01,2024-12-01,Twesige Selegio
What can I let go of?,https://intellectualreflections.com/20-powerful-mindfulness-questions-to-ask-yourself/,daily mindfulness questions,2024-12-01,2024-12-01,Twesige Selegio
Am I fully present in this moment?,https://intellectualreflections.com/20-powerful-mindfulness-questions-to-ask-yourself/,daily mindfulness questions,2024-12-01,2024-12-01,Twesige Selegio
What brings me joy?,https://intellectualreflections.com/20-powerful-mindfulness-questions-to-ask-yourself/,daily mindfulness questions,2024-12-01,2024-12-01,Twesige Selegio
What is within my control?,https://intellectualreflections.com/20-powerful-mindfulness-questions-to-ask-yourself/,daily mindfulness questions,2024-12-01,2024-12-01,Twesige Selegio
How am I being kind to myself?,https://intellectualreflections.com/20-powerful-mindfulness-questions-to-ask-yourself/,daily mindfulness questions,2024-12-01,2024-12-01,Twesige Selegio
What thoughts are occupying my mind?,https://intellectualreflections.com/20-powerful-mindfulness-questions-to-ask-yourself/,daily mindfulness questions,2024-12-01,2024-12-01,Twesige Selegio
How am I supporting my mental health?,https://intellectualreflections.com/20-powerful-mindfulness-questions-to-ask-yourself/,daily mindfulness questions,2024-12-01,2024-12-01,Twesige Selegio
"Who inspires me, and why?",https://intellectualreflections.com/20-powerful-mindfulness-questions-to-ask-yourself/,daily mindfulness questions,2024-12-01,2024-12-01,Twesige Selegio
What am I learning about myself today?,https://intellectualreflections.com/20-powerful-mindfulness-questions-to-ask-yourself/,daily mindfulness questions,2024-12-01,2024-12-01,Twesige Selegio
What small action can I take to improve my day?,https://intellectualreflections.com/20-powerful-mindfulness-questions-to-ask-yourself/,daily mindfulness questions,2024-12-01,2024-12-01,Twesige Selegio
How am I connecting with others?,https://intellectualreflections.com/20-powerful-mindfulness-questions-to-ask-yourself/,daily mindfulness questions,2024-12-01,2024-12-01,Twesige Selegio
What is my body telling me?,https://intellectualreflections.com/20-powerful-mindfulness-questions-to-ask-yourself/,daily mindfulness questions,2024-12-01,2024-12-01,Twesige Selegio
"What am I avoiding, and why?",https://intellectualreflections.com/20-powerful-mindfulness-questions-to-ask-yourself/,daily mindfulness questions,2024-12-01,2024-12-01,Twesige Selegio
What do I need to forgive myself for?,https://intellectualreflections.com/20-powerful-mindfulness-questions-to-ask-yourself/,daily mindfulness questions,2024-12-01,2024-12-01,Twesige Selegio
What does success look like for me today?,https://intellectualreflections.com/20-powerful-mindfulness-questions-to-ask-yourself/,daily mindfulness questions,2024-12-01,2024-12-01,Twesige Selegio
What habits are helping me grow?,https://intellectualreflections.com/20-powerful-mindfulness-questions-to-ask-yourself/,daily mindfulness questions,2024-12-01,2024-12-01,Twesige Selegio
How can I bring more peace into my life?,https://intellectualreflections.com/20-powerful-mindfulness-questions-to-ask-yourself/,daily mindfulness questions,2024-12-01,2024-12-01,Twesige Selegio
How can I show gratitude to someone else today?,https://intellectualreflections.com/20-powerful-mindfulness-questions-to-ask-yourself/,daily mindfulness questions,2024-12-01,2024-12-01,Twesige Selegio
What does it mean to be “non-judgmental” in the context of mindfulness?,https://onlineexammaker.com/kb/30-mindfulness-quiz-questions-and-answers/,daily mindfulness questions,2023-08-14,n/a,n/a
How does mindfulness affect relationships with others?,https://onlineexammaker.com/kb/30-mindfulness-quiz-questions-and-answers/,daily mindfulness questions,2023-08-14,n/a,n/a
Where is the opportunity in this?,https://33voices.com/interviews/ask-these-questions-to-become-more-mindful/,daily mindfulness questions,2019-06-10,2022-04-11,Aimee Gilbreath
What is this here to teach me?,https://33voices.com/interviews/ask-these-questions-to-become-more-mindful/,daily mindfulness questions,2019-06-10,2022-04-11,Aimee Gilbreath
How have I contributed to this situation and therefore how can I change it?,https://33voices.com/interviews/ask-these-questions-to-become-more-mindful/,daily mindfulness questions,2019-06-10,2022-04-11,Aimee Gilbreath
What am I feeling and thinking right now?,https://33voices.com/interviews/ask-these-questions-to-become-more-mindful/,daily mindfulness questions,2019-06-10,2022-04-11,Aimee Gilbreath
Am I choosing to spend my time and energy in alignment with my priorities today?,https://33voices.com/interviews/ask-these-questions-to-become-more-mindful/,daily mindfulness questions,2019-06-10,2022-04-11,Aimee Gilbreath
Why am I feeling this way?,https://www.happierhuman.com/mindfulness-check-in-questions/,daily mindfulness questions,2021-07-01,2023-10-01,Happier Human
What am I thinking right now?,https://www.happierhuman.com/mindfulness-check-in-questions/,daily mindfulness questions,2021-07-01,2023-10-01,Happier Human
What am I grateful for?,https://www.happierhuman.com/mindfulness-check-in-questions/,daily mindfulness questions,2021-07-01,2023-10-01,Happier Human
What is my intention for today?,https://www.happierhuman.com/mindfulness-check-in-questions/,daily mindfulness questions,2021-07-01,2023-10-01,Happier Human
What can I do to make today a good day?,https://www.happierhuman.com/mindfulness-check-in-questions/,daily mindfulness questions,2021-07-01,2023-10-01,Happier Human
What is the most important thing I need to do today?,https://www.happierhuman.com/mindfulness-check-in-questions/,daily mindfulness questions,2021-07-01,2023-10-01,Happier Human
What am I doing to take care of myself?,https://www.happierhuman.com/mindfulness-check-in-questions/,daily mindfulness questions,2021-07-01,2023-10-01,Happier Human
Who are the people in my life whom I am grateful for?,https://www.happierhuman.com/mindfulness-check-in-questions/,daily mindfulness questions,2021-07-01,2023-10-01,Happier Human
What am I doing to nurture my relationships?,https://www.happierhuman.com/mindfulness-check-in-questions/,daily mindfulness questions,2021-07-01,2023-10-01,Happier Human
What do I need to let go of?,https://www.happierhuman.com/mindfulness-check-in-questions/,daily mindfulness questions,2021-07-01,2023-10-01,Happier Human
How can I do better tomorrow?,https://www.happierhuman.com/mindfulness-check-in-questions/,daily mindfulness questions,2021-07-01,2023-10-01,Happier Human
What did I learn today?,https://www.happierhuman.com/mindfulness-check-in-questions/,daily mindfulness questions,2021-07-01,2023-10-01,Happier Human
Did I do my best today?,https://www.happierhuman.com/mindfulness-check-in-questions/,daily mindfulness questions,2021-07-01,2023-10-01,Happier Human
What did I do well today?,https://www.happierhuman.com/mindfulness-check-in-questions/,daily mindfulness questions,2021-07-01,2023-10-01,Happier Human
What obstacles did I face today?,https://www.happierhuman.com/mindfulness-check-in-questions/,daily mindfulness questions,2021-07-01,2023-10-01,Happier Human
How can I make someone else's day better?,https://www.happierhuman.com/mindfulness-check-in-questions/,daily mindfulness questions,2021-07-01,2023-10-01,Happier Human
Did I get closer to my goals today?,https://www.happierhuman.com/mindfulness-check-in-questions/,daily mindfulness questions,2021-07-01,2023-10-01,Happier Human
What thoughts or emotions am I suppressing?,https://www.happierhuman.com/mindfulness-check-in-questions/,daily mindfulness questions,2021-07-01,2023-10-01,Happier Human
How am I feeling right now?,https://forums.au.reachout.com/t5/Taking-care-of-myself/Self-Care-Questions-To-Ask-Yourself-Each-Day-Mindfulness/td-p/501834,daily mindfulness questions,n/a,n/a,ReachOut Australia
How can I better express my gratitude?,https://www.happierhuman.com/mindfulness-check-in-questions/,daily mindfulness questions,2021-07-01,2023-10-01,Happier Human
"What does my body need in this moment? Do I need movement, nutrition, rest?",https://forums.au.reachout.com/t5/Taking-care-of-myself/Self-Care-Questions-To-Ask-Yourself-Each-Day-Mindfulness/td-p/501834,daily mindfulness questions,n/a,n/a,ReachOut Australia
What am I grateful/thankful for?,https://forums.au.reachout.com/t5/Taking-care-of-myself/Self-Care-Questions-To-Ask-Yourself-Each-Day-Mindfulness/td-p/501834,daily mindfulness questions,n/a,n/a,ReachOut Australia
What thoughts are passing through my mind?,https://forums.au.reachout.com/t5/Taking-care-of-myself/Self-Care-Questions-To-Ask-Yourself-Each-Day-Mindfulness/td-p/501834,daily mindfulness questions,n/a,n/a,ReachOut Australia
Where do I see myself in 1 to 5 years?,https://www.happierhuman.com/mindfulness-check-in-questions/,daily mindfulness questions,2021-07-01,2023-10-01,Happier Human
What needs of mine are not being met? How can I meet these?,https://forums.au.reachout.com/t5/Taking-care-of-myself/Self-Care-Questions-To-Ask-Yourself-Each-Day-Mindfulness/td-p/501834,daily mindfulness questions,n/a,n/a,ReachOut Australia
"What is something I can celebrate today? (Big or small, it is worth celebrating!)",https://forums.au.reachout.com/t5/Taking-care-of-myself/Self-Care-Questions-To-Ask-Yourself-Each-Day-Mindfulness/td-p/501834,daily mindfulness questions,n/a,n/a,ReachOut Australia
How can I be kinder to myself in this moment?,https://forums.au.reachout.com/t5/Taking-care-of-myself/Self-Care-Questions-To-Ask-Yourself-Each-Day-Mindfulness/td-p/501834,daily mindfulness questions,n/a,n/a,ReachOut Australia
What emotions are present in my body? Where am I feeling them?,https://forums.au.reachout.com/t5/Taking-care-of-myself/Self-Care-Questions-To-Ask-Yourself-Each-Day-Mindfulness/td-p/501834,daily mindfulness questions,n/a,n/a,ReachOut Australia
What is one small step that I can take towards a goal I have?,https://forums.au.reachout.com/t5/Taking-care-of-myself/Self-Care-Questions-To-Ask-Yourself-Each-Day-Mindfulness/td-p/501834,daily mindfulness questions,n/a,n/a,ReachOut Australia
How can I approach a current challenge of mine with a positive mindset?,https://forums.au.reachout.com/t5/Taking-care-of-myself/Self-Care-Questions-To-Ask-Yourself-Each-Day-Mindfulness/td-p/501834,daily mindfulness questions,n/a,n/a,ReachOut Australia
What did I achieve last week?,https://bloomaffirmations.com/mindset/25-mindful-monday-questions-for-a-productive-week,daily mindfulness questions,2023-01-01,2023-01-01,Author Name
What surprised me last week?,https://bloomaffirmations.com/mindset/25-mindful-monday-questions-for-a-productive-week,daily mindfulness questions,2023-01-01,2023-01-01,Author Name
Am I honouring my boundaries?,https://forums.au.reachout.com/t5/Taking-care-of-myself/Self-Care-Questions-To-Ask-Yourself-Each-Day-Mindfulness/td-p/501834,daily mindfulness questions,n/a,n/a,ReachOut Australia
What didn’t go as planned last week?,https://bloomaffirmations.com/mindset/25-mindful-monday-questions-for-a-productive-week,daily mindfulness questions,2023-01-01,2023-01-01,Author Name
What am I carrying forward from last week into this week?,https://bloomaffirmations.com/mindset/25-mindful-monday-questions-for-a-productive-week,daily mindfulness questions,2023-01-01,2023-01-01,Author Name
What was the biggest lesson from last week?,https://bloomaffirmations.com/mindset/25-mindful-monday-questions-for-a-productive-week,daily mindfulness questions,2023-01-01,2023-01-01,Author Name
How do I want to feel at the end of the week?,https://bloomaffirmations.com/mindset/25-mindful-monday-questions-for-a-productive-week,daily mindfulness questions,2023-01-01,2023-01-01,Author Name
What 1-3 goals do I want to achieve in the next seven days?,https://bloomaffirmations.com/mindset/25-mindful-monday-questions-for-a-productive-week,daily mindfulness questions,2023-01-01,2023-01-01,Author Name
What habit can I improve on by the end of the week?,https://bloomaffirmations.com/mindset/25-mindful-monday-questions-for-a-productive-week,daily mindfulness questions,2023-01-01,2023-01-01,Author Name
Did I nourish my body with the right foods today?,https://bloomaffirmations.com/mindset/25-mindful-monday-questions-for-a-productive-week,daily mindfulness questions,2023-01-01,2023-01-01,Author Name
How can I prepare myself for a good night’s sleep tonight?,https://bloomaffirmations.com/mindset/25-mindful-monday-questions-for-a-productive-week,daily mindfulness questions,2023-01-01,2023-01-01,Author Name
How can I make time for self-care today?,https://bloomaffirmations.com/mindset/25-mindful-monday-questions-for-a-productive-week,daily mindfulness questions,2023-01-01,2023-01-01,Author Name
Do I feel fulfilled on a daily basis?,https://bloomaffirmations.com/mindset/25-mindful-monday-questions-for-a-productive-week,daily mindfulness questions,2023-01-01,2023-01-01,Author Name
What am I currently contributing to my work?,https://bloomaffirmations.com/mindset/25-mindful-monday-questions-for-a-productive-week,daily mindfulness questions,2023-01-01,2023-01-01,Author Name
What are 3-5 things I am grateful for right now?,https://bloomaffirmations.com/mindset/25-mindful-monday-questions-for-a-productive-week,daily mindfulness questions,2023-01-01,2023-01-01,Author Name
How connected am I to my dreams?,https://bloomaffirmations.com/mindset/25-mindful-monday-questions-for-a-productive-week,daily mindfulness questions,2023-01-01,2023-01-01,Author Name
How can I make more time for special people in my life?,https://bloomaffirmations.com/mindset/25-mindful-monday-questions-for-a-productive-week,daily mindfulness questions,2023-01-01,2023-01-01,Author Name
When was the last time I complimented or praised a friend/colleague?,https://bloomaffirmations.com/mindset/25-mindful-monday-questions-for-a-productive-week,daily mindfulness questions,2023-01-01,2023-01-01,Author Name
Who could I call or text today?,https://bloomaffirmations.com/mindset/25-mindful-monday-questions-for-a-productive-week,daily mindfulness questions,2023-01-01,2023-01-01,Author Name
Have I made enough effort with my loved ones today?,https://bloomaffirmations.com/mindset/25-mindful-monday-questions-for-a-productive-week,daily mindfulness questions,2023-01-01,2023-01-01,Author Name
Do I have any conflicts I need to resolve?,https://bloomaffirmations.com/mindset/25-mindful-monday-questions-for-a-productive-week,daily mindfulness questions,2023-01-01,2023-01-01,Author Name
Visualize a daily task you enjoy or don’t mind doing,https://www.healthline.com/health/grounding-techniques,daily mindfulness questions,2025-02-20,2025-02-20,Crystal Raypole
Imagine yourself leaving the painful feelings behind,https://www.healthline.com/health/grounding-techniques,daily mindfulness questions,2025-02-20,2025-02-20,Crystal Raypole
Describe what’s around you,https://www.healthline.com/health/grounding-techniques,daily mindfulness questions,2025-02-20,2025-02-20,Crystal Raypole
What do I want to have experienced before I die?,https://mindfulzen.co/mindfulness-questions/,daily mindfulness questions,2021-11-01,2022-11-01,Mindful Zen
When do I feel most alive or most like myself? What lights me up inside?,https://mindfulzen.co/mindfulness-questions/,daily mindfulness questions,2021-11-01,2022-11-01,Mindful Zen
When am I most likely to feel attacked or triggered in conversations with others?,https://mindfulzen.co/mindfulness-questions/,daily mindfulness questions,2021-11-01,2022-11-01,Mindful Zen
What do I find hardest to accept about myself?,https://mindfulzen.co/mindfulness-questions/,daily mindfulness questions,2021-11-01,2022-11-01,Mindful Zen
When have I expressed my thoughts in a way that offended someone else?,https://mindfulzen.co/mindfulness-questions/,daily mindfulness questions,2021-11-01,2022-11-01,Mindful Zen
What do I believe I deserve? And why do I believe that?,https://mindfulzen.co/mindfulness-questions/,daily mindfulness questions,2021-11-01,2022-11-01,Mindful Zen
What do I believe I owe other people? And why do I believe that?,https://mindfulzen.co/mindfulness-questions/,daily mindfulness questions,2021-11-01,2022-11-01,Mindful Zen
What mistakes have I made that have taught me something I needed to learn?,https://mindfulzen.co/mindfulness-questions/,daily mindfulness questions,2021-11-01,2022-11-01,Mindful Zen
What personal needs have I been putting on the back burner lately?,https://mindfulzen.co/mindfulness-questions/,daily mindfulness questions,2021-11-01,2022-11-01,Mindful Zen
What guilt or shame am I holding onto that has made it difficult to heal and move on?,https://mindfulzen.co/mindfulness-questions/,daily mindfulness questions,2021-11-01,2022-11-01,Mindful Zen
What helps me focus?,https://mindfulzen.co/mindfulness-questions/,daily mindfulness questions,2021-11-01,2022-11-01,Mindful Zen
How would I describe my 'happy place'? Can I see it now?,https://mindfulzen.co/mindfulness-questions/,daily mindfulness questions,2021-11-01,2022-11-01,Mindful Zen
What helps me release tension and let go of distracting thoughts?,https://mindfulzen.co/mindfulness-questions/,daily mindfulness questions,2021-11-01,2022-11-01,Mindful Zen
"What do I love about today so far, and what difference does it make?",https://mindfulzen.co/mindfulness-questions/,daily mindfulness questions,2021-11-01,2022-11-01,Mindful Zen
What am I often aware of during mindfulness meditation?,https://mindfulzen.co/mindfulness-questions/,daily mindfulness questions,2021-11-01,2022-11-01,Mindful Zen
"What do I most want to enjoy about today, and how will I enjoy it?",https://mindfulzen.co/mindfulness-questions/,daily mindfulness questions,2021-11-01,2022-11-01,Mindful Zen
What thoughts and emotions come to the surface most often?,https://mindfulzen.co/mindfulness-questions/,daily mindfulness questions,2021-11-01,2022-11-01,Mindful Zen
What thoughts have been dominating my attention so far today?,https://mindfulzen.co/mindfulness-questions/,daily mindfulness questions,2021-11-01,2022-11-01,Mindful Zen
"What matters most to me today, and why does it matter so much?",https://mindfulzen.co/mindfulness-questions/,daily mindfulness questions,2021-11-01,2022-11-01,Mindful Zen
"Could I be perfectly content living as a single, unattached person?",https://mindfulzen.co/mindfulness-questions/,daily mindfulness questions,2021-11-01,2022-11-01,Mindful Zen
What do I most want to gain from today’s mindfulness practice?,https://mindfulzen.co/mindfulness-questions/,daily mindfulness questions,2021-11-01,2022-11-01,Mindful Zen
What have I done lately to push myself and step outside my comfort zone?,https://mindfulzen.co/mindfulness-questions/,daily mindfulness questions,2021-11-01,2022-11-01,Mindful Zen
What’s the most important thing I’ve learned about myself recently?,https://mindfulzen.co/mindfulness-questions/,daily mindfulness questions,2021-11-01,2022-11-01,Mindful Zen
What am I willing to do today that scares me? Why does it scare me?,https://mindfulzen.co/mindfulness-questions/,daily mindfulness questions,2021-11-01,2022-11-01,Mindful Zen
"What emotions am I feeling in my body right now? (my jaw, my back/shoulders/neck, my head, my stomach, etc.)",https://mindfulzen.co/mindfulness-questions/,daily mindfulness questions,2021-11-01,2022-11-01,Mindful Zen
What am I willing to risk to become the person I want to be?,https://mindfulzen.co/mindfulness-questions/,daily mindfulness questions,2021-11-01,2022-11-01,Mindful Zen
Where do I want to be three years from now?,https://mindfulzen.co/mindfulness-questions/,daily mindfulness questions,2021-11-01,2022-11-01,Mindful Zen
What questions do I have about myself that I haven’t answered yet?,https://mindfulzen.co/mindfulness-questions/,daily mindfulness questions,2021-11-01,2022-11-01,Mindful Zen
What is one change I need to make in my life this year and why?,https://mindfulzen.co/mindfulness-questions/,daily mindfulness questions,2021-11-01,2022-11-01,Mindful Zen
What am I holding onto right now that is holding me back?,https://mindfulzen.co/mindfulness-questions/,daily mindfulness questions,2021-11-01,2022-11-01,Mindful Zen
What biases do I still carry around?,https://mindfulzen.co/mindfulness-questions/,daily mindfulness questions,2021-11-01,2022-11-01,Mindful Zen
How am I different from what I was ten years ago?,https://mindfulzen.co/mindfulness-questions/,daily mindfulness questions,2021-11-01,2022-11-01,Mindful Zen
Who do I depend on the most for emotional support?,https://mindfulzen.co/mindfulness-questions/,daily mindfulness questions,2021-11-01,2022-11-01,Mindful Zen
What am I most proud of?,https://mindfulzen.co/mindfulness-questions/,daily mindfulness questions,2021-11-01,2022-11-01,Mindful Zen
What prejudices have I acknowledged and continue to work to overcome?,https://mindfulzen.co/mindfulness-questions/,daily mindfulness questions,2021-11-01,2022-11-01,Mindful Zen
Who do I need to forgive for the betterment of my mental health?,https://mindfulzen.co/mindfulness-questions/,daily mindfulness questions,2021-11-01,2022-11-01,Mindful Zen
How has my family impacted how I see and exist in the world?,https://mindfulzen.co/mindfulness-questions/,daily mindfulness questions,2021-11-01,2022-11-01,Mindful Zen
What do I take for granted daily? How can I change that?,https://mindfulzen.co/mindfulness-questions/,daily mindfulness questions,2021-11-01,2022-11-01,Mindful Zen
What do I most love about myself?,https://mindfulzen.co/mindfulness-questions/,daily mindfulness questions,2021-11-01,2022-11-01,Mindful Zen
What sounds help me feel more relaxed and more present?,https://mindfulzen.co/mindfulness-questions/,daily mindfulness questions,2021-11-01,2022-11-01,Mindful Zen
"In the last month, how often have you felt that you were unable to control the important things in your life?",https://www.das.nh.gov/wellness/docs/percieved%20stress%20scale.pdf,daily mindfulness questions,n/a,n/a,n/a
"In the last month, how often have you felt confident about your ability to handle your personal problems?",https://www.das.nh.gov/wellness/docs/percieved%20stress%20scale.pdf,daily mindfulness questions,n/a,n/a,n/a
"In the last month, how often have you found that you could not cope with all the things that you had to do?",https://www.das.nh.gov/wellness/docs/percieved%20stress%20scale.pdf,daily mindfulness questions,n/a,n/a,n/a
"In the last month, how often have you been able to control irritations in your life?",https://www.das.nh.gov/wellness/docs/percieved%20stress%20scale.pdf,daily mindfulness questions,n/a,n/a,n/a
"In the last month, how often have you felt that you were on top of things?",https://www.das.nh.gov/wellness/docs/percieved%20stress%20scale.pdf,daily mindfulness questions,n/a,n/a,n/a
"In the last month, how often have you felt that things were going your way?",https://www.das.nh.gov/wellness/docs/percieved%20stress%20scale.pdf,daily mindfulness questions,n/a,n/a,n/a
"In the last month, how often have you been upset because of something that happened unexpectedly?",https://www.das.nh.gov/wellness/docs/percieved%20stress%20scale.pdf,daily mindfulness questions,n/a,n/a,n/a
"In the last month, how often have you felt difficulties were piling up so high that you could not overcome them?",https://www.das.nh.gov/wellness/docs/percieved%20stress%20scale.pdf,daily mindfulness questions,n/a,n/a,n/a
"In the last month, how often have you been angered because of things that happened that were outside of your control?",https://www.das.nh.gov/wellness/docs/percieved%20stress%20scale.pdf,daily mindfulness questions,n/a,n/a,n/a
Have I stopped trying to run my own life?,https://www.aahappyhour.com/daily-readings/,daily mindfulness questions,n/a,n/a,Alcoholics Anonymous
Do I neglect their needs and desire for my attention and concern?,https://www.aahappyhour.com/daily-readings/,daily mindfulness questions,n/a,n/a,Alcoholics Anonymous
"When I’m around them, am I irritable or boring?",https://www.aahappyhour.com/daily-readings/,daily mindfulness questions,n/a,n/a,Alcoholics Anonymous
"Are my “amends” a mumbled “Sorry,” or do they take the form of patience and tolerance?",https://www.aahappyhour.com/daily-readings/,daily mindfulness questions,n/a,n/a,Alcoholics Anonymous
What does it mean to you to be a student-athlete?,https://dailybruin.com/2025/06/05/uncomfortable-conversations-athletes-mental-health-matters-more-than-winning,daily mindfulness questions,2025-06-05,2025-06-12,Kirsten Brehmer
How do you balance your academic and athletic responsibilities?,https://dailybruin.com/2025/06/05/uncomfortable-conversations-athletes-mental-health-matters-more-than-winning,daily mindfulness questions,2025-06-05,2025-06-12,Kirsten Brehmer
What strategies do you use to manage stress and anxiety related to sports?,https://dailybruin.com/2025/06/05/uncomfortable-conversations-athletes-mental-health-matters-more-than-winning,daily mindfulness questions,2025-06-05,2025-06-12,Kirsten Brehmer
How do you define success outside of your sport?,https://dailybruin.com/2025/06/05/uncomfortable-conversations-athletes-mental-health-matters-more-than-winning,daily mindfulness questions,2025-06-05,2025-06-12,Kirsten Brehmer
"How do you cope with injuries, both physically and mentally?",https://dailybruin.com/2025/06/05/uncomfortable-conversations-athletes-mental-health-matters-more-than-winning,daily mindfulness questions,2025-06-05,2025-06-12,Kirsten Brehmer
What does it mean to have a healthy relationship with your sport?,https://dailybruin.com/2025/06/05/uncomfortable-conversations-athletes-mental-health-matters-more-than-winning,daily mindfulness questions,2025-06-05,2025-06-12,Kirsten Brehmer
How do you find your identity outside of being an athlete?,https://dailybruin.com/2025/06/05/uncomfortable-conversations-athletes-mental-health-matters-more-than-winning,daily mindfulness questions,2025-06-05,2025-06-12,Kirsten Brehmer
How can you create a culture of care within your team?,https://dailybruin.com/2025/06/05/uncomfortable-conversations-athletes-mental-health-matters-more-than-winning,daily mindfulness questions,2025-06-05,2025-06-12,Kirsten Brehmer
What will I get when I reach my goal?,https://www.ronitbaras.com/emotional-intelligence/personal-development/mindfulness-questions-change-life-better/,daily mindfulness questions,2016-02-23,2020-06-22,Ronit Baras
What do I want?,https://www.ronitbaras.com/emotional-intelligence/personal-development/mindfulness-questions-change-life-better/,daily mindfulness questions,2016-02-23,2020-06-22,Ronit Baras
What am I grateful for?,https://www.ronitbaras.com/emotional-intelligence/personal-development/mindfulness-questions-change-life-better/,daily mindfulness questions,2016-02-23,2020-06-22,Ronit Baras
What can I do/say/think/feel right now that will bring me happiness?,https://www.ronitbaras.com/emotional-intelligence/personal-development/mindfulness-questions-change-life-better/,daily mindfulness questions,2016-02-23,2020-06-22,Ronit Baras
What memory brings me joy?,https://www.ronitbaras.com/emotional-intelligence/personal-development/mindfulness-questions-change-life-better/,daily mindfulness questions,2016-02-23,2020-06-22,Ronit Baras
How can I be kinder?,https://www.ronitbaras.com/emotional-intelligence/personal-development/mindfulness-questions-change-life-better/,daily mindfulness questions,2016-02-23,2020-06-22,Ronit Baras
Who are the people that support me in this life and how can I spend more time with them?,https://www.ronitbaras.com/emotional-intelligence/personal-development/mindfulness-questions-change-life-better/,daily mindfulness questions,2016-02-23,2020-06-22,Ronit Baras
What did I learn that would lead me into a better future?,https://www.ronitbaras.com/emotional-intelligence/personal-development/mindfulness-questions-change-life-better/,daily mindfulness questions,2016-02-23,2020-06-22,Ronit Baras
What can I do/say/think/feel that will make me a better person?,https://www.ronitbaras.com/emotional-intelligence/personal-development/mindfulness-questions-change-life-better/,daily mindfulness questions,2016-02-23,2020-06-22,Ronit Baras
How would I feel without fear/anger/disappointment/anxiety?,https://www.ronitbaras.com/emotional-intelligence/personal-development/mindfulness-questions-change-life-better/,daily mindfulness questions,2016-02-23,2020-06-22,Ronit Baras
How can I express my feeling without hurting anyone?,https://www.ronitbaras.com/emotional-intelligence/personal-development/mindfulness-questions-change-life-better/,daily mindfulness questions,2016-02-23,2020-06-22,Ronit Baras
Whom do I need to forgive (myself included)?,https://www.ronitbaras.com/emotional-intelligence/personal-development/mindfulness-questions-change-life-better/,daily mindfulness questions,2016-02-23,2020-06-22,Ronit Baras
What went well for me today and how did I contribute to it?,https://www.ronitbaras.com/emotional-intelligence/personal-development/mindfulness-questions-change-life-better/,daily mindfulness questions,2016-02-23,2020-06-22,Ronit Baras
What am I proud of?,https://www.ronitbaras.com/emotional-intelligence/personal-development/mindfulness-questions-change-life-better/,daily mindfulness questions,2016-02-23,2020-06-22,Ronit Baras
What are the things I appreciate/love/enjoy about myself?,https://www.ronitbaras.com/emotional-intelligence/personal-development/mindfulness-questions-change-life-better/,daily mindfulness questions,2016-02-23,2020-06-22,Ronit Baras
What are the opportunities in this (unfortunate event)?,https://www.ronitbaras.com/emotional-intelligence/personal-development/mindfulness-questions-change-life-better/,daily mindfulness questions,2016-02-23,2020-06-22,Ronit Baras
How can I achieve a win-win situation (in some conflict)?,https://www.ronitbaras.com/emotional-intelligence/personal-development/mindfulness-questions-change-life-better/,daily mindfulness questions,2016-02-23,2020-06-22,Ronit Baras
What are the lessons I have learned from unfortunate events in my life?,https://www.ronitbaras.com/emotional-intelligence/personal-development/mindfulness-questions-change-life-better/,daily mindfulness questions,2016-02-23,2020-06-22,Ronit Baras
What do I need to believe/think/feel in order to achieve what I want?,https://www.ronitbaras.com/emotional-intelligence/personal-development/mindfulness-questions-change-life-better/,daily mindfulness questions,2016-02-23,2020-06-22,Ronit Baras
How will I reward myself when I achieve my goal?,https://www.ronitbaras.com/emotional-intelligence/personal-development/mindfulness-questions-change-life-better/,daily mindfulness questions,2016-02-23,2020-06-22,Ronit Baras
Why am I lucky to have this in my life?,https://www.ronitbaras.com/emotional-intelligence/personal-development/mindfulness-questions-change-life-better/,daily mindfulness questions,2016-02-23,2020-06-22,Ronit Baras
"How can I be kind to myself (with my actions, thoughts, expectations, relaxation, taking time off to rejuvenate, putting my interests first, etc)?",https://www.ronitbaras.com/emotional-intelligence/personal-development/mindfulness-questions-change-life-better/,daily mindfulness questions,2016-02-23,2020-06-22,Ronit Baras
Who suffers when I am angry/upset/disappointed/unhappy/sad?,https://www.ronitbaras.com/emotional-intelligence/personal-development/mindfulness-questions-change-life-better/,daily mindfulness questions,2016-02-23,2020-06-22,Ronit Baras
What will I think of myself if I do this?,https://www.ronitbaras.com/emotional-intelligence/personal-development/mindfulness-questions-change-life-better/,daily mindfulness questions,2016-02-23,2020-06-22,Ronit Baras
How can I make this world a better place?,https://www.ronitbaras.com/emotional-intelligence/personal-development/mindfulness-questions-change-life-better/,daily mindfulness questions,2016-02-23,2020-06-22,Ronit Baras
What do I need to do to be more confident?,https://www.ronitbaras.com/emotional-intelligence/personal-development/mindfulness-questions-change-life-better/,daily mindfulness questions,2016-02-23,2020-06-22,Ronit Baras
What do I need right now?,https://www.fiveminutemindful.com/blog/discover-the-seven-mindful-questions,daily mindfulness questions,2023-10-18,n/a,Dr. Lisa Nezneski
What am I feeling right now?,https://www.fiveminutemindful.com/blog/discover-the-seven-mindful-questions,daily mindfulness questions,2023-10-18,n/a,Dr. Lisa Nezneski
What is my intention for today?,https://www.fiveminutemindful.com/blog/discover-the-seven-mindful-questions,daily mindfulness questions,2023-10-18,n/a,Dr. Lisa Nezneski
What is one thing I can do to take care of myself today?,https://www.fiveminutemindful.com/blog/discover-the-seven-mindful-questions,daily mindfulness questions,2023-10-18,n/a,Dr. Lisa Nezneski
What is one thing I can let go of today?,https://www.fiveminutemindful.com/blog/discover-the-seven-mindful-questions,daily mindfulness questions,2023-10-18,n/a,Dr. Lisa Nezneski
What am I grateful for?,https://www.fiveminutemindful.com/blog/discover-the-seven-mindful-questions,daily mindfulness questions,2023-10-18,n/a,Dr. Lisa Nezneski
"Ponder emergence. Consider how this way of change has found expression across the years in your life, your work, your world — moments when what you did not plan or control became a catalyst for your growth.",https://onbeing.org/series/podcast/,daily mindfulness questions,2025-06-12,2025-06-12,Krista Tippett
Examine your orientation to the idea that imagination has real-world consequences. Do you believe that? Trace its reality in the lives of people you admire and in your own life.,https://onbeing.org/series/podcast/,daily mindfulness questions,2025-06-12,2025-06-12,Krista Tippett
What is one thing I can do to connect with someone today?,https://www.fiveminutemindful.com/blog/discover-the-seven-mindful-questions,daily mindfulness questions,2023-10-18,n/a,Dr. Lisa Nezneski
"Right now, today, what is filling you with despair? And what is giving you hope?",https://onbeing.org/series/podcast/,daily mindfulness questions,2025-06-12,2025-06-12,Krista Tippett
What is hope? Answer this question through the story of your life.,https://onbeing.org/series/podcast/,daily mindfulness questions,2025-06-12,2025-06-12,Krista Tippett
Who have been the “live human signposts” of muscular hope in your life across time? Hold their faces and the qualities of their presence in your heart and in your mind’s eye in the days to come.,https://onbeing.org/series/podcast/,daily mindfulness questions,2025-06-12,2025-06-12,Krista Tippett
What physical sensations am I currently feeling?,https://enlightio.com/mindfulness-questions-to-ask-yourself,daily mindfulness questions,2023-07-01,2023-07-01,Jessa Claire
Which sounds can I hear right now?,https://enlightio.com/mindfulness-questions-to-ask-yourself,daily mindfulness questions,2023-07-01,2023-07-01,Jessa Claire
What is the quality of my breath at this moment?,https://enlightio.com/mindfulness-questions-to-ask-yourself,daily mindfulness questions,2023-07-01,2023-07-01,Jessa Claire
What thoughts are passing through my mind?,https://enlightio.com/mindfulness-questions-to-ask-yourself,daily mindfulness questions,2023-07-01,2023-07-01,Jessa Claire
How would I describe my current emotional state?,https://enlightio.com/mindfulness-questions-to-ask-yourself,daily mindfulness questions,2023-07-01,2023-07-01,Jessa Claire
Can I identify the taste and smell in the air right now?,https://enlightio.com/mindfulness-questions-to-ask-yourself,daily mindfulness questions,2023-07-01,2023-07-01,Jessa Claire
What colors and shapes do I notice around me?,https://enlightio.com/mindfulness-questions-to-ask-yourself,daily mindfulness questions,2023-07-01,2023-07-01,Jessa Claire
"Am I moving quickly, slowly, or am I still?",https://enlightio.com/mindfulness-questions-to-ask-yourself,daily mindfulness questions,2023-07-01,2023-07-01,Jessa Claire
Where do I feel tension or relaxation in my body?,https://enlightio.com/mindfulness-questions-to-ask-yourself,daily mindfulness questions,2023-07-01,2023-07-01,Jessa Claire
How does the air feel against my skin?,https://enlightio.com/mindfulness-questions-to-ask-yourself,daily mindfulness questions,2023-07-01,2023-07-01,Jessa Claire
"What is my current mood, and why might that be?",https://enlightio.com/mindfulness-questions-to-ask-yourself,daily mindfulness questions,2023-07-01,2023-07-01,Jessa Claire
Can I notice the rise and fall of my chest or abdomen with each breath?,https://enlightio.com/mindfulness-questions-to-ask-yourself,daily mindfulness questions,2023-07-01,2023-07-01,Jessa Claire
What can I hear right now that I didn’t notice before?,https://enlightio.com/mindfulness-questions-to-ask-yourself,daily mindfulness questions,2023-07-01,2023-07-01,Jessa Claire
Are my thoughts dwelling on the past or the future?,https://enlightio.com/mindfulness-questions-to-ask-yourself,daily mindfulness questions,2023-07-01,2023-07-01,Jessa Claire
Am I fully engaged with my current activity?,https://enlightio.com/mindfulness-questions-to-ask-yourself,daily mindfulness questions,2023-07-01,2023-07-01,Jessa Claire
"How am I sitting or standing, and is it comfortable?",https://enlightio.com/mindfulness-questions-to-ask-yourself,daily mindfulness questions,2023-07-01,2023-07-01,Jessa Claire
What’s something I can appreciate about this moment?,https://enlightio.com/mindfulness-questions-to-ask-yourself,daily mindfulness questions,2023-07-01,2023-07-01,Jessa Claire
Am I using all five senses to experience the present?,https://enlightio.com/mindfulness-questions-to-ask-yourself,daily mindfulness questions,2023-07-01,2023-07-01,Jessa Claire
What values are most important to me in life?,https://enlightio.com/mindfulness-questions-to-ask-yourself,daily mindfulness questions,2023-07-01,2023-07-01,Jessa Claire
How do my daily actions reflect my core values?,https://enlightio.com/mindfulness-questions-to-ask-yourself,daily mindfulness questions,2023-07-01,2023-07-01,Jessa Claire
How can I bring more awareness to this moment?,https://enlightio.com/mindfulness-questions-to-ask-yourself,daily mindfulness questions,2023-07-01,2023-07-01,Jessa Claire
What short-term goals can I set that align with my values?,https://enlightio.com/mindfulness-questions-to-ask-yourself,daily mindfulness questions,2023-07-01,2023-07-01,Jessa Claire
Are there discrepancies between my actions and what I consider important?,https://enlightio.com/mindfulness-questions-to-ask-yourself,daily mindfulness questions,2023-07-01,2023-07-01,Jessa Claire
How do I handle situations that challenge my personal values?,https://enlightio.com/mindfulness-questions-to-ask-yourself,daily mindfulness questions,2023-07-01,2023-07-01,Jessa Claire
What long-term goals am I working toward currently?,https://enlightio.com/mindfulness-questions-to-ask-yourself,daily mindfulness questions,2023-07-01,2023-07-01,Jessa Claire
In what areas of my life am I living in accordance with my values?,https://enlightio.com/mindfulness-questions-to-ask-yourself,daily mindfulness questions,2023-07-01,2023-07-01,Jessa Claire
How can I make my goals more meaningful and value-driven?,https://enlightio.com/mindfulness-questions-to-ask-yourself,daily mindfulness questions,2023-07-01,2023-07-01,Jessa Claire
What can I do today to bring me closer to achieving a goal?,https://enlightio.com/mindfulness-questions-to-ask-yourself,daily mindfulness questions,2023-07-01,2023-07-01,Jessa Claire
Do I set goals that promote my well-being and happiness?,https://enlightio.com/mindfulness-questions-to-ask-yourself,daily mindfulness questions,2023-07-01,2023-07-01,Jessa Claire
Are there any goals I’ve set that I no longer feel passionate about?,https://enlightio.com/mindfulness-questions-to-ask-yourself,daily mindfulness questions,2023-07-01,2023-07-01,Jessa Claire
What steps can I take to realign my path with my values?,https://enlightio.com/mindfulness-questions-to-ask-yourself,daily mindfulness questions,2023-07-01,2023-07-01,Jessa Claire
How do I celebrate the goals I have accomplished?,https://enlightio.com/mindfulness-questions-to-ask-yourself,daily mindfulness questions,2023-07-01,2023-07-01,Jessa Claire
Can I identify any hindrances to achieving my goals?,https://enlightio.com/mindfulness-questions-to-ask-yourself,daily mindfulness questions,2023-07-01,2023-07-01,Jessa Claire
What new goals am I considering and why?,https://enlightio.com/mindfulness-questions-to-ask-yourself,daily mindfulness questions,2023-07-01,2023-07-01,Jessa Claire
Are my goals challenging enough to promote growth?,https://enlightio.com/mindfulness-questions-to-ask-yourself,daily mindfulness questions,2023-07-01,2023-07-01,Jessa Claire
How do I balance goal-oriented actions with being present?,https://enlightio.com/mindfulness-questions-to-ask-yourself,daily mindfulness questions,2023-07-01,2023-07-01,Jessa Claire
"What am I feeling right now, and why?",https://enlightio.com/mindfulness-questions-to-ask-yourself,daily mindfulness questions,2023-07-01,2023-07-01,Jessa Claire
In what ways do my goals impact other people in my life?,https://enlightio.com/mindfulness-questions-to-ask-yourself,daily mindfulness questions,2023-07-01,2023-07-01,Jessa Claire
Can I identify any patterns in my emotional responses?,https://enlightio.com/mindfulness-questions-to-ask-yourself,daily mindfulness questions,2023-07-01,2023-07-01,Jessa Claire
What physical sensations accompany my emotions?,https://enlightio.com/mindfulness-questions-to-ask-yourself,daily mindfulness questions,2023-07-01,2023-07-01,Jessa Claire
How do my emotions influence my thoughts and actions?,https://enlightio.com/mindfulness-questions-to-ask-yourself,daily mindfulness questions,2023-07-01,2023-07-01,Jessa Claire
What strategies do I use to cope with difficult emotions?,https://enlightio.com/mindfulness-questions-to-ask-yourself,daily mindfulness questions,2023-07-01,2023-07-01,Jessa Claire
How do I typically express my emotions to others?,https://enlightio.com/mindfulness-questions-to-ask-yourself,daily mindfulness questions,2023-07-01,2023-07-01,Jessa Claire
Can I sit with uncomfortable feelings without reacting right away?,https://enlightio.com/mindfulness-questions-to-ask-yourself,daily mindfulness questions,2023-07-01,2023-07-01,Jessa Claire
Do I allow myself to fully experience joy and happiness?,https://enlightio.com/mindfulness-questions-to-ask-yourself,daily mindfulness questions,2023-07-01,2023-07-01,Jessa Claire
How can I better understand the emotions of others?,https://enlightio.com/mindfulness-questions-to-ask-yourself,daily mindfulness questions,2023-07-01,2023-07-01,Jessa Claire
"What recent situation triggered a strong emotional response, and why?",https://enlightio.com/mindfulness-questions-to-ask-yourself,daily mindfulness questions,2023-07-01,2023-07-01,Jessa Claire
Are there any suppressed emotions I need to address?,https://enlightio.com/mindfulness-questions-to-ask-yourself,daily mindfulness questions,2023-07-01,2023-07-01,Jessa Claire
What can I learn from my emotions about my needs and desires?,https://enlightio.com/mindfulness-questions-to-ask-yourself,daily mindfulness questions,2023-07-01,2023-07-01,Jessa Claire
How do past experiences affect my current emotional state?,https://enlightio.com/mindfulness-questions-to-ask-yourself,daily mindfulness questions,2023-07-01,2023-07-01,Jessa Claire
Can I recognize the difference between my emotions and my identity?,https://enlightio.com/mindfulness-questions-to-ask-yourself,daily mindfulness questions,2023-07-01,2023-07-01,Jessa Claire
Who can I turn to for support when dealing with tough emotions?,https://enlightio.com/mindfulness-questions-to-ask-yourself,daily mindfulness questions,2023-07-01,2023-07-01,Jessa Claire
How does my emotional state influence my decision-making?,https://enlightio.com/mindfulness-questions-to-ask-yourself,daily mindfulness questions,2023-07-01,2023-07-01,Jessa Claire
Am I mindful of not imposing my emotions on others?,https://enlightio.com/mindfulness-questions-to-ask-yourself,daily mindfulness questions,2023-07-01,2023-07-01,Jessa Claire
How do I react to my own mistakes or failures?,https://enlightio.com/mindfulness-questions-to-ask-yourself,daily mindfulness questions,2023-07-01,2023-07-01,Jessa Claire
How has my emotional intelligence grown in the past year?,https://enlightio.com/mindfulness-questions-to-ask-yourself,daily mindfulness questions,2023-07-01,2023-07-01,Jessa Claire
What are three things I appreciate about myself?,https://enlightio.com/mindfulness-questions-to-ask-yourself,daily mindfulness questions,2023-07-01,2023-07-01,Jessa Claire
How can I be kinder to myself today?,https://enlightio.com/mindfulness-questions-to-ask-yourself,daily mindfulness questions,2023-07-01,2023-07-01,Jessa Claire
In what ways do I practice self-care and self-love?,https://enlightio.com/mindfulness-questions-to-ask-yourself,daily mindfulness questions,2023-07-01,2023-07-01,Jessa Claire
Can I offer myself the same compassion I give to others?,https://enlightio.com/mindfulness-questions-to-ask-yourself,daily mindfulness questions,2023-07-01,2023-07-01,Jessa Claire
How do I encourage myself when faced with challenges?,https://enlightio.com/mindfulness-questions-to-ask-yourself,daily mindfulness questions,2023-07-01,2023-07-01,Jessa Claire
What’s a recent accomplishment of mine that I can celebrate?,https://enlightio.com/mindfulness-questions-to-ask-yourself,daily mindfulness questions,2023-07-01,2023-07-01,Jessa Claire
How can I forgive myself for past errors?,https://enlightio.com/mindfulness-questions-to-ask-yourself,daily mindfulness questions,2023-07-01,2023-07-01,Jessa Claire
Are there aspects of myself I’m learning to accept rather than change?,https://enlightio.com/mindfulness-questions-to-ask-yourself,daily mindfulness questions,2023-07-01,2023-07-01,Jessa Claire
How do I prioritize my needs without feeling selfish?,https://enlightio.com/mindfulness-questions-to-ask-yourself,daily mindfulness questions,2023-07-01,2023-07-01,Jessa Claire
What boundaries do I set for my well-being?,https://enlightio.com/mindfulness-questions-to-ask-yourself,daily mindfulness questions,2023-07-01,2023-07-01,Jessa Claire
How can I be a friend to myself in difficult times?,https://enlightio.com/mindfulness-questions-to-ask-yourself,daily mindfulness questions,2023-07-01,2023-07-01,Jessa Claire
How do I acknowledge my growth and progress?,https://enlightio.com/mindfulness-questions-to-ask-yourself,daily mindfulness questions,2023-07-01,2023-07-01,Jessa Claire
How do I respond to self-critical thoughts?,https://enlightio.com/mindfulness-questions-to-ask-yourself,daily mindfulness questions,2023-07-01,2023-07-01,Jessa Claire
What’s one area where I can show myself more compassion?,https://enlightio.com/mindfulness-questions-to-ask-yourself,daily mindfulness questions,2023-07-01,2023-07-01,Jessa Claire
Am I patient with myself as I learn and grow?,https://enlightio.com/mindfulness-questions-to-ask-yourself,daily mindfulness questions,2023-07-01,2023-07-01,Jessa Claire
Can I recognize and honor my limits without judgment?,https://enlightio.com/mindfulness-questions-to-ask-yourself,daily mindfulness questions,2023-07-01,2023-07-01,Jessa Claire
What self-limiting beliefs am I ready to let go of?,https://enlightio.com/mindfulness-questions-to-ask-yourself,daily mindfulness questions,2023-07-01,2023-07-01,Jessa Claire
What self-compassionate phrases can I use when I’m struggling?,https://enlightio.com/mindfulness-questions-to-ask-yourself,daily mindfulness questions,2023-07-01,2023-07-01,Jessa Claire
How does my environment affect my mood and thoughts?,https://enlightio.com/mindfulness-questions-to-ask-yourself,daily mindfulness questions,2023-07-01,2023-07-01,Jessa Claire
How often do I take the time to appreciate my surroundings?,https://enlightio.com/mindfulness-questions-to-ask-yourself,daily mindfulness questions,2023-07-01,2023-07-01,Jessa Claire
What elements of nature do I feel most connected to?,https://enlightio.com/mindfulness-questions-to-ask-yourself,daily mindfulness questions,2023-07-01,2023-07-01,Jessa Claire
What steps can I take to be more conscious of my environmental impact?,https://enlightio.com/mindfulness-questions-to-ask-yourself,daily mindfulness questions,2023-07-01,2023-07-01,Jessa Claire
How does my presence affect the spaces I inhabit?,https://enlightio.com/mindfulness-questions-to-ask-yourself,daily mindfulness questions,2023-07-01,2023-07-01,Jessa Claire
How do the seasons influence my mood and energy levels?,https://enlightio.com/mindfulness-questions-to-ask-yourself,daily mindfulness questions,2023-07-01,2023-07-01,Jessa Claire
In what ways can nature teach me about life and myself?,https://enlightio.com/mindfulness-questions-to-ask-yourself,daily mindfulness questions,2023-07-01,2023-07-01,Jessa Claire
What small action can I take to contribute to a healthier environment?,https://enlightio.com/mindfulness-questions-to-ask-yourself,daily mindfulness questions,2023-07-01,2023-07-01,Jessa Claire
What beauty can I find around me that I might often overlook?,https://enlightio.com/mindfulness-questions-to-ask-yourself,daily mindfulness questions,2023-07-01,2023-07-01,Jessa Claire
"How does the weather today make me feel, and why?",https://enlightio.com/mindfulness-questions-to-ask-yourself,daily mindfulness questions,2023-07-01,2023-07-01,Jessa Claire
When was the last time I watched the sunrise or sunset?,https://enlightio.com/mindfulness-questions-to-ask-yourself,daily mindfulness questions,2023-07-01,2023-07-01,Jessa Claire
How can I create a peaceful sanctuary within my home?,https://enlightio.com/mindfulness-questions-to-ask-yourself,daily mindfulness questions,2023-07-01,2023-07-01,Jessa Claire
How does connecting with animals and pets impact me?,https://enlightio.com/mindfulness-questions-to-ask-yourself,daily mindfulness questions,2023-07-01,2023-07-01,Jessa Claire
How does clutter or organization in my space reflect my inner state?,https://enlightio.com/mindfulness-questions-to-ask-yourself,daily mindfulness questions,2023-07-01,2023-07-01,Jessa Claire
What does my ideal peaceful environment look like?,https://enlightio.com/mindfulness-questions-to-ask-yourself,daily mindfulness questions,2023-07-01,2023-07-01,Jessa Claire
How well do I listen when others are speaking?,https://enlightio.com/mindfulness-questions-to-ask-yourself,daily mindfulness questions,2023-07-01,2023-07-01,Jessa Claire
"Do I feel more energized indoors or outdoors, and what does that say about me?",https://enlightio.com/mindfulness-questions-to-ask-yourself,daily mindfulness questions,2023-07-01,2023-07-01,Jessa Claire
How can I engage more with my community to improve our shared environment?,https://enlightio.com/mindfulness-questions-to-ask-yourself,daily mindfulness questions,2023-07-01,2023-07-01,Jessa Claire
In what ways can I communicate more mindfully?,https://enlightio.com/mindfulness-questions-to-ask-yourself,daily mindfulness questions,2023-07-01,2023-07-01,Jessa Claire
How does my body language contribute to my communication?,https://enlightio.com/mindfulness-questions-to-ask-yourself,daily mindfulness questions,2023-07-01,2023-07-01,Jessa Claire
How can I deepen my connection with nature on a daily basis?,https://enlightio.com/mindfulness-questions-to-ask-yourself,daily mindfulness questions,2023-07-01,2023-07-01,Jessa Claire
Do I communicate my needs effectively?,https://enlightio.com/mindfulness-questions-to-ask-yourself,daily mindfulness questions,2023-07-01,2023-07-01,Jessa Claire
Do I allow silence in conversations when needed?,https://enlightio.com/mindfulness-questions-to-ask-yourself,daily mindfulness questions,2023-07-01,2023-07-01,Jessa Claire
What are some ways I can improve my ability to empathize during conversations?,https://enlightio.com/mindfulness-questions-to-ask-yourself,daily mindfulness questions,2023-07-01,2023-07-01,Jessa Claire
Do I pay attention to nonverbal cues from those I am speaking with?,https://enlightio.com/mindfulness-questions-to-ask-yourself,daily mindfulness questions,2023-07-01,2023-07-01,Jessa Claire
Am I open to the perspectives and opinions of others?,https://enlightio.com/mindfulness-questions-to-ask-yourself,daily mindfulness questions,2023-07-01,2023-07-01,Jessa Claire
How do my emotions influence my communication style?,https://enlightio.com/mindfulness-questions-to-ask-yourself,daily mindfulness questions,2023-07-01,2023-07-01,Jessa Claire
"What are my habitual communication patterns, and are they effective?",https://enlightio.com/mindfulness-questions-to-ask-yourself,daily mindfulness questions,2023-07-01,2023-07-01,Jessa Claire
Do I acknowledge and validate the feelings of the person I am communicating with?,https://enlightio.com/mindfulness-questions-to-ask-yourself,daily mindfulness questions,2023-07-01,2023-07-01,Jessa Claire
How can I practice being more assertive and less aggressive or passive in my communication?,https://enlightio.com/mindfulness-questions-to-ask-yourself,daily mindfulness questions,2023-07-01,2023-07-01,Jessa Claire
How can I make sure I am not imposing my narrative on someone else’s experience?,https://enlightio.com/mindfulness-questions-to-ask-yourself,daily mindfulness questions,2023-07-01,2023-07-01,Jessa Claire
In what ways do I seek to understand before being understood?,https://enlightio.com/mindfulness-questions-to-ask-yourself,daily mindfulness questions,2023-07-01,2023-07-01,Jessa Claire
Which scent do you find the most soothing?,https://www.thegoodtrade.com/features/conversation-topics/,daily mindfulness questions,2025-06-10,n/a,Kayti Christian
What is a language you love to listen to even if you don’t speak or understand it?,https://www.thegoodtrade.com/features/conversation-topics/,daily mindfulness questions,2025-06-10,n/a,Kayti Christian
Describe the most captivating painting or artwork you’ve ever seen.,https://www.thegoodtrade.com/features/conversation-topics/,daily mindfulness questions,2025-06-10,n/a,Kayti Christian
Oceans or mountains? Why?,https://www.thegoodtrade.com/features/conversation-topics/,daily mindfulness questions,2025-06-10,n/a,Kayti Christian
"If you could have a fictional superhero for a best friend, who would it be?",https://www.thegoodtrade.com/features/conversation-topics/,daily mindfulness questions,2025-06-10,n/a,Kayti Christian
What is your favorite thing about your personality?,https://www.thegoodtrade.com/features/conversation-topics/,daily mindfulness questions,2025-06-10,n/a,Kayti Christian
"Do you remember the first novel you ever read? If so, what was it?",https://www.thegoodtrade.com/features/conversation-topics/,daily mindfulness questions,2025-06-10,n/a,Kayti Christian
What is something you have accomplished as an adult that your younger self would be proud of?,https://www.thegoodtrade.com/features/conversation-topics/,daily mindfulness questions,2025-06-10,n/a,Kayti Christian
What color would you choose to describe yourself?,https://www.thegoodtrade.com/features/conversation-topics/,daily mindfulness questions,2025-06-10,n/a,Kayti Christian
Where is one place you’d love to travel to again?,https://www.thegoodtrade.com/features/conversation-topics/,daily mindfulness questions,2025-06-10,n/a,Kayti Christian
"If your pet could talk, what would their voice sound like? What would they say about you?",https://www.thegoodtrade.com/features/conversation-topics/,daily mindfulness questions,2025-06-10,n/a,Kayti Christian
Is there a place in the world that you feel most represents who you are?,https://www.thegoodtrade.com/features/conversation-topics/,daily mindfulness questions,2025-06-10,n/a,Kayti Christian
What tasks make you feel like your best self?,https://www.thegoodtrade.com/features/conversation-topics/,daily mindfulness questions,2025-06-10,n/a,Kayti Christian
What does your name mean?,https://www.thegoodtrade.com/features/conversation-topics/,daily mindfulness questions,2025-06-10,n/a,Kayti Christian
Where do you feel most centered and happy?,https://www.thegoodtrade.com/features/conversation-topics/,daily mindfulness questions,2025-06-10,n/a,Kayti Christian
What’s your Enneagram number and how does it influence your self-care practices?,https://www.thegoodtrade.com/features/conversation-topics/,daily mindfulness questions,2025-06-10,n/a,Kayti Christian
"What do you wear when you’re feeling your very best, and why?",https://www.thegoodtrade.com/features/conversation-topics/,daily mindfulness questions,2025-06-10,n/a,Kayti Christian
What do you love most about your home?,https://www.thegoodtrade.com/features/conversation-topics/,daily mindfulness questions,2025-06-10,n/a,Kayti Christian
What gives you goosebumps?,https://www.thegoodtrade.com/features/conversation-topics/,daily mindfulness questions,2025-06-10,n/a,Kayti Christian
"What is the best meal you’ve ever had, and what’s the best meal you’ve ever cooked for yourself?",https://www.thegoodtrade.com/features/conversation-topics/,daily mindfulness questions,2025-06-10,n/a,Kayti Christian
What’s a yearbook-style superlative you’d give to your high school self? What’s one for your current self?,https://www.thegoodtrade.com/features/conversation-topics/,daily mindfulness questions,2025-06-10,n/a,Kayti Christian
How are you consciously practicing sustainability?,https://www.thegoodtrade.com/features/conversation-topics/,daily mindfulness questions,2025-06-10,n/a,Kayti Christian
Do you give back or volunteer with any organizations?,https://www.thegoodtrade.com/features/conversation-topics/,daily mindfulness questions,2025-06-10,n/a,Kayti Christian
What’s your love language?,https://www.thegoodtrade.com/features/conversation-topics/,daily mindfulness questions,2025-06-10,n/a,Kayti Christian
How do you feel that you best offer love and support to your friends?,https://www.thegoodtrade.com/features/conversation-topics/,daily mindfulness questions,2025-06-10,n/a,Kayti Christian
What do you look for and need in your friendships?,https://www.thegoodtrade.com/features/conversation-topics/,daily mindfulness questions,2025-06-10,n/a,Kayti Christian
Tell me about your childhood best friend.,https://www.thegoodtrade.com/features/conversation-topics/,daily mindfulness questions,2025-06-10,n/a,Kayti Christian
What are you most grateful for in this season of life?,https://www.thegoodtrade.com/features/conversation-topics/,daily mindfulness questions,2025-06-10,n/a,Kayti Christian
When do you feel most authentically yourself?,https://www.thegoodtrade.com/features/conversation-topics/,daily mindfulness questions,2025-06-10,n/a,Kayti Christian
What’s one form of self-expression you’ve been too hesitant to explore?,https://www.thegoodtrade.com/features/conversation-topics/,daily mindfulness questions,2025-06-10,n/a,Kayti Christian
What was your first experience with sex like?,https://www.thegoodtrade.com/features/conversation-topics/,daily mindfulness questions,2025-06-10,n/a,Kayti Christian
What’s one habit you want to get rid of and one habit you want to keep?,https://www.thegoodtrade.com/features/conversation-topics/,daily mindfulness questions,2025-06-10,n/a,Kayti Christian
"Who do you most admire, and how has that impacted the way you live your life?",https://www.thegoodtrade.com/features/conversation-topics/,daily mindfulness questions,2025-06-10,n/a,Kayti Christian
"Do you have any recurring dreams? If so, what do you think they are trying to tell you?",https://www.thegoodtrade.com/features/conversation-topics/,daily mindfulness questions,2025-06-10,n/a,Kayti Christian
What’s one thing you’d tell yourself at my age? What’s one thing your younger self would tell you?,https://www.thegoodtrade.com/features/conversation-topics/,daily mindfulness questions,2025-06-10,n/a,Kayti Christian
"If you were to perform a duet with a famous musician, who would it be and why?",https://www.thegoodtrade.com/features/conversation-topics/,daily mindfulness questions,2025-06-10,n/a,Kayti Christian
How did you know when you fell in love?,https://www.thegoodtrade.com/features/conversation-topics/,daily mindfulness questions,2025-06-10,n/a,Kayti Christian
What do you wish you’d known before having kids?,https://www.thegoodtrade.com/features/conversation-topics/,daily mindfulness questions,2025-06-10,n/a,Kayti Christian
Have you kept any memorabilia from your childhood?,https://www.thegoodtrade.com/features/conversation-topics/,daily mindfulness questions,2025-06-10,n/a,Kayti Christian
What was the first big purchase you made as an adult?,https://www.thegoodtrade.com/features/conversation-topics/,daily mindfulness questions,2025-06-10,n/a,Kayti Christian
What do you miss most about being a child? A teenager? My age?,https://www.thegoodtrade.com/features/conversation-topics/,daily mindfulness questions,2025-06-10,n/a,Kayti Christian
Who did you vote for in past elections? Why?,https://www.thegoodtrade.com/features/conversation-topics/,daily mindfulness questions,2025-06-10,n/a,Kayti Christian
What about the current world would be most surprising to your younger self?,https://www.thegoodtrade.com/features/conversation-topics/,daily mindfulness questions,2025-06-10,n/a,Kayti Christian
"If you could travel back in time, which part of your life would you go back to?",https://www.thegoodtrade.com/features/conversation-topics/,daily mindfulness questions,2025-06-10,n/a,Kayti Christian
What are some of your favorite memories about your parents?,https://www.thegoodtrade.com/features/conversation-topics/,daily mindfulness questions,2025-06-10,n/a,Kayti Christian
What’s your earliest memory?,https://www.thegoodtrade.com/features/conversation-topics/,daily mindfulness questions,2025-06-10,n/a,Kayti Christian
What do you love most about school?,https://www.thegoodtrade.com/features/conversation-topics/,daily mindfulness questions,2025-06-10,n/a,Kayti Christian
"If you could have one cartoon character be your real-life best friend, who would you choose and why?",https://www.thegoodtrade.com/features/conversation-topics/,daily mindfulness questions,2025-06-10,n/a,Kayti Christian
What does a perfect day with the family look like?,https://www.thegoodtrade.com/features/conversation-topics/,daily mindfulness questions,2025-06-10,n/a,Kayti Christian
What superpower do you wish you had?,https://www.thegoodtrade.com/features/conversation-topics/,daily mindfulness questions,2025-06-10,n/a,Kayti Christian
What do you love most about our house?,https://www.thegoodtrade.com/features/conversation-topics/,daily mindfulness questions,2025-06-10,n/a,Kayti Christian
"If you could have any animal as a pet, which would you choose and why?",https://www.thegoodtrade.com/features/conversation-topics/,daily mindfulness questions,2025-06-10,n/a,Kayti Christian
How do you feel best supported in hard times?,https://www.thegoodtrade.com/features/conversation-topics/,daily mindfulness questions,2025-06-10,n/a,Kayti Christian
What does 'alone time' look like for you?,https://www.thegoodtrade.com/features/conversation-topics/,daily mindfulness questions,2025-06-10,n/a,Kayti Christian
What do you wish people better understood about you?,https://www.thegoodtrade.com/features/conversation-topics/,daily mindfulness questions,2025-06-10,n/a,Kayti Christian
What lessons from your childhood have most impacted your worldview?,https://www.thegoodtrade.com/features/conversation-topics/,daily mindfulness questions,2025-06-10,n/a,Kayti Christian
What do you want to be when you grow up?,https://www.thegoodtrade.com/features/conversation-topics/,daily mindfulness questions,2025-06-10,n/a,Kayti Christian
"If we could live in another country for a year (no strings attached), where would we go?",https://www.thegoodtrade.com/features/conversation-topics/,daily mindfulness questions,2025-06-10,n/a,Kayti Christian
What do you love most about our relationship? What do you wish to work on?,https://www.thegoodtrade.com/features/conversation-topics/,daily mindfulness questions,2025-06-10,n/a,Kayti Christian
What’s a favorite memory you have of us together?,https://www.thegoodtrade.com/features/conversation-topics/,daily mindfulness questions,2025-06-10,n/a,Kayti Christian
What’s one of your favorite memories from our childhood?,https://www.thegoodtrade.com/features/conversation-topics/,daily mindfulness questions,2025-06-10,n/a,Kayti Christian
How can we better practice sustainability as a couple?,https://www.thegoodtrade.com/features/conversation-topics/,daily mindfulness questions,2025-06-10,n/a,Kayti Christian
What do you think everyone in the family will be doing 10 years from now?,https://www.thegoodtrade.com/features/conversation-topics/,daily mindfulness questions,2025-06-10,n/a,Kayti Christian
What small joys bring light to your day?,https://www.thegoodtrade.com/features/conversation-topics/,daily mindfulness questions,2025-06-10,n/a,Kayti Christian
Which characteristics do you think you inherited from our parents?,https://www.thegoodtrade.com/features/conversation-topics/,daily mindfulness questions,2025-06-10,n/a,Kayti Christian
"If you could return to school, what would you study?",https://www.thegoodtrade.com/features/conversation-topics/,daily mindfulness questions,2025-06-10,n/a,Kayti Christian
What food reminds you most of home?,https://www.thegoodtrade.com/features/conversation-topics/,daily mindfulness questions,2025-06-10,n/a,Kayti Christian
What do you love most about yourself?,https://www.thegoodtrade.com/features/conversation-topics/,daily mindfulness questions,2025-06-10,n/a,Kayti Christian
What accomplishments are you most proud of?,https://www.thegoodtrade.com/features/conversation-topics/,daily mindfulness questions,2025-06-10,n/a,Kayti Christian
How do you unwind after work?,https://www.thegoodtrade.com/features/conversation-topics/,daily mindfulness questions,2025-06-10,n/a,Kayti Christian
What projects are you working on right now that bring you joy?,https://www.thegoodtrade.com/features/conversation-topics/,daily mindfulness questions,2025-06-10,n/a,Kayti Christian
What do you enjoy most about our company?,https://www.thegoodtrade.com/features/conversation-topics/,daily mindfulness questions,2025-06-10,n/a,Kayti Christian
How do you track your work goals and accomplishments?,https://www.thegoodtrade.com/features/conversation-topics/,daily mindfulness questions,2025-06-10,n/a,Kayti Christian
What was your very first job?,https://www.thegoodtrade.com/features/conversation-topics/,daily mindfulness questions,2025-06-10,n/a,Kayti Christian
Where do you need support that you’re not getting it?,https://www.thegoodtrade.com/features/conversation-topics/,daily mindfulness questions,2025-06-10,n/a,Kayti Christian
Do you enjoy networking? Why or why not?,https://www.thegoodtrade.com/features/conversation-topics/,daily mindfulness questions,2025-06-10,n/a,Kayti Christian
How are you truly doing?,https://www.thegoodtrade.com/features/conversation-topics/,daily mindfulness questions,2025-06-10,n/a,Kayti Christian
What’s one act of kindness you experienced today?,https://www.thegoodtrade.com/features/conversation-topics/,daily mindfulness questions,2025-06-10,n/a,Kayti Christian
What skills are you focused on cultivating right now?,https://www.thegoodtrade.com/features/conversation-topics/,daily mindfulness questions,2025-06-10,n/a,Kayti Christian
What is the compliment you receive most often?,https://www.thegoodtrade.com/features/conversation-topics/,daily mindfulness questions,2025-06-10,n/a,Kayti Christian
Do you recharge by being around other people or by spending time alone?,https://www.thegoodtrade.com/features/conversation-topics/,daily mindfulness questions,2025-06-10,n/a,Kayti Christian
What do you do for enjoyment?,https://www.thegoodtrade.com/features/conversation-topics/,daily mindfulness questions,2025-06-10,n/a,Kayti Christian
"If you had a day to yourself, what would it look like, where would you go, and what would you do?",https://www.thegoodtrade.com/features/conversation-topics/,daily mindfulness questions,2025-06-10,n/a,Kayti Christian
"If you woke up one morning and all your problems were solved, how would you go about your day?",https://www.thegoodtrade.com/features/conversation-topics/,daily mindfulness questions,2025-06-10,n/a,Kayti Christian
What do I expect from this week?,https://utterlypositive.com/mindful-monday-questions/,daily mindfulness questions,2021-02-01,2023-10-01,Juliet Dreamhunter
What’s one thing your loved ones would be surprised to learn about you?,https://www.thegoodtrade.com/features/conversation-topics/,daily mindfulness questions,2025-06-10,n/a,Kayti Christian
Is there a habit that I need to work on?,https://utterlypositive.com/mindful-monday-questions/,daily mindfulness questions,2021-02-01,2023-10-01,Juliet Dreamhunter
"Do I have a good working environment? If not, how can I improve it?",https://utterlypositive.com/mindful-monday-questions/,daily mindfulness questions,2021-02-01,2023-10-01,Juliet Dreamhunter
What is the best thing that happened last week?,https://utterlypositive.com/mindful-monday-questions/,daily mindfulness questions,2021-02-01,2023-10-01,Juliet Dreamhunter
What is the worst thing that happened last week? How did I react?,https://utterlypositive.com/mindful-monday-questions/,daily mindfulness questions,2021-02-01,2023-10-01,Juliet Dreamhunter
Are there any distractions that stand in the way of my growth?,https://utterlypositive.com/mindful-monday-questions/,daily mindfulness questions,2021-02-01,2023-10-01,Juliet Dreamhunter
Which are the two most noticeable emotions I feel right now?,https://utterlypositive.com/mindful-monday-questions/,daily mindfulness questions,2021-02-01,2023-10-01,Juliet Dreamhunter
What stresses me out the most these days?,https://utterlypositive.com/mindful-monday-questions/,daily mindfulness questions,2021-02-01,2023-10-01,Juliet Dreamhunter
Am I allowing myself to rest and recharge?,https://utterlypositive.com/mindful-monday-questions/,daily mindfulness questions,2021-02-01,2023-10-01,Juliet Dreamhunter
How can I make this week productive?,https://utterlypositive.com/mindful-monday-questions/,daily mindfulness questions,2021-02-01,2023-10-01,Juliet Dreamhunter
What do I love and appreciate about myself?,https://utterlypositive.com/mindful-monday-questions/,daily mindfulness questions,2021-02-01,2023-10-01,Juliet Dreamhunter
What can I do today to come closer to my big goal?,https://utterlypositive.com/mindful-monday-questions/,daily mindfulness questions,2021-02-01,2023-10-01,Juliet Dreamhunter
Do I have good morning and evening routines?,https://utterlypositive.com/mindful-monday-questions/,daily mindfulness questions,2021-02-01,2023-10-01,Juliet Dreamhunter
Do I see myself as a productive person?,https://utterlypositive.com/mindful-monday-questions/,daily mindfulness questions,2021-02-01,2023-10-01,Juliet Dreamhunter
How will I move my body today?,https://utterlypositive.com/mindful-monday-questions/,daily mindfulness questions,2021-02-01,2023-10-01,Juliet Dreamhunter
Am I satisfied with my life right now? Why not?,https://utterlypositive.com/mindful-monday-questions/,daily mindfulness questions,2021-02-01,2023-10-01,Juliet Dreamhunter
What is my current motto?,https://utterlypositive.com/mindful-monday-questions/,daily mindfulness questions,2021-02-01,2023-10-01,Juliet Dreamhunter
What do I want?,https://utterlypositive.com/mindful-monday-questions/,daily mindfulness questions,2021-02-01,2023-10-01,Juliet Dreamhunter
What am I grateful for?,https://utterlypositive.com/mindful-monday-questions/,daily mindfulness questions,2021-02-01,2023-10-01,Juliet Dreamhunter
Imagining writing your negatives thoughts in the sand and the sea washing them away,https://www.mentalhealthforum.net/forum/threads/mindfulness-exercises.70359/,daily mindfulness questions,2013-09-11,n/a,lostgirl19
In the shower: How does the water feel against my skin? What do I smell? Is this relaxing? What sounds do I hear? Am I enjoying the moment?,https://www.mentalhealthforum.net/forum/threads/mindfulness-exercises.70359/,daily mindfulness questions,2013-09-11,n/a,lostgirl19
Keeping self in the present exercise when walking: What can I hear? What do I smell? What do I see? How do I feel? Do I taste anything?,https://www.mentalhealthforum.net/forum/threads/mindfulness-exercises.70359/,daily mindfulness questions,2013-09-11,n/a,lostgirl19
"In bed: Listen to your breaths. What movements can you feel? How does your breathing feel? If your mind wanders, gently go back to concentrating on your breaths. Do you feel tension? Perhaps do a body scan head to toes. Does this relax you more?",https://www.mentalhealthforum.net/forum/threads/mindfulness-exercises.70359/,daily mindfulness questions,2013-09-11,n/a,lostgirl19
What am I feeling emotionally?,https://www.houston-therapy.com/post/mindfulness-3-questions-to-help-you-take-a-mental-step-back,daily mindfulness questions,n/a,n/a,"Emma Barr, LPA, BCN"
What am I feeling physically?,https://www.houston-therapy.com/post/mindfulness-3-questions-to-help-you-take-a-mental-step-back,daily mindfulness questions,n/a,n/a,"Emma Barr, LPA, BCN"
How might I show up today to have the best impact?,https://www.mindful.org/take-a-mindful-moment-5-simple-practices-for-daily-life/,daily mindfulness questions,n/a,n/a,Parneet Pal
What quality of mind do I want to strengthen and develop?,https://www.mindful.org/take-a-mindful-moment-5-simple-practices-for-daily-life/,daily mindfulness questions,n/a,n/a,Parneet Pal
What do I need to take better care of myself?,https://www.mindful.org/take-a-mindful-moment-5-simple-practices-for-daily-life/,daily mindfulness questions,n/a,n/a,Parneet Pal
"During difficult moments, how might I be more compassionate to others and myself?",https://www.mindful.org/take-a-mindful-moment-5-simple-practices-for-daily-life/,daily mindfulness questions,n/a,n/a,Parneet Pal
How might I feel more connected and fulfilled?,https://www.mindful.org/take-a-mindful-moment-5-simple-practices-for-daily-life/,daily mindfulness questions,n/a,n/a,Parneet Pal
Is what I'm doing right now feeding my soul?,https://www.psychologytoday.com/us/blog/meditation-for-modern-life/202506/are-your-choices-feeding-your-soul,daily mindfulness questions,2025-06-09,n/a,Robert Puff Ph.D.
"Will this activity make me feel better, happier, and more content in the long run?",https://www.psychologytoday.com/us/blog/meditation-for-modern-life/202506/are-your-choices-feeding-your-soul,daily mindfulness questions,2025-06-09,n/a,Robert Puff Ph.D.
What is the role of AI in your emotional life now? Do you feel vulnerable to becoming overly reliant or addicted to interacting with ChatGPT?,https://medium.com/@lynnfraserstillpoint/parasocial-one-sided-connection-feb6826955b8,daily mindfulness questions,n/a,n/a,Lynn Fraser Stillpoint
Did you experiment with ChatGPT or other AI this week? What was that like?,https://medium.com/@lynnfraserstillpoint/parasocial-one-sided-connection-feb6826955b8,daily mindfulness questions,n/a,n/a,Lynn Fraser Stillpoint
"What is the role of fictional characters from books, movies, TV and streaming in your emotional life now and in the past? Have they inspired and comforted you? Do you use them as an escape, and if so, is that at a level that you feel is appropriate and healthy for you?",https://medium.com/@lynnfraserstillpoint/parasocial-one-sided-connection-feb6826955b8,daily mindfulness questions,n/a,n/a,Lynn Fraser Stillpoint
"How has your connection with fictional characters, and your increased understanding of others from books and movies, enhanced or limited your connection with people?",https://medium.com/@lynnfraserstillpoint/parasocial-one-sided-connection-feb6826955b8,daily mindfulness questions,n/a,n/a,Lynn Fraser Stillpoint
"What does sitting still with my eyes closed have to do with my job, or my life in general?",https://www.huffpost.com/entry/7-common-mindfulness-questions-answered_b_4637814,daily mindfulness questions,2014-01-01,2025-01-01,Institute for Mindful Leadership
Do you feel any shame or are you being shamed about how you connect with AI?,https://medium.com/@lynnfraserstillpoint/parasocial-one-sided-connection-feb6826955b8,daily mindfulness questions,n/a,n/a,Lynn Fraser Stillpoint
Are you concerned that the access and perfect nonjudgmental attention of AI will spoil you for interacting with people?,https://medium.com/@lynnfraserstillpoint/parasocial-one-sided-connection-feb6826955b8,daily mindfulness questions,n/a,n/a,Lynn Fraser Stillpoint
Yesterday my meditation was easy and today it was hard: My mind just kept drifting away to my weekend plans. What am I doing wrong?,https://www.huffpost.com/entry/7-common-mindfulness-questions-answered_b_4637814,daily mindfulness questions,2014-01-01,2025-01-01,Institute for Mindful Leadership
what do you want right now?,https://www.erichfw.co.za/early/3-questions-to-include-in-your-mindfulness-practice/,daily mindfulness questions,n/a,n/a,n/a
what do you fear right now?,https://www.erichfw.co.za/early/3-questions-to-include-in-your-mindfulness-practice/,daily mindfulness questions,n/a,n/a,n/a
who are you right now?,https://www.erichfw.co.za/early/3-questions-to-include-in-your-mindfulness-practice/,daily mindfulness questions,n/a,n/a,n/a
What is one positive affirmation I can tell myself today?,https://thevaluedlife.co.uk/mindfulness-journal-prompts/,daily mindfulness questions,2024-05-01,2024-05-01,Teresa Richards
What is one thing I need to let go of today to find peace?,https://thevaluedlife.co.uk/mindfulness-journal-prompts/,daily mindfulness questions,2024-05-01,2024-05-01,Teresa Richards
What are 3 things I am grateful for today?,https://thevaluedlife.co.uk/mindfulness-journal-prompts/,daily mindfulness questions,2024-05-01,2024-05-01,Teresa Richards
What was a challenge I faced today and what did I learn from it?,https://thevaluedlife.co.uk/mindfulness-journal-prompts/,daily mindfulness questions,2024-05-01,2024-05-01,Teresa Richards
Did I meet my intention for the day?,https://thevaluedlife.co.uk/mindfulness-journal-prompts/,daily mindfulness questions,2024-05-01,2024-05-01,Teresa Richards
What emotions am I experiencing right now? Why might I be feeling this way?,https://thevaluedlife.co.uk/mindfulness-journal-prompts/,daily mindfulness questions,2024-05-01,2024-05-01,Teresa Richards
How did I show up for myself today?,https://thevaluedlife.co.uk/mindfulness-journal-prompts/,daily mindfulness questions,2024-05-01,2024-05-01,Teresa Richards
"Monday: What are my main goals for this week, and how do I plan to achieve them mindfully?",https://thevaluedlife.co.uk/mindfulness-journal-prompts/,daily mindfulness questions,2024-05-01,2024-05-01,Teresa Richards
"Wednesday: What am I grateful for so far this week, and why?",https://thevaluedlife.co.uk/mindfulness-journal-prompts/,daily mindfulness questions,2024-05-01,2024-05-01,Teresa Richards
"Friday: How have I connected with others this week, and how did those interactions make me feel?",https://thevaluedlife.co.uk/mindfulness-journal-prompts/,daily mindfulness questions,2024-05-01,2024-05-01,Teresa Richards
Saturday: What activities or moments brought me the most joy or peace this week?,https://thevaluedlife.co.uk/mindfulness-journal-prompts/,daily mindfulness questions,2024-05-01,2024-05-01,Teresa Richards
"Thursday: What challenges have I faced this week, and what have I learned from them?",https://thevaluedlife.co.uk/mindfulness-journal-prompts/,daily mindfulness questions,2024-05-01,2024-05-01,Teresa Richards
Tuesday: What is one thing I can do this week to take care of my mental and emotional well-being?,https://thevaluedlife.co.uk/mindfulness-journal-prompts/,daily mindfulness questions,2024-05-01,2024-05-01,Teresa Richards
How can I be kinder to myself next week?,https://thevaluedlife.co.uk/mindfulness-journal-prompts/,daily mindfulness questions,2024-05-01,2024-05-01,Teresa Richards
Did I behave in alignment with my values today?,https://thevaluedlife.co.uk/mindfulness-journal-prompts/,daily mindfulness questions,2024-05-01,2024-05-01,Teresa Richards
What positive affirmation can I carry into next week to stay motivated and mindful?,https://thevaluedlife.co.uk/mindfulness-journal-prompts/,daily mindfulness questions,2024-05-01,2024-05-01,Teresa Richards
"Sunday: Reflect on the past week. What went well, and what would I like to improve next week?",https://thevaluedlife.co.uk/mindfulness-journal-prompts/,daily mindfulness questions,2024-05-01,2024-05-01,Teresa Richards
What are my intentions and goals for next week?,https://thevaluedlife.co.uk/mindfulness-journal-prompts/,daily mindfulness questions,2024-05-01,2024-05-01,Teresa Richards
Did I accomplish my goals for this week?,https://thevaluedlife.co.uk/mindfulness-journal-prompts/,daily mindfulness questions,2024-05-01,2024-05-01,Teresa Richards
What could I have done differently to improve my week?,https://thevaluedlife.co.uk/mindfulness-journal-prompts/,daily mindfulness questions,2024-05-01,2024-05-01,Teresa Richards
How did I incorporate mindfulness into my daily routine this week?,https://thevaluedlife.co.uk/mindfulness-journal-prompts/,daily mindfulness questions,2024-05-01,2024-05-01,Teresa Richards
Did I feel present during the week?,https://thevaluedlife.co.uk/mindfulness-journal-prompts/,daily mindfulness questions,2024-05-01,2024-05-01,Teresa Richards
Who did I enjoy spending time with this week?,https://thevaluedlife.co.uk/mindfulness-journal-prompts/,daily mindfulness questions,2024-05-01,2024-05-01,Teresa Richards
What made me happy this week?,https://thevaluedlife.co.uk/mindfulness-journal-prompts/,daily mindfulness questions,2024-05-01,2024-05-01,Teresa Richards
What challenges did I face this month and how did I handle them?,https://thevaluedlife.co.uk/mindfulness-journal-prompts/,daily mindfulness questions,2024-05-01,2024-05-01,Teresa Richards
Did I behave in alignment with my values?,https://thevaluedlife.co.uk/mindfulness-journal-prompts/,daily mindfulness questions,2024-05-01,2024-05-01,Teresa Richards
What am I most grateful for this month?,https://thevaluedlife.co.uk/mindfulness-journal-prompts/,daily mindfulness questions,2024-05-01,2024-05-01,Teresa Richards
What were the highlights of this month?,https://thevaluedlife.co.uk/mindfulness-journal-prompts/,daily mindfulness questions,2024-05-01,2024-05-01,Teresa Richards
How have I grown as a person this month?,https://thevaluedlife.co.uk/mindfulness-journal-prompts/,daily mindfulness questions,2024-05-01,2024-05-01,Teresa Richards
How did I practise mindfulness this month?,https://thevaluedlife.co.uk/mindfulness-journal-prompts/,daily mindfulness questions,2024-05-01,2024-05-01,Teresa Richards
What self-care practices did I engage in this month and how did it make me feel?,https://thevaluedlife.co.uk/mindfulness-journal-prompts/,daily mindfulness questions,2024-05-01,2024-05-01,Teresa Richards
How did I connect with others this month?,https://thevaluedlife.co.uk/mindfulness-journal-prompts/,daily mindfulness questions,2024-05-01,2024-05-01,Teresa Richards
What habits and routines served me well this month?,https://thevaluedlife.co.uk/mindfulness-journal-prompts/,daily mindfulness questions,2024-05-01,2024-05-01,Teresa Richards
What is one thing I am most proud of?,https://thevaluedlife.co.uk/mindfulness-journal-prompts/,daily mindfulness questions,2024-05-01,2024-05-01,Teresa Richards
What habits do I want to change next month?,https://thevaluedlife.co.uk/mindfulness-journal-prompts/,daily mindfulness questions,2024-05-01,2024-05-01,Teresa Richards
Did I maintain a healthy flow between my personal and professional life?,https://thevaluedlife.co.uk/mindfulness-journal-prompts/,daily mindfulness questions,2024-05-01,2024-05-01,Teresa Richards
What do I need to let go of from this month to move forward?,https://thevaluedlife.co.uk/mindfulness-journal-prompts/,daily mindfulness questions,2024-05-01,2024-05-01,Teresa Richards
What is my main intention for the next month?,https://thevaluedlife.co.uk/mindfulness-journal-prompts/,daily mindfulness questions,2024-05-01,2024-05-01,Teresa Richards
What positive affirmation will guide me through next year?,https://thevaluedlife.co.uk/mindfulness-journal-prompts/,daily mindfulness questions,2024-05-01,2024-05-01,Teresa Richards
What were the biggest challenges I faced and how did I overcome them?,https://thevaluedlife.co.uk/mindfulness-journal-prompts/,daily mindfulness questions,2024-05-01,2024-05-01,Teresa Richards
What were the major highlights and achievements of this past year?,https://thevaluedlife.co.uk/mindfulness-journal-prompts/,daily mindfulness questions,2024-05-01,2024-05-01,Teresa Richards
What am I most grateful for from this past year?,https://thevaluedlife.co.uk/mindfulness-journal-prompts/,daily mindfulness questions,2024-05-01,2024-05-01,Teresa Richards
What important lessons did I learn this year?,https://thevaluedlife.co.uk/mindfulness-journal-prompts/,daily mindfulness questions,2024-05-01,2024-05-01,Teresa Richards
How did I prioritise self-care and what practices were most beneficial?,https://thevaluedlife.co.uk/mindfulness-journal-prompts/,daily mindfulness questions,2024-05-01,2024-05-01,Teresa Richards
How did my relationships evolve this year?,https://thevaluedlife.co.uk/mindfulness-journal-prompts/,daily mindfulness questions,2024-05-01,2024-05-01,Teresa Richards
What connections were the most meaningful for me?,https://thevaluedlife.co.uk/mindfulness-journal-prompts/,daily mindfulness questions,2024-05-01,2024-05-01,Teresa Richards
Who am I most grateful for this year?,https://thevaluedlife.co.uk/mindfulness-journal-prompts/,daily mindfulness questions,2024-05-01,2024-05-01,Teresa Richards
What positive habits did I develop and which habits do I want to change or improve?,https://thevaluedlife.co.uk/mindfulness-journal-prompts/,daily mindfulness questions,2024-05-01,2024-05-01,Teresa Richards
"How did I honour my mind, body and soul?",https://thevaluedlife.co.uk/mindfulness-journal-prompts/,daily mindfulness questions,2024-05-01,2024-05-01,Teresa Richards
Who were my biggest supporters this year and how can I strengthen those relationships?,https://thevaluedlife.co.uk/mindfulness-journal-prompts/,daily mindfulness questions,2024-05-01,2024-05-01,Teresa Richards
How did I incorporate mindfulness into my daily life?,https://thevaluedlife.co.uk/mindfulness-journal-prompts/,daily mindfulness questions,2024-05-01,2024-05-01,Teresa Richards
What are my current self-care goals and how can I achieve them?,https://thevaluedlife.co.uk/mindfulness-journal-prompts/,daily mindfulness questions,2024-05-01,2024-05-01,Teresa Richards
How do I show compassion to myself when I make mistakes?,https://thevaluedlife.co.uk/mindfulness-journal-prompts/,daily mindfulness questions,2024-05-01,2024-05-01,Teresa Richards
How did I show love to myself?,https://thevaluedlife.co.uk/mindfulness-journal-prompts/,daily mindfulness questions,2024-05-01,2024-05-01,Teresa Richards
What activities make me feel most relaxed and rejuvenated?,https://thevaluedlife.co.uk/mindfulness-journal-prompts/,daily mindfulness questions,2024-05-01,2024-05-01,Teresa Richards
"How do I feel right now, physically and emotionally?",https://thevaluedlife.co.uk/mindfulness-journal-prompts/,daily mindfulness questions,2024-05-01,2024-05-01,Teresa Richards
What does my ideal self-care day look like?,https://thevaluedlife.co.uk/mindfulness-journal-prompts/,daily mindfulness questions,2024-05-01,2024-05-01,Teresa Richards
What is a hobby I enjoy that I haven’t done in a while?,https://thevaluedlife.co.uk/mindfulness-journal-prompts/,daily mindfulness questions,2024-05-01,2024-05-01,Teresa Richards
What boundaries do I need to set to protect my wellbeing?,https://thevaluedlife.co.uk/mindfulness-journal-prompts/,daily mindfulness questions,2024-05-01,2024-05-01,Teresa Richards
How did I live in alignment with my values today?,https://thevaluedlife.co.uk/mindfulness-journal-prompts/,daily mindfulness questions,2024-05-01,2024-05-01,Teresa Richards
What are my top 3 core values and why are they important to me?,https://thevaluedlife.co.uk/mindfulness-journal-prompts/,daily mindfulness questions,2024-05-01,2024-05-01,Teresa Richards
How can I incorporate more self-care into my daily routine?,https://thevaluedlife.co.uk/mindfulness-journal-prompts/,daily mindfulness questions,2024-05-01,2024-05-01,Teresa Richards
What steps can I take to align my life to my values?,https://thevaluedlife.co.uk/mindfulness-journal-prompts/,daily mindfulness questions,2024-05-01,2024-05-01,Teresa Richards
What is one positive thing I did for myself today?,https://thevaluedlife.co.uk/mindfulness-journal-prompts/,daily mindfulness questions,2024-05-01,2024-05-01,Teresa Richards
What decisions did I make today that reflected my values?,https://thevaluedlife.co.uk/mindfulness-journal-prompts/,daily mindfulness questions,2024-05-01,2024-05-01,Teresa Richards
What do I want to focus on more this week and how can I do that?,https://thevaluedlife.co.uk/mindfulness-journal-prompts/,daily mindfulness questions,2024-05-01,2024-05-01,Teresa Richards
How can I incorporate my values into my work or career?,https://thevaluedlife.co.uk/mindfulness-journal-prompts/,daily mindfulness questions,2024-05-01,2024-05-01,Teresa Richards
How do my values shape my definition of success?,https://thevaluedlife.co.uk/mindfulness-journal-prompts/,daily mindfulness questions,2024-05-01,2024-05-01,Teresa Richards
How do my values influence the way I interact with others?,https://thevaluedlife.co.uk/mindfulness-journal-prompts/,daily mindfulness questions,2024-05-01,2024-05-01,Teresa Richards
What areas of my life am I NOT living in alignment with my values?,https://thevaluedlife.co.uk/mindfulness-journal-prompts/,daily mindfulness questions,2024-05-01,2024-05-01,Teresa Richards
What is one value-driven decision have I made recently?,https://thevaluedlife.co.uk/mindfulness-journal-prompts/,daily mindfulness questions,2024-05-01,2024-05-01,Teresa Richards
Who is someone who shares my same values?,https://thevaluedlife.co.uk/mindfulness-journal-prompts/,daily mindfulness questions,2024-05-01,2024-05-01,Teresa Richards
How does my head and face feel right now? Are there any areas of tension or relaxation?,https://thevaluedlife.co.uk/mindfulness-journal-prompts/,daily mindfulness questions,2024-05-01,2024-05-01,Teresa Richards
"What sensations do I notice in my neck and shoulders? Are they tense, relaxed, or somewhere in between?",https://thevaluedlife.co.uk/mindfulness-journal-prompts/,daily mindfulness questions,2024-05-01,2024-05-01,Teresa Richards
How do my arms and hands feel? Are there any areas of tightness or comfort?,https://thevaluedlife.co.uk/mindfulness-journal-prompts/,daily mindfulness questions,2024-05-01,2024-05-01,Teresa Richards
What sensations are present in my chest and upper back? How is my breathing – deep or shallow?,https://thevaluedlife.co.uk/mindfulness-journal-prompts/,daily mindfulness questions,2024-05-01,2024-05-01,Teresa Richards
What sensations do I notice in my hips and pelvis? Are they relaxed or tense?,https://thevaluedlife.co.uk/mindfulness-journal-prompts/,daily mindfulness questions,2024-05-01,2024-05-01,Teresa Richards
"How do my legs and feet feel? Are they heavy, light, tired, or energised?",https://thevaluedlife.co.uk/mindfulness-journal-prompts/,daily mindfulness questions,2024-05-01,2024-05-01,Teresa Richards
How do my stomach and lower back feel? Are there any areas of discomfort or ease?,https://thevaluedlife.co.uk/mindfulness-journal-prompts/,daily mindfulness questions,2024-05-01,2024-05-01,Teresa Richards
"How does my entire body feel as a whole? Is there a general sense of tension, relaxation, or neutrality?",https://thevaluedlife.co.uk/mindfulness-journal-prompts/,daily mindfulness questions,2024-05-01,2024-05-01,Teresa Richards
"When I move, what sensations do I notice? How does my body respond to different movements?",https://thevaluedlife.co.uk/mindfulness-journal-prompts/,daily mindfulness questions,2024-05-01,2024-05-01,Teresa Richards
How does my breathing change as I focus on different parts of my body? Is there a particular area where my breath feels restricted or more free?,https://thevaluedlife.co.uk/mindfulness-journal-prompts/,daily mindfulness questions,2024-05-01,2024-05-01,Teresa Richards
What areas of my body feel the most tense or uncomfortable? Can I identify any specific triggers for these sensations?,https://thevaluedlife.co.uk/mindfulness-journal-prompts/,daily mindfulness questions,2024-05-01,2024-05-01,Teresa Richards
What emotions do I notice as I scan different parts of my body? Are there specific emotions tied to certain physical sensations?,https://thevaluedlife.co.uk/mindfulness-journal-prompts/,daily mindfulness questions,2024-05-01,2024-05-01,Teresa Richards
What areas of my body feel the most comfortable and relaxed?,https://thevaluedlife.co.uk/mindfulness-journal-prompts/,daily mindfulness questions,2024-05-01,2024-05-01,Teresa Richards
How does my energy feel in different parts of my body? Are there areas that feel more energetic or fatigued?,https://thevaluedlife.co.uk/mindfulness-journal-prompts/,daily mindfulness questions,2024-05-01,2024-05-01,Teresa Richards
"How does focusing on my body affect my mental state? Do I feel more calm, anxious, or neutral?",https://thevaluedlife.co.uk/mindfulness-journal-prompts/,daily mindfulness questions,2024-05-01,2024-05-01,Teresa Richards
What are 3 things I appreciate about myself?,https://thevaluedlife.co.uk/mindfulness-journal-prompts/,daily mindfulness questions,2024-05-01,2024-05-01,Teresa Richards
What is one kind thing I can say to myself today?,https://thevaluedlife.co.uk/mindfulness-journal-prompts/,daily mindfulness questions,2024-05-01,2024-05-01,Teresa Richards
What is a mistake I made recently and how can I forgive myself for it?,https://thevaluedlife.co.uk/mindfulness-journal-prompts/,daily mindfulness questions,2024-05-01,2024-05-01,Teresa Richards
What is one self-care activity I can do today to nurture myself?,https://thevaluedlife.co.uk/mindfulness-journal-prompts/,daily mindfulness questions,2024-05-01,2024-05-01,Teresa Richards
What words of encouragement do I need to hear today?,https://thevaluedlife.co.uk/mindfulness-journal-prompts/,daily mindfulness questions,2024-05-01,2024-05-01,Teresa Richards
What aspects of my personality am I grateful for?,https://thevaluedlife.co.uk/mindfulness-journal-prompts/,daily mindfulness questions,2024-05-01,2024-05-01,Teresa Richards
What are my strengths and how have they helped me overcome challenges?,https://thevaluedlife.co.uk/mindfulness-journal-prompts/,daily mindfulness questions,2024-05-01,2024-05-01,Teresa Richards
What is one positive thing that happened today and how did I contribute to it?,https://thevaluedlife.co.uk/mindfulness-journal-prompts/,daily mindfulness questions,2024-05-01,2024-05-01,Teresa Richards
What negative thought have I had about myself and how can I reframe it with a more compassionate perspective?,https://thevaluedlife.co.uk/mindfulness-journal-prompts/,daily mindfulness questions,2024-05-01,2024-05-01,Teresa Richards
When was the last time I showed self-compassion?,https://thevaluedlife.co.uk/mindfulness-journal-prompts/,daily mindfulness questions,2024-05-01,2024-05-01,Teresa Richards
What is something I am struggling to accept right now and what do I need to do to release it?,https://thevaluedlife.co.uk/mindfulness-journal-prompts/,daily mindfulness questions,2024-05-01,2024-05-01,Teresa Richards
How does my body feel right now? Are there areas of tension or relaxation?,https://thevaluedlife.co.uk/mindfulness-journal-prompts/,daily mindfulness questions,2024-05-01,2024-05-01,Teresa Richards
"What do I see, hear, smell, taste, and feel in this moment?",https://thevaluedlife.co.uk/mindfulness-journal-prompts/,daily mindfulness questions,2024-05-01,2024-05-01,Teresa Richards
"How can I connect with nature today, even if it’s just for a few minutes?",https://thevaluedlife.co.uk/mindfulness-journal-prompts/,daily mindfulness questions,2024-05-01,2024-05-01,Teresa Richards
What is one thing I appreciate about this moment?,https://thevaluedlife.co.uk/mindfulness-journal-prompts/,daily mindfulness questions,2024-05-01,2024-05-01,Teresa Richards
"How is my breath right now? Is it shallow or deep, fast or slow?",https://thevaluedlife.co.uk/mindfulness-journal-prompts/,daily mindfulness questions,2024-05-01,2024-05-01,Teresa Richards
Choose an object nearby and describe it in detail. How does it feel in your hands? What is its texture? What do you notice about it?,https://thevaluedlife.co.uk/mindfulness-journal-prompts/,daily mindfulness questions,2024-05-01,2024-05-01,Teresa Richards
What affirmation makes you feel the most grounded?,https://thevaluedlife.co.uk/mindfulness-journal-prompts/,daily mindfulness questions,2024-05-01,2024-05-01,Teresa Richards
What can I focus on right now to bring me to the present moment?,https://thevaluedlife.co.uk/mindfulness-journal-prompts/,daily mindfulness questions,2024-05-01,2024-05-01,Teresa Richards
Who can I reach out to for support if I feel ungrounded or overwhelmed?,https://thevaluedlife.co.uk/mindfulness-journal-prompts/,daily mindfulness questions,2024-05-01,2024-05-01,Teresa Richards
"Write down what you want to attract into your life? Imagine a future 3 years from now. Make it as real as possible, describe how it would look, how it may sound, how it may even taste if that’s appropriate.",https://www.sevensundaysyoga.com/mindset/6-powerful-journal-prompts-to-keep-you-present?srsltid=AfmBOoqnChTObJPVK7VWkyS2vCjd7ir7jZZZYtCiGpU_E6WrDc7BdzD-,journal prompts for presence and awareness,n/a,n/a,helena.n
"What do I need to let go of so that I can feel grounded, safe and supported?",https://thevaluedlife.co.uk/mindfulness-journal-prompts/,daily mindfulness questions,2024-05-01,2024-05-01,Teresa Richards
"List 3 things that you are grateful for in your family life, your career and yourself.",https://www.sevensundaysyoga.com/mindset/6-powerful-journal-prompts-to-keep-you-present?srsltid=AfmBOoqnChTObJPVK7VWkyS2vCjd7ir7jZZZYtCiGpU_E6WrDc7BdzD-,journal prompts for presence and awareness,n/a,n/a,helena.n
Write down 'I forgive [person’s name]. And I ask that you forgive me.',https://www.sevensundaysyoga.com/mindset/6-powerful-journal-prompts-to-keep-you-present?srsltid=AfmBOoqnChTObJPVK7VWkyS2vCjd7ir7jZZZYtCiGpU_E6WrDc7BdzD-,journal prompts for presence and awareness,n/a,n/a,helena.n
Write down what kind of person do you want to be when you’re connecting with others.,https://www.sevensundaysyoga.com/mindset/6-powerful-journal-prompts-to-keep-you-present?srsltid=AfmBOoqnChTObJPVK7VWkyS2vCjd7ir7jZZZYtCiGpU_E6WrDc7BdzD-,journal prompts for presence and awareness,n/a,n/a,helena.n
Pen your thanks to a powerful energy that gives you your strength and energy to tackle each day.,https://www.sevensundaysyoga.com/mindset/6-powerful-journal-prompts-to-keep-you-present?srsltid=AfmBOoqnChTObJPVK7VWkyS2vCjd7ir7jZZZYtCiGpU_E6WrDc7BdzD-,journal prompts for presence and awareness,n/a,n/a,helena.n
Think of the people that you love and your favorite qualities about them. How are you a similar light to/for others?,https://www.exploring-self.com/blog/10-introspective-journal-prompts-deep-inner-reflection,journal prompts for presence and awareness,n/a,n/a,Isabelle
Write down the minutiae of your perfect day. Describe waking up to sunbeams peeking through the drapes or strolling down the beach to your favourite cafe.,https://www.sevensundaysyoga.com/mindset/6-powerful-journal-prompts-to-keep-you-present?srsltid=AfmBOoqnChTObJPVK7VWkyS2vCjd7ir7jZZZYtCiGpU_E6WrDc7BdzD-,journal prompts for presence and awareness,n/a,n/a,helena.n
What is currently bringing you joy? How can you experience more of this thing?,https://www.exploring-self.com/blog/10-introspective-journal-prompts-deep-inner-reflection,journal prompts for presence and awareness,n/a,n/a,Isabelle
What does it mean to live authentically? What are the most authentic parts of your current life?,https://www.exploring-self.com/blog/10-introspective-journal-prompts-deep-inner-reflection,journal prompts for presence and awareness,n/a,n/a,Isabelle
How do you hope someone would describe you? Why?,https://www.exploring-self.com/blog/10-introspective-journal-prompts-deep-inner-reflection,journal prompts for presence and awareness,n/a,n/a,Isabelle
"If you had to introduce yourself in one sentence, what would you say?",https://www.exploring-self.com/blog/10-introspective-journal-prompts-deep-inner-reflection,journal prompts for presence and awareness,n/a,n/a,Isabelle
Is there anyone that you need to let go of? What’s stopping you from letting go?,https://www.exploring-self.com/blog/10-introspective-journal-prompts-deep-inner-reflection,journal prompts for presence and awareness,n/a,n/a,Isabelle
What are 3 of your pet peeves? Do they say anything about you as a person?,https://www.exploring-self.com/blog/10-introspective-journal-prompts-deep-inner-reflection,journal prompts for presence and awareness,n/a,n/a,Isabelle
"If you could ask your future self anything, what would it be? Do you think they’d have a good answer?",https://www.exploring-self.com/blog/10-introspective-journal-prompts-deep-inner-reflection,journal prompts for presence and awareness,n/a,n/a,Isabelle
"What was I like when I was young, when I was “myself?” What qualities do I miss about her?",https://www.sparrowsnestcounseling.com/blog/journal-prompts-for-self-discovery,journal prompts for presence and awareness,n/a,n/a,Jennie Sheffe
What did I want to be when I grew up? What did I think life as a grown up would be like?,https://www.sparrowsnestcounseling.com/blog/journal-prompts-for-self-discovery,journal prompts for presence and awareness,n/a,n/a,Jennie Sheffe
What baggage have I picked up since I was little?,https://www.sparrowsnestcounseling.com/blog/journal-prompts-for-self-discovery,journal prompts for presence and awareness,n/a,n/a,Jennie Sheffe
What unspoken family rules did I grow up with? Which ones do I want to continue? Which ones do I want to discard?,https://www.sparrowsnestcounseling.com/blog/journal-prompts-for-self-discovery,journal prompts for presence and awareness,n/a,n/a,Jennie Sheffe
How have I matured?,https://www.sparrowsnestcounseling.com/blog/journal-prompts-for-self-discovery,journal prompts for presence and awareness,n/a,n/a,Jennie Sheffe
What do I value?,https://www.sparrowsnestcounseling.com/blog/journal-prompts-for-self-discovery,journal prompts for presence and awareness,n/a,n/a,Jennie Sheffe
What energizes me?,https://www.sparrowsnestcounseling.com/blog/journal-prompts-for-self-discovery,journal prompts for presence and awareness,n/a,n/a,Jennie Sheffe
What are you currently learning? What are you currently _un_-learning?,https://www.exploring-self.com/blog/10-introspective-journal-prompts-deep-inner-reflection,journal prompts for presence and awareness,n/a,n/a,Isabelle
What makes me laugh?,https://www.sparrowsnestcounseling.com/blog/journal-prompts-for-self-discovery,journal prompts for presence and awareness,n/a,n/a,Jennie Sheffe
Do you use your skills and talents to help others?,https://www.exploring-self.com/blog/10-introspective-journal-prompts-deep-inner-reflection,journal prompts for presence and awareness,n/a,n/a,Isabelle
What makes me cry?,https://www.sparrowsnestcounseling.com/blog/journal-prompts-for-self-discovery,journal prompts for presence and awareness,n/a,n/a,Jennie Sheffe
What are my strengths?,https://www.sparrowsnestcounseling.com/blog/journal-prompts-for-self-discovery,journal prompts for presence and awareness,n/a,n/a,Jennie Sheffe
What makes me feel afraid?,https://www.sparrowsnestcounseling.com/blog/journal-prompts-for-self-discovery,journal prompts for presence and awareness,n/a,n/a,Jennie Sheffe
"What feeds my soul, makes me feel alive?",https://www.sparrowsnestcounseling.com/blog/journal-prompts-for-self-discovery,journal prompts for presence and awareness,n/a,n/a,Jennie Sheffe
What drains me of energy?,https://www.sparrowsnestcounseling.com/blog/journal-prompts-for-self-discovery,journal prompts for presence and awareness,n/a,n/a,Jennie Sheffe
What kinds of people to I love to be around? Why? What qualities do they have in common?,https://www.sparrowsnestcounseling.com/blog/journal-prompts-for-self-discovery,journal prompts for presence and awareness,n/a,n/a,Jennie Sheffe
What kinds of people bug me? Why? What qualities do they have in common?,https://www.sparrowsnestcounseling.com/blog/journal-prompts-for-self-discovery,journal prompts for presence and awareness,n/a,n/a,Jennie Sheffe
What social causes really tug at my heart? Why? What is it about those causes that really get me?,https://www.sparrowsnestcounseling.com/blog/journal-prompts-for-self-discovery,journal prompts for presence and awareness,n/a,n/a,Jennie Sheffe
"Who do I find myself wanting to stick up for, to root for? Why?",https://www.sparrowsnestcounseling.com/blog/journal-prompts-for-self-discovery,journal prompts for presence and awareness,n/a,n/a,Jennie Sheffe
What do I value in a friend? In a spouse?,https://www.sparrowsnestcounseling.com/blog/journal-prompts-for-self-discovery,journal prompts for presence and awareness,n/a,n/a,Jennie Sheffe
What do I want my relationships to be like?,https://www.sparrowsnestcounseling.com/blog/journal-prompts-for-self-discovery,journal prompts for presence and awareness,n/a,n/a,Jennie Sheffe
What lessons have I learned from hard times or mistakes? What mistakes do I want to avoid repeating?,https://www.sparrowsnestcounseling.com/blog/journal-prompts-for-self-discovery,journal prompts for presence and awareness,n/a,n/a,Jennie Sheffe
What are my goals in life? Where do I see myself in 5 years? 10 years?,https://www.sparrowsnestcounseling.com/blog/journal-prompts-for-self-discovery,journal prompts for presence and awareness,n/a,n/a,Jennie Sheffe
"What are my dreams? If I could do anything, what would it be? (Don’t be realistic, let yourself pretend that actual barriers like money, time, skill, knowledge, etc. are not in the way.)",https://www.sparrowsnestcounseling.com/blog/journal-prompts-for-self-discovery,journal prompts for presence and awareness,n/a,n/a,Jennie Sheffe
What makes me feel excited to get up in the morning?,https://medium.com/bouncin-and-behavin-blogs/20-journal-prompts-for-deep-thinking-and-reflection-503fd5630157,journal prompts for presence and awareness,2022-12-05,n/a,SM
"If I had all the money and time in the world, what would I be doing?",https://medium.com/bouncin-and-behavin-blogs/20-journal-prompts-for-deep-thinking-and-reflection-503fd5630157,journal prompts for presence and awareness,2022-12-05,n/a,SM
What am I afraid of?,https://medium.com/bouncin-and-behavin-blogs/20-journal-prompts-for-deep-thinking-and-reflection-503fd5630157,journal prompts for presence and awareness,2022-12-05,n/a,SM
What do I need to let go of from the past?,https://medium.com/bouncin-and-behavin-blogs/20-journal-prompts-for-deep-thinking-and-reflection-503fd5630157,journal prompts for presence and awareness,2022-12-05,n/a,SM
Do I love myself? What do I need to do to unconditionally love myself?,https://medium.com/bouncin-and-behavin-blogs/20-journal-prompts-for-deep-thinking-and-reflection-503fd5630157,journal prompts for presence and awareness,2022-12-05,n/a,SM
What do I need to stop doing and start doing?,https://medium.com/bouncin-and-behavin-blogs/20-journal-prompts-for-deep-thinking-and-reflection-503fd5630157,journal prompts for presence and awareness,2022-12-05,n/a,SM
What does “success” mean to me?,https://medium.com/bouncin-and-behavin-blogs/20-journal-prompts-for-deep-thinking-and-reflection-503fd5630157,journal prompts for presence and awareness,2022-12-05,n/a,SM
"What do I really want in life? Not what my family, friends, or society think I should want… what do I want?",https://medium.com/bouncin-and-behavin-blogs/20-journal-prompts-for-deep-thinking-and-reflection-503fd5630157,journal prompts for presence and awareness,2022-12-05,n/a,SM
What do I have now that I dreamed of having years ago?,https://medium.com/bouncin-and-behavin-blogs/20-journal-prompts-for-deep-thinking-and-reflection-503fd5630157,journal prompts for presence and awareness,2022-12-05,n/a,SM
What are my top three strengths? What are three things I can improve on?,https://medium.com/bouncin-and-behavin-blogs/20-journal-prompts-for-deep-thinking-and-reflection-503fd5630157,journal prompts for presence and awareness,2022-12-05,n/a,SM
Am I holding onto something that is hurting me more than helping?,https://medium.com/bouncin-and-behavin-blogs/20-journal-prompts-for-deep-thinking-and-reflection-503fd5630157,journal prompts for presence and awareness,2022-12-05,n/a,SM
I am proud of myself for ___.,https://medium.com/bouncin-and-behavin-blogs/20-journal-prompts-for-deep-thinking-and-reflection-503fd5630157,journal prompts for presence and awareness,2022-12-05,n/a,SM
"When someone gives me a compliment, do I say “thank you” or refuse it? If I refuse it, where did I learn that from?",https://medium.com/bouncin-and-behavin-blogs/20-journal-prompts-for-deep-thinking-and-reflection-503fd5630157,journal prompts for presence and awareness,2022-12-05,n/a,SM
"If someone tries to give me money or buy me a meal, do I accept or refuse? If I have trouble accepting money, where did that come from?",https://medium.com/bouncin-and-behavin-blogs/20-journal-prompts-for-deep-thinking-and-reflection-503fd5630157,journal prompts for presence and awareness,2022-12-05,n/a,SM
What do I believe to be true about myself? Is it hurting or helping me?,https://medium.com/bouncin-and-behavin-blogs/20-journal-prompts-for-deep-thinking-and-reflection-503fd5630157,journal prompts for presence and awareness,2022-12-05,n/a,SM
A cluttered or messy environment can represent a cluttered mind. What is one thing I can do right now to make my environment cleaner/more organized?,https://medium.com/bouncin-and-behavin-blogs/20-journal-prompts-for-deep-thinking-and-reflection-503fd5630157,journal prompts for presence and awareness,2022-12-05,n/a,SM
"Do I believe I am beautiful and worthy of love? If not, where did I learn that from?",https://medium.com/bouncin-and-behavin-blogs/20-journal-prompts-for-deep-thinking-and-reflection-503fd5630157,journal prompts for presence and awareness,2022-12-05,n/a,SM
What is one thing I can do today to get closer to my goal?,https://medium.com/bouncin-and-behavin-blogs/20-journal-prompts-for-deep-thinking-and-reflection-503fd5630157,journal prompts for presence and awareness,2022-12-05,n/a,SM
"Close your eyes and travel back in time to a memory you’ve forgotten, a moment when you felt a simple joy. What can you thank your past self for in that moment?",https://positivepsychology.com/journaling-prompts/,journal prompts for presence and awareness,2023-11-30,2025-03-24,"Laura Copley, Ph.D."
Who or what is stopping me from doing what I want to do? Do I need them in my life? How can I change my environment or my mindset to move past them and their influence?,https://medium.com/bouncin-and-behavin-blogs/20-journal-prompts-for-deep-thinking-and-reflection-503fd5630157,journal prompts for presence and awareness,2022-12-05,n/a,SM
What do I want my life to look like in five or ten years?,https://medium.com/bouncin-and-behavin-blogs/20-journal-prompts-for-deep-thinking-and-reflection-503fd5630157,journal prompts for presence and awareness,2022-12-05,n/a,SM
"Start from the tips of your toes and move upward, pausing to express gratitude for each part of your body. Instead of focusing only on function, appreciate the stories and experiences each part holds.",https://positivepsychology.com/journaling-prompts/,journal prompts for presence and awareness,2023-11-30,2025-03-24,"Laura Copley, Ph.D."
"Reflect on a recent challenge or setback. Instead of focusing on the negative, find one aspect to be thankful for. Did it bring a hidden blessing? Teach you resilience? Help you discover an inner strength?",https://positivepsychology.com/journaling-prompts/,journal prompts for presence and awareness,2023-11-30,2025-03-24,"Laura Copley, Ph.D."
Did I have any knee-jerk reactions to my partner/friends/colleagues today?,https://www.namchak.org/community/blog/journal-prompts-for-introspection-and-self-awareness/,journal prompts for presence and awareness,2023-01-01,2023-01-01,Namchak
"If I had it to do over again, how would I do it differently?",https://www.namchak.org/community/blog/journal-prompts-for-introspection-and-self-awareness/,journal prompts for presence and awareness,2023-01-01,2023-01-01,Namchak
"Spend a moment outdoors, feeling the air, listening to the sounds, and observing the life around you. Express gratitude for the intricate web of life and your unique place within it. How does nature reflect the love and abundance you hold within?",https://positivepsychology.com/journaling-prompts/,journal prompts for presence and awareness,2023-11-30,2025-03-24,"Laura Copley, Ph.D."
"Stand in front of a mirror, look into your eyes, and list five things out loud you love about your personality. It’s a direct and powerful reaffirmation of self-worth.",https://positivepsychology.com/journaling-prompts/,journal prompts for presence and awareness,2023-11-30,2025-03-24,"Laura Copley, Ph.D."
How can I create meaningful connections with those around me? List three specific things.,https://www.namchak.org/community/blog/journal-prompts-for-introspection-and-self-awareness/,journal prompts for presence and awareness,2023-01-01,2023-01-01,Namchak
Are there any uncomfortable conversations I am avoiding?,https://www.namchak.org/community/blog/journal-prompts-for-introspection-and-self-awareness/,journal prompts for presence and awareness,2023-01-01,2023-01-01,Namchak
What is my purpose for meditating right now?,https://www.namchak.org/community/blog/journal-prompts-for-introspection-and-self-awareness/,journal prompts for presence and awareness,2023-01-01,2023-01-01,Namchak
How can I set myself up to have this conversation?,https://www.namchak.org/community/blog/journal-prompts-for-introspection-and-self-awareness/,journal prompts for presence and awareness,2023-01-01,2023-01-01,Namchak
"How did I feel (physically, mentally, and emotionally) before this practice? After this practice?",https://www.namchak.org/community/blog/journal-prompts-for-introspection-and-self-awareness/,journal prompts for presence and awareness,2023-01-01,2023-01-01,Namchak
"Was I able to allow my thoughts to pass, or not? Either way, how did that feel?",https://www.namchak.org/community/blog/journal-prompts-for-introspection-and-self-awareness/,journal prompts for presence and awareness,2023-01-01,2023-01-01,Namchak
What is/are my ultimate long-term intention(s) for practicing meditation?,https://www.namchak.org/community/blog/journal-prompts-for-introspection-and-self-awareness/,journal prompts for presence and awareness,2023-01-01,2023-01-01,Namchak
What am I grateful for today?,https://www.namchak.org/community/blog/journal-prompts-for-introspection-and-self-awareness/,journal prompts for presence and awareness,2023-01-01,2023-01-01,Namchak
What are three things I can complete tomorrow?,https://www.namchak.org/community/blog/journal-prompts-for-introspection-and-self-awareness/,journal prompts for presence and awareness,2023-01-01,2023-01-01,Namchak
When am I likely to avoid mindful living and what are some indicators that I am no longer mentally/emotionally/spiritually present in a moment?,https://www.namchak.org/community/blog/journal-prompts-for-introspection-and-self-awareness/,journal prompts for presence and awareness,2023-01-01,2023-01-01,Namchak
How can I set myself up to have a sustainable meditation practice?,https://www.namchak.org/community/blog/journal-prompts-for-introspection-and-self-awareness/,journal prompts for presence and awareness,2023-01-01,2023-01-01,Namchak
What is a word or a phrase that I want to focus on today?,https://www.namchak.org/community/blog/journal-prompts-for-introspection-and-self-awareness/,journal prompts for presence and awareness,2023-01-01,2023-01-01,Namchak
"Think about a moment today when I felt relaxed and joyful. Visualize where I was and take a moment to draw or describe that setting with words. Most importantly, SAVOR it.",https://www.namchak.org/community/blog/journal-prompts-for-introspection-and-self-awareness/,journal prompts for presence and awareness,2023-01-01,2023-01-01,Namchak
How can I take care of myself today?,https://www.namchak.org/community/blog/journal-prompts-for-introspection-and-self-awareness/,journal prompts for presence and awareness,2023-01-01,2023-01-01,Namchak
What is most important to me today?,https://www.namchak.org/community/blog/journal-prompts-for-introspection-and-self-awareness/,journal prompts for presence and awareness,2023-01-01,2023-01-01,Namchak
"What is one thing I can see, hear, and feel right now that I’m grateful for?",https://sunshineclub.in/blogs/self-care-studio/30-daily-journal-prompts-for-cultivating-mindfulness-and-presence?srsltid=AfmBOoqyzHeWnI50xl4NCBDQgtSoWcz9End9jm5ETJ8Ou1kYXyfVIvMf,journal prompts for presence and awareness,2024-10-14,2024-10-14,Sunshine Club
How does my body feel today? What areas feel tense or relaxed?,https://sunshineclub.in/blogs/self-care-studio/30-daily-journal-prompts-for-cultivating-mindfulness-and-presence?srsltid=AfmBOoqyzHeWnI50xl4NCBDQgtSoWcz9End9jm5ETJ8Ou1kYXyfVIvMf,journal prompts for presence and awareness,2024-10-14,2024-10-14,Sunshine Club
What is one thing I often overlook that brings me joy?,https://sunshineclub.in/blogs/self-care-studio/30-daily-journal-prompts-for-cultivating-mindfulness-and-presence?srsltid=AfmBOoqyzHeWnI50xl4NCBDQgtSoWcz9End9jm5ETJ8Ou1kYXyfVIvMf,journal prompts for presence and awareness,2024-10-14,2024-10-14,Sunshine Club
Describe a recent moment when I felt truly present. What made it special?,https://sunshineclub.in/blogs/self-care-studio/30-daily-journal-prompts-for-cultivating-mindfulness-and-presence?srsltid=AfmBOoqyzHeWnI50xl4NCBDQgtSoWcz9End9jm5ETJ8Ou1kYXyfVIvMf,journal prompts for presence and awareness,2024-10-14,2024-10-14,Sunshine Club
Write about the last time I felt the warmth of the sun or a cool breeze on my skin.,https://sunshineclub.in/blogs/self-care-studio/30-daily-journal-prompts-for-cultivating-mindfulness-and-presence?srsltid=AfmBOoqyzHeWnI50xl4NCBDQgtSoWcz9End9jm5ETJ8Ou1kYXyfVIvMf,journal prompts for presence and awareness,2024-10-14,2024-10-14,Sunshine Club
"How can I slow down today, even if just for a few minutes?",https://sunshineclub.in/blogs/self-care-studio/30-daily-journal-prompts-for-cultivating-mindfulness-and-presence?srsltid=AfmBOoqyzHeWnI50xl4NCBDQgtSoWcz9End9jm5ETJ8Ou1kYXyfVIvMf,journal prompts for presence and awareness,2024-10-14,2024-10-14,Sunshine Club
What thoughts or feelings am I carrying with me right now?,https://sunshineclub.in/blogs/self-care-studio/30-daily-journal-prompts-for-cultivating-mindfulness-and-presence?srsltid=AfmBOoqyzHeWnI50xl4NCBDQgtSoWcz9End9jm5ETJ8Ou1kYXyfVIvMf,journal prompts for presence and awareness,2024-10-14,2024-10-14,Sunshine Club
"What is something I am looking forward to today, and why?",https://sunshineclub.in/blogs/self-care-studio/30-daily-journal-prompts-for-cultivating-mindfulness-and-presence?srsltid=AfmBOoqyzHeWnI50xl4NCBDQgtSoWcz9End9jm5ETJ8Ou1kYXyfVIvMf,journal prompts for presence and awareness,2024-10-14,2024-10-14,Sunshine Club
Describe an ordinary object near me in great detail.,https://sunshineclub.in/blogs/self-care-studio/30-daily-journal-prompts-for-cultivating-mindfulness-and-presence?srsltid=AfmBOoqyzHeWnI50xl4NCBDQgtSoWcz9End9jm5ETJ8Ou1kYXyfVIvMf,journal prompts for presence and awareness,2024-10-14,2024-10-14,Sunshine Club
What sounds can I hear around me right now?,https://sunshineclub.in/blogs/self-care-studio/30-daily-journal-prompts-for-cultivating-mindfulness-and-presence?srsltid=AfmBOoqyzHeWnI50xl4NCBDQgtSoWcz9End9jm5ETJ8Ou1kYXyfVIvMf,journal prompts for presence and awareness,2024-10-14,2024-10-14,Sunshine Club
Write about a recent meal I truly savored. What did it taste like?,https://sunshineclub.in/blogs/self-care-studio/30-daily-journal-prompts-for-cultivating-mindfulness-and-presence?srsltid=AfmBOoqyzHeWnI50xl4NCBDQgtSoWcz9End9jm5ETJ8Ou1kYXyfVIvMf,journal prompts for presence and awareness,2024-10-14,2024-10-14,Sunshine Club
What is a small act of kindness I can do for myself today?,https://sunshineclub.in/blogs/self-care-studio/30-daily-journal-prompts-for-cultivating-mindfulness-and-presence?srsltid=AfmBOoqyzHeWnI50xl4NCBDQgtSoWcz9End9jm5ETJ8Ou1kYXyfVIvMf,journal prompts for presence and awareness,2024-10-14,2024-10-14,Sunshine Club
How do I feel when I take a deep breath?,https://sunshineclub.in/blogs/self-care-studio/30-daily-journal-prompts-for-cultivating-mindfulness-and-presence?srsltid=AfmBOoqyzHeWnI50xl4NCBDQgtSoWcz9End9jm5ETJ8Ou1kYXyfVIvMf,journal prompts for presence and awareness,2024-10-14,2024-10-14,Sunshine Club
"How do I want to feel today, and what can I do to support that feeling?",https://sunshineclub.in/blogs/self-care-studio/30-daily-journal-prompts-for-cultivating-mindfulness-and-presence?srsltid=AfmBOoqyzHeWnI50xl4NCBDQgtSoWcz9End9jm5ETJ8Ou1kYXyfVIvMf,journal prompts for presence and awareness,2024-10-14,2024-10-14,Sunshine Club
What am I resisting or avoiding feeling right now?,https://sunshineclub.in/blogs/self-care-studio/30-daily-journal-prompts-for-cultivating-mindfulness-and-presence?srsltid=AfmBOoqyzHeWnI50xl4NCBDQgtSoWcz9End9jm5ETJ8Ou1kYXyfVIvMf,journal prompts for presence and awareness,2024-10-14,2024-10-14,Sunshine Club
What is one thing I appreciate about myself today?,https://sunshineclub.in/blogs/self-care-studio/30-daily-journal-prompts-for-cultivating-mindfulness-and-presence?srsltid=AfmBOoqyzHeWnI50xl4NCBDQgtSoWcz9End9jm5ETJ8Ou1kYXyfVIvMf,journal prompts for presence and awareness,2024-10-14,2024-10-14,Sunshine Club
Describe the sky as it appears right now.,https://sunshineclub.in/blogs/self-care-studio/30-daily-journal-prompts-for-cultivating-mindfulness-and-presence?srsltid=AfmBOoqyzHeWnI50xl4NCBDQgtSoWcz9End9jm5ETJ8Ou1kYXyfVIvMf,journal prompts for presence and awareness,2024-10-14,2024-10-14,Sunshine Club
How did I show up for myself today?,https://sunshineclub.in/blogs/self-care-studio/30-daily-journal-prompts-for-cultivating-mindfulness-and-presence?srsltid=AfmBOoqyzHeWnI50xl4NCBDQgtSoWcz9End9jm5ETJ8Ou1kYXyfVIvMf,journal prompts for presence and awareness,2024-10-14,2024-10-14,Sunshine Club
What is a comforting memory that makes me feel calm?,https://sunshineclub.in/blogs/self-care-studio/30-daily-journal-prompts-for-cultivating-mindfulness-and-presence?srsltid=AfmBOoqyzHeWnI50xl4NCBDQgtSoWcz9End9jm5ETJ8Ou1kYXyfVIvMf,journal prompts for presence and awareness,2024-10-14,2024-10-14,Sunshine Club
What can I learn from the way a child approaches life?,https://sunshineclub.in/blogs/self-care-studio/30-daily-journal-prompts-for-cultivating-mindfulness-and-presence?srsltid=AfmBOoqyzHeWnI50xl4NCBDQgtSoWcz9End9jm5ETJ8Ou1kYXyfVIvMf,journal prompts for presence and awareness,2024-10-14,2024-10-14,Sunshine Club
"What is one thing I appreciate about this moment, right here, right now?",https://sunshineclub.in/blogs/self-care-studio/30-daily-journal-prompts-for-cultivating-mindfulness-and-presence?srsltid=AfmBOoqyzHeWnI50xl4NCBDQgtSoWcz9End9jm5ETJ8Ou1kYXyfVIvMf,journal prompts for presence and awareness,2024-10-14,2024-10-14,Sunshine Club
What is one thing I can let go of today?,https://sunshineclub.in/blogs/self-care-studio/30-daily-journal-prompts-for-cultivating-mindfulness-and-presence?srsltid=AfmBOoqyzHeWnI50xl4NCBDQgtSoWcz9End9jm5ETJ8Ou1kYXyfVIvMf,journal prompts for presence and awareness,2024-10-14,2024-10-14,Sunshine Club
Write about a time when I felt deeply connected to nature.,https://sunshineclub.in/blogs/self-care-studio/30-daily-journal-prompts-for-cultivating-mindfulness-and-presence?srsltid=AfmBOoqyzHeWnI50xl4NCBDQgtSoWcz9End9jm5ETJ8Ou1kYXyfVIvMf,journal prompts for presence and awareness,2024-10-14,2024-10-14,Sunshine Club
How do my feet feel against the ground beneath me?,https://sunshineclub.in/blogs/self-care-studio/30-daily-journal-prompts-for-cultivating-mindfulness-and-presence?srsltid=AfmBOoqyzHeWnI50xl4NCBDQgtSoWcz9End9jm5ETJ8Ou1kYXyfVIvMf,journal prompts for presence and awareness,2024-10-14,2024-10-14,Sunshine Club
What is something beautiful I noticed today?,https://sunshineclub.in/blogs/self-care-studio/30-daily-journal-prompts-for-cultivating-mindfulness-and-presence?srsltid=AfmBOoqyzHeWnI50xl4NCBDQgtSoWcz9End9jm5ETJ8Ou1kYXyfVIvMf,journal prompts for presence and awareness,2024-10-14,2024-10-14,Sunshine Club
What would my ideal mindful morning look like?,https://sunshineclub.in/blogs/self-care-studio/30-daily-journal-prompts-for-cultivating-mindfulness-and-presence?srsltid=AfmBOoqyzHeWnI50xl4NCBDQgtSoWcz9End9jm5ETJ8Ou1kYXyfVIvMf,journal prompts for presence and awareness,2024-10-14,2024-10-14,Sunshine Club
What am I grateful for about my body today?,https://sunshineclub.in/blogs/self-care-studio/30-daily-journal-prompts-for-cultivating-mindfulness-and-presence?srsltid=AfmBOoqyzHeWnI50xl4NCBDQgtSoWcz9End9jm5ETJ8Ou1kYXyfVIvMf,journal prompts for presence and awareness,2024-10-14,2024-10-14,Sunshine Club
What does it feel like to be truly present with someone I care about?,https://sunshineclub.in/blogs/self-care-studio/30-daily-journal-prompts-for-cultivating-mindfulness-and-presence?srsltid=AfmBOoqyzHeWnI50xl4NCBDQgtSoWcz9End9jm5ETJ8Ou1kYXyfVIvMf,journal prompts for presence and awareness,2024-10-14,2024-10-14,Sunshine Club
Write about a time when I felt overwhelmed and how I found my way back to calm.,https://sunshineclub.in/blogs/self-care-studio/30-daily-journal-prompts-for-cultivating-mindfulness-and-presence?srsltid=AfmBOoqyzHeWnI50xl4NCBDQgtSoWcz9End9jm5ETJ8Ou1kYXyfVIvMf,journal prompts for presence and awareness,2024-10-14,2024-10-14,Sunshine Club
How can I bring a sense of mindfulness into my evening routine tonight?,https://sunshineclub.in/blogs/self-care-studio/30-daily-journal-prompts-for-cultivating-mindfulness-and-presence?srsltid=AfmBOoqyzHeWnI50xl4NCBDQgtSoWcz9End9jm5ETJ8Ou1kYXyfVIvMf,journal prompts for presence and awareness,2024-10-14,2024-10-14,Sunshine Club
My body feels nourished when…,https://everglownutrition.com/10-journal-prompts-to-enhance-your-mind-body-connection/,journal prompts for presence and awareness,2020-10-01,2022-06-01,Everglow Nutrition
My mind feels nourished when…,https://everglownutrition.com/10-journal-prompts-to-enhance-your-mind-body-connection/,journal prompts for presence and awareness,2020-10-01,2022-06-01,Everglow Nutrition
Practices that nourish my mind and body include…,https://everglownutrition.com/10-journal-prompts-to-enhance-your-mind-body-connection/,journal prompts for presence and awareness,2020-10-01,2022-06-01,Everglow Nutrition
In this moment I feel…,https://everglownutrition.com/10-journal-prompts-to-enhance-your-mind-body-connection/,journal prompts for presence and awareness,2020-10-01,2022-06-01,Everglow Nutrition
Reflect on a time you felt a sense of deep connection in your body. What made this so?,https://everglownutrition.com/10-journal-prompts-to-enhance-your-mind-body-connection/,journal prompts for presence and awareness,2020-10-01,2022-06-01,Everglow Nutrition
What is this feeling here to teach me?,https://everglownutrition.com/10-journal-prompts-to-enhance-your-mind-body-connection/,journal prompts for presence and awareness,2020-10-01,2022-06-01,Everglow Nutrition
How can I feel more at peace in this moment?,https://everglownutrition.com/10-journal-prompts-to-enhance-your-mind-body-connection/,journal prompts for presence and awareness,2020-10-01,2022-06-01,Everglow Nutrition
"If my body could write me a message, what would it say?",https://everglownutrition.com/10-journal-prompts-to-enhance-your-mind-body-connection/,journal prompts for presence and awareness,2020-10-01,2022-06-01,Everglow Nutrition
Imagine you’ve mastered the mind-body connection – how would your life look different than it does now?,https://everglownutrition.com/10-journal-prompts-to-enhance-your-mind-body-connection/,journal prompts for presence and awareness,2020-10-01,2022-06-01,Everglow Nutrition
What’s the furthest thing I hear?,https://edcmontana.org/wonder-walk-and-journal-prompts-for-being-present/,journal prompts for presence and awareness,2024-09-05,2024-06-18,Aimée Johnson
What am I not hearing?,https://edcmontana.org/wonder-walk-and-journal-prompts-for-being-present/,journal prompts for presence and awareness,2024-09-05,2024-06-18,Aimée Johnson
What do I see around me?,https://edcmontana.org/wonder-walk-and-journal-prompts-for-being-present/,journal prompts for presence and awareness,2024-09-05,2024-06-18,Aimée Johnson
What do I see at ground level?,https://edcmontana.org/wonder-walk-and-journal-prompts-for-being-present/,journal prompts for presence and awareness,2024-09-05,2024-06-18,Aimée Johnson
What do I notice in front of me? Behind me?,https://edcmontana.org/wonder-walk-and-journal-prompts-for-being-present/,journal prompts for presence and awareness,2024-09-05,2024-06-18,Aimée Johnson
What do I smell strongly?,https://edcmontana.org/wonder-walk-and-journal-prompts-for-being-present/,journal prompts for presence and awareness,2024-09-05,2024-06-18,Aimée Johnson
What did it feel like to move through nature with presence?,https://edcmontana.org/wonder-walk-and-journal-prompts-for-being-present/,journal prompts for presence and awareness,2024-09-05,2024-06-18,Aimée Johnson
How are all of my senses combining to bring me fully into this moment?,https://edcmontana.org/wonder-walk-and-journal-prompts-for-being-present/,journal prompts for presence and awareness,2024-09-05,2024-06-18,Aimée Johnson
What does it feel like in your body when you feel safe in a space- when you feel fully present and at ease?,https://edcmontana.org/wonder-walk-and-journal-prompts-for-being-present/,journal prompts for presence and awareness,2024-09-05,2024-06-18,Aimée Johnson
When do you feel most at home in your body?,https://edcmontana.org/wonder-walk-and-journal-prompts-for-being-present/,journal prompts for presence and awareness,2024-09-05,2024-06-18,Aimée Johnson
What might it mean to belong to a place?,https://edcmontana.org/wonder-walk-and-journal-prompts-for-being-present/,journal prompts for presence and awareness,2024-09-05,2024-06-18,Aimée Johnson
What landscapes help you to feel at home in your body?,https://edcmontana.org/wonder-walk-and-journal-prompts-for-being-present/,journal prompts for presence and awareness,2024-09-05,2024-06-18,Aimée Johnson
What does it mean to you to inhabit your body in a landscape?,https://edcmontana.org/wonder-walk-and-journal-prompts-for-being-present/,journal prompts for presence and awareness,2024-09-05,2024-06-18,Aimée Johnson
How are you feeling in this moment? Describe all that you are experiencing within yourself.,https://blog.gratefulness.me/self-care-journal-prompts/,journal prompts for presence and awareness,2023-04-01,2023-04-01,Aarushi Tewari
What do you need in your life right now?,https://blog.gratefulness.me/self-care-journal-prompts/,journal prompts for presence and awareness,2023-04-01,2023-04-01,Aarushi Tewari
"What is something that you're grateful for today, and why?",https://blog.gratefulness.me/self-care-journal-prompts/,journal prompts for presence and awareness,2023-04-01,2023-04-01,Aarushi Tewari
Write about a song that always comforts you. What do you like about it?,https://blog.gratefulness.me/self-care-journal-prompts/,journal prompts for presence and awareness,2023-04-01,2023-04-01,Aarushi Tewari
What is something that you did today that made you feel happy or proud?,https://blog.gratefulness.me/self-care-journal-prompts/,journal prompts for presence and awareness,2023-04-01,2023-04-01,Aarushi Tewari
"Write down three things that you accomplished this week, no matter how small they may seem.",https://blog.gratefulness.me/self-care-journal-prompts/,journal prompts for presence and awareness,2023-04-01,2023-04-01,Aarushi Tewari
"What is something that you're struggling with right now, and what steps can you take to address it?",https://blog.gratefulness.me/self-care-journal-prompts/,journal prompts for presence and awareness,2023-04-01,2023-04-01,Aarushi Tewari
Where do you feel most happy and relaxed?,https://blog.gratefulness.me/self-care-journal-prompts/,journal prompts for presence and awareness,2023-04-01,2023-04-01,Aarushi Tewari
What is one part of your life that you won't trade for anything?,https://blog.gratefulness.me/self-care-journal-prompts/,journal prompts for presence and awareness,2023-04-01,2023-04-01,Aarushi Tewari
Choose 3 people to say thanks today. Write about why you are thankful to them.,https://blog.gratefulness.me/self-care-journal-prompts/,journal prompts for presence and awareness,2023-04-01,2023-04-01,Aarushi Tewari
What is your idea of a happy life?,https://blog.gratefulness.me/self-care-journal-prompts/,journal prompts for presence and awareness,2023-04-01,2023-04-01,Aarushi Tewari
List 3 things that help you feel cozy and comfortable.,https://blog.gratefulness.me/self-care-journal-prompts/,journal prompts for presence and awareness,2023-04-01,2023-04-01,Aarushi Tewari
Write about one positive change in your life from the last year.,https://blog.gratefulness.me/self-care-journal-prompts/,journal prompts for presence and awareness,2023-04-01,2023-04-01,Aarushi Tewari
What is a little thing that you can do to take care of yourself?,https://blog.gratefulness.me/self-care-journal-prompts/,journal prompts for presence and awareness,2023-04-01,2023-04-01,Aarushi Tewari
"Write a letter to yourself, reflecting on your strengths and the progress you've made recently.",https://blog.gratefulness.me/self-care-journal-prompts/,journal prompts for presence and awareness,2023-04-01,2023-04-01,Aarushi Tewari
Write down three things that you want to prioritize in your self-care routine this month.,https://blog.gratefulness.me/self-care-journal-prompts/,journal prompts for presence and awareness,2023-04-01,2023-04-01,Aarushi Tewari
What is something that you can do today to show yourself some love and kindness?,https://blog.gratefulness.me/self-care-journal-prompts/,journal prompts for presence and awareness,2023-04-01,2023-04-01,Aarushi Tewari
"What is something that you're currently worrying about, and how can you reframe your thoughts to feel more positive and empowered?",https://blog.gratefulness.me/self-care-journal-prompts/,journal prompts for presence and awareness,2023-04-01,2023-04-01,Aarushi Tewari
"What is something that you're struggling with right now, and how can you show yourself kindness and compassion in this moment?",https://blog.gratefulness.me/self-care-journal-prompts/,journal prompts for presence and awareness,2023-04-01,2023-04-01,Aarushi Tewari
"Write a letter to yourself, reflecting on your current emotions and how you're coping with them. Be kind and compassionate to yourself as you write.",https://blog.gratefulness.me/self-care-journal-prompts/,journal prompts for presence and awareness,2023-04-01,2023-04-01,Aarushi Tewari
"Write about a time when you felt truly happy and content. What were the circumstances, and how can you recreate that feeling in your life now?",https://blog.gratefulness.me/self-care-journal-prompts/,journal prompts for presence and awareness,2023-04-01,2023-04-01,Aarushi Tewari
"What is something that you're afraid of or anxious about, and what steps can you take to address those feelings?",https://blog.gratefulness.me/self-care-journal-prompts/,journal prompts for presence and awareness,2023-04-01,2023-04-01,Aarushi Tewari
"What is something that you've been avoiding or putting off, and what is holding you back? How can you take a small step towards addressing it today?",https://blog.gratefulness.me/self-care-journal-prompts/,journal prompts for presence and awareness,2023-04-01,2023-04-01,Aarushi Tewari
Write down five things that you're looking forward to in the next week or month.,https://blog.gratefulness.me/self-care-journal-prompts/,journal prompts for presence and awareness,2023-04-01,2023-04-01,Aarushi Tewari
"Write down three things that you're grateful for today, and why you appreciate them.",https://blog.gratefulness.me/self-care-journal-prompts/,journal prompts for presence and awareness,2023-04-01,2023-04-01,Aarushi Tewari
"Reflect on a recent event or experience that brought up strong emotions for you. Write about what you felt, why you felt it, and what you learned from the experience.",https://blog.gratefulness.me/self-care-journal-prompts/,journal prompts for presence and awareness,2023-04-01,2023-04-01,Aarushi Tewari
"What is something that you're looking forward to in the near future, and why does it bring you joy and excitement?",https://blog.gratefulness.me/self-care-journal-prompts/,journal prompts for presence and awareness,2023-04-01,2023-04-01,Aarushi Tewari
"Reflect on a time when you overcame a difficult challenge, and write down what you learned from the experience.",https://blog.gratefulness.me/self-care-journal-prompts/,journal prompts for presence and awareness,2023-04-01,2023-04-01,Aarushi Tewari
Reflect on a time when you felt disappointed or let down by yourself or others. Write about what you learned from the experience and how you can use that knowledge moving forward.,https://blog.gratefulness.me/self-care-journal-prompts/,journal prompts for presence and awareness,2023-04-01,2023-04-01,Aarushi Tewari
List 5 things in your bedroom that you are grateful for.,https://blog.gratefulness.me/self-care-journal-prompts/,journal prompts for presence and awareness,2023-04-01,2023-04-01,Aarushi Tewari
What is a quality in yourself that has helped you through the years?,https://blog.gratefulness.me/self-care-journal-prompts/,journal prompts for presence and awareness,2023-04-01,2023-04-01,Aarushi Tewari
"Given the choice, where would you want to be right now?",https://blog.gratefulness.me/self-care-journal-prompts/,journal prompts for presence and awareness,2023-04-01,2023-04-01,Aarushi Tewari
What do you wish other people knew about you?,https://blog.gratefulness.me/self-care-journal-prompts/,journal prompts for presence and awareness,2023-04-01,2023-04-01,Aarushi Tewari
"Write down three things that you love about yourself, and why they are important to you.",https://blog.gratefulness.me/self-care-journal-prompts/,journal prompts for presence and awareness,2023-04-01,2023-04-01,Aarushi Tewari
What is one thing that you can do for yourself today to promote self-care and positivity?,https://blog.gratefulness.me/self-care-journal-prompts/,journal prompts for presence and awareness,2023-04-01,2023-04-01,Aarushi Tewari
"Reflect on a time when you overcame a challenge or obstacle. What strengths and qualities did you draw upon, and how can you use them moving forward?",https://blog.gratefulness.me/self-care-journal-prompts/,journal prompts for presence and awareness,2023-04-01,2023-04-01,Aarushi Tewari
"Write about a person or experience that brings you joy and positivity. What do you appreciate about them, and how can you cultivate more of that feeling in your life?",https://blog.gratefulness.me/self-care-journal-prompts/,journal prompts for presence and awareness,2023-04-01,2023-04-01,Aarushi Tewari
Write a letter to your future self. What are your hopes for them?,https://blog.gratefulness.me/self-care-journal-prompts/,journal prompts for presence and awareness,2023-04-01,2023-04-01,Aarushi Tewari
"Write about a time when you felt proud of yourself or accomplished. What did you do to achieve that feeling, and how can you replicate it in other areas of your life?",https://blog.gratefulness.me/self-care-journal-prompts/,journal prompts for presence and awareness,2023-04-01,2023-04-01,Aarushi Tewari
"Reflect on a time when you gave yourself permission to rest and recharge. How did you feel afterwards, and how can you prioritize rest in your life moving forward?",https://blog.gratefulness.me/self-care-journal-prompts/,journal prompts for presence and awareness,2023-04-01,2023-04-01,Aarushi Tewari
What is one positive affirmation or mantra that you can repeat to yourself throughout the day to promote positivity and self-care?,https://blog.gratefulness.me/self-care-journal-prompts/,journal prompts for presence and awareness,2023-04-01,2023-04-01,Aarushi Tewari
"Write down three things that you are grateful for in your life, and why they bring you positivity and joy.",https://blog.gratefulness.me/self-care-journal-prompts/,journal prompts for presence and awareness,2023-04-01,2023-04-01,Aarushi Tewari
What is one small habit or routine that you can incorporate into your daily life to promote self-care and positivity?,https://blog.gratefulness.me/self-care-journal-prompts/,journal prompts for presence and awareness,2023-04-01,2023-04-01,Aarushi Tewari
"Write a letter to yourself at a difficult time in your life, offering yourself compassion and understanding. What would you say to yourself now, with the benefit of hindsight and growth?",https://blog.gratefulness.me/self-care-journal-prompts/,journal prompts for presence and awareness,2023-04-01,2023-04-01,Aarushi Tewari
"Write about a time when you felt truly understood by someone. What did it feel like, and why was that experience important to you?",https://blog.gratefulness.me/self-care-journal-prompts/,journal prompts for presence and awareness,2023-04-01,2023-04-01,Aarushi Tewari
What is one thing that you can do today to show yourself kindness and compassion?,https://blog.gratefulness.me/self-care-journal-prompts/,journal prompts for presence and awareness,2023-04-01,2023-04-01,Aarushi Tewari
Describe a place that feels particularly calming or peaceful to you.,https://blog.gratefulness.me/self-care-journal-prompts/,journal prompts for presence and awareness,2023-04-01,2023-04-01,Aarushi Tewari
Describe a moment in your life when you felt truly alive or present.,https://blog.gratefulness.me/self-care-journal-prompts/,journal prompts for presence and awareness,2023-04-01,2023-04-01,Aarushi Tewari
Reflect on a time when you felt a strong sense of purpose or meaning in your life.,https://blog.gratefulness.me/self-care-journal-prompts/,journal prompts for presence and awareness,2023-04-01,2023-04-01,Aarushi Tewari
Reflect on a time when you felt truly passionate or inspired.,https://blog.gratefulness.me/self-care-journal-prompts/,journal prompts for presence and awareness,2023-04-01,2023-04-01,Aarushi Tewari
Write about a time when you felt truly creative or innovative.,https://blog.gratefulness.me/self-care-journal-prompts/,journal prompts for presence and awareness,2023-04-01,2023-04-01,Aarushi Tewari
What makes you feel calm?,https://blog.gratefulness.me/self-care-journal-prompts/,journal prompts for presence and awareness,2023-04-01,2023-04-01,Aarushi Tewari
What makes you feel powerful?,https://blog.gratefulness.me/self-care-journal-prompts/,journal prompts for presence and awareness,2023-04-01,2023-04-01,Aarushi Tewari
What makes you feel in control?,https://blog.gratefulness.me/self-care-journal-prompts/,journal prompts for presence and awareness,2023-04-01,2023-04-01,Aarushi Tewari
How do you remind yourself that you're enough?,https://blog.gratefulness.me/self-care-journal-prompts/,journal prompts for presence and awareness,2023-04-01,2023-04-01,Aarushi Tewari
How do you calm your nerves in a difficult situation?,https://blog.gratefulness.me/self-care-journal-prompts/,journal prompts for presence and awareness,2023-04-01,2023-04-01,Aarushi Tewari
When do you feel happiest in your skin?,https://blog.gratefulness.me/self-care-journal-prompts/,journal prompts for presence and awareness,2023-04-01,2023-04-01,Aarushi Tewari
What does growing older mean to you?,https://blog.gratefulness.me/self-care-journal-prompts/,journal prompts for presence and awareness,2023-04-01,2023-04-01,Aarushi Tewari
"If you could relive an experience in your life, what would it be?",https://blog.gratefulness.me/self-care-journal-prompts/,journal prompts for presence and awareness,2023-04-01,2023-04-01,Aarushi Tewari
What do you love about your mind?,https://blog.gratefulness.me/self-care-journal-prompts/,journal prompts for presence and awareness,2023-04-01,2023-04-01,Aarushi Tewari
Do you prefer to read fiction or non-fiction? Why?,https://blog.gratefulness.me/self-care-journal-prompts/,journal prompts for presence and awareness,2023-04-01,2023-04-01,Aarushi Tewari
"If you were stranded on a desert island, what are the one thing and the one person you would choose to have with you and why?",https://blog.gratefulness.me/self-care-journal-prompts/,journal prompts for presence and awareness,2023-04-01,2023-04-01,Aarushi Tewari
What do you love about your body?,https://blog.gratefulness.me/self-care-journal-prompts/,journal prompts for presence and awareness,2023-04-01,2023-04-01,Aarushi Tewari
What are the 5 things that your past self would love about your current self?,https://blog.gratefulness.me/self-care-journal-prompts/,journal prompts for presence and awareness,2023-04-01,2023-04-01,Aarushi Tewari
What do you love about your personality?,https://blog.gratefulness.me/self-care-journal-prompts/,journal prompts for presence and awareness,2023-04-01,2023-04-01,Aarushi Tewari
What's one feeling that's been bothering you lately? How can you process and release it?,https://blog.gratefulness.me/self-care-journal-prompts/,journal prompts for presence and awareness,2023-04-01,2023-04-01,Aarushi Tewari
What is a challenge that you have overcome?,https://blog.gratefulness.me/self-care-journal-prompts/,journal prompts for presence and awareness,2023-04-01,2023-04-01,Aarushi Tewari
"What dream or desire have you been hesitant to pursue? What's holding you back, and what steps can you take to move towards it?",https://blog.gratefulness.me/self-care-journal-prompts/,journal prompts for presence and awareness,2023-04-01,2023-04-01,Aarushi Tewari
When have you felt truly confident and empowered? How can you channel that energy into your current situation?,https://blog.gratefulness.me/self-care-journal-prompts/,journal prompts for presence and awareness,2023-04-01,2023-04-01,Aarushi Tewari
When have you felt a strong connection to someone or something outside of yourself? How can you cultivate more of that connection in your life?,https://blog.gratefulness.me/self-care-journal-prompts/,journal prompts for presence and awareness,2023-04-01,2023-04-01,Aarushi Tewari
When have you felt truly alive or present? How can you tap into that feeling again?,https://blog.gratefulness.me/self-care-journal-prompts/,journal prompts for presence and awareness,2023-04-01,2023-04-01,Aarushi Tewari
When have you felt misunderstood or invalidated? How can you communicate your feelings and needs in a way that helps others understand you better?,https://blog.gratefulness.me/self-care-journal-prompts/,journal prompts for presence and awareness,2023-04-01,2023-04-01,Aarushi Tewari
What situation has been causing you stress or anxiety? How can you approach it in a way that aligns with your values and needs?,https://blog.gratefulness.me/self-care-journal-prompts/,journal prompts for presence and awareness,2023-04-01,2023-04-01,Aarushi Tewari
"When have you experienced a significant loss or change in your life? What did you learn, and how can you use that knowledge to move forward?",https://blog.gratefulness.me/self-care-journal-prompts/,journal prompts for presence and awareness,2023-04-01,2023-04-01,Aarushi Tewari
When have you felt truly vulnerable or exposed? How can you use that vulnerability to connect with others in a meaningful way?,https://blog.gratefulness.me/self-care-journal-prompts/,journal prompts for presence and awareness,2023-04-01,2023-04-01,Aarushi Tewari
When have you felt a sense of purpose or meaning in your life? How can you use that sense of purpose to guide your decisions and actions moving forward?,https://blog.gratefulness.me/self-care-journal-prompts/,journal prompts for presence and awareness,2023-04-01,2023-04-01,Aarushi Tewari
When have you felt a sense of shame or guilt? How can you release any negative feelings associated with that situation and move towards a place of healing and forgiveness?,https://blog.gratefulness.me/self-care-journal-prompts/,journal prompts for presence and awareness,2023-04-01,2023-04-01,Aarushi Tewari
When have you felt truly creative or innovative? How can you nurture your creativity and innovation in your daily life?,https://blog.gratefulness.me/self-care-journal-prompts/,journal prompts for presence and awareness,2023-04-01,2023-04-01,Aarushi Tewari
When have you felt truly grateful or appreciative? How can you cultivate more gratitude and appreciation in your life?,https://blog.gratefulness.me/self-care-journal-prompts/,journal prompts for presence and awareness,2023-04-01,2023-04-01,Aarushi Tewari
What's one negative thought or belief you have about yourself? How can you challenge and reframe it in a more positive light?,https://blog.gratefulness.me/self-care-journal-prompts/,journal prompts for presence and awareness,2023-04-01,2023-04-01,Aarushi Tewari
What's one thing you've been avoiding that you know you need to confront? How can you take the first step towards confronting it?,https://blog.gratefulness.me/self-care-journal-prompts/,journal prompts for presence and awareness,2023-04-01,2023-04-01,Aarushi Tewari
What's one activity or practice that always makes you feel better? How can you incorporate it more into your routine?,https://blog.gratefulness.me/self-care-journal-prompts/,journal prompts for presence and awareness,2023-04-01,2023-04-01,Aarushi Tewari
What's one thing you appreciate about yourself? How can you celebrate and honor that trait or quality in your life?,https://blog.gratefulness.me/self-care-journal-prompts/,journal prompts for presence and awareness,2023-04-01,2023-04-01,Aarushi Tewari
When have you felt a strong connection to nature? How can you foster that connection in your daily life?,https://blog.gratefulness.me/self-care-journal-prompts/,journal prompts for presence and awareness,2023-04-01,2023-04-01,Aarushi Tewari
When have you felt a strong sense of empathy or compassion for someone else? How can you cultivate those feelings of empathy and compassion in your daily life?,https://blog.gratefulness.me/self-care-journal-prompts/,journal prompts for presence and awareness,2023-04-01,2023-04-01,Aarushi Tewari
When have you felt truly seen and heard by someone else? How can you offer that same level of understanding and validation to others in your life?,https://blog.gratefulness.me/self-care-journal-prompts/,journal prompts for presence and awareness,2023-04-01,2023-04-01,Aarushi Tewari
Who do you trust most? Why?,https://psychcentral.com/blog/ready-set-journal-64-journaling-prompts-for-self-discovery,journal prompts for presence and awareness,2021-05-17,2021-05-17,Crystal Raypole
"What are your strengths in relationships (kindness, empathy, etc.)?",https://psychcentral.com/blog/ready-set-journal-64-journaling-prompts-for-self-discovery,journal prompts for presence and awareness,2021-05-17,2021-05-17,Crystal Raypole
"What do you value most in relationships (trust, respect, sense of humor, etc.)?",https://psychcentral.com/blog/ready-set-journal-64-journaling-prompts-for-self-discovery,journal prompts for presence and awareness,2021-05-17,2021-05-17,Crystal Raypole
How do you draw strength from loved ones?,https://psychcentral.com/blog/ready-set-journal-64-journaling-prompts-for-self-discovery,journal prompts for presence and awareness,2021-05-17,2021-05-17,Crystal Raypole
What five traits do you value most in potential partners?,https://psychcentral.com/blog/ready-set-journal-64-journaling-prompts-for-self-discovery,journal prompts for presence and awareness,2021-05-17,2021-05-17,Crystal Raypole
What are three things working well in your current relationship? What are three things that could be better?,https://psychcentral.com/blog/ready-set-journal-64-journaling-prompts-for-self-discovery,journal prompts for presence and awareness,2021-05-17,2021-05-17,Crystal Raypole
What do you most want your children (or future children) to learn from you?,https://psychcentral.com/blog/ready-set-journal-64-journaling-prompts-for-self-discovery,journal prompts for presence and awareness,2021-05-17,2021-05-17,Crystal Raypole
How do you show compassion to others? How can you extend that same compassion to yourself?,https://psychcentral.com/blog/ready-set-journal-64-journaling-prompts-for-self-discovery,journal prompts for presence and awareness,2021-05-17,2021-05-17,Crystal Raypole
What boundaries could you set in your relationships to safeguard your own well-being?,https://psychcentral.com/blog/ready-set-journal-64-journaling-prompts-for-self-discovery,journal prompts for presence and awareness,2021-05-17,2021-05-17,Crystal Raypole
How can you better support and appreciate your loved ones?,https://psychcentral.com/blog/ready-set-journal-64-journaling-prompts-for-self-discovery,journal prompts for presence and awareness,2021-05-17,2021-05-17,Crystal Raypole
What three important things have you learned from previous relationships?,https://psychcentral.com/blog/ready-set-journal-64-journaling-prompts-for-self-discovery,journal prompts for presence and awareness,2021-05-17,2021-05-17,Crystal Raypole
What does love mean to you? How do you recognize it in a relationship?,https://psychcentral.com/blog/ready-set-journal-64-journaling-prompts-for-self-discovery,journal prompts for presence and awareness,2021-05-17,2021-05-17,Crystal Raypole
"List three things you’d like to tell a friend, family member, or partner.",https://psychcentral.com/blog/ready-set-journal-64-journaling-prompts-for-self-discovery,journal prompts for presence and awareness,2021-05-17,2021-05-17,Crystal Raypole
How do your co-workers and supervisors recognize your strengths?,https://psychcentral.com/blog/ready-set-journal-64-journaling-prompts-for-self-discovery,journal prompts for presence and awareness,2021-05-17,2021-05-17,Crystal Raypole
How do you use your personal strengths and abilities at work?,https://psychcentral.com/blog/ready-set-journal-64-journaling-prompts-for-self-discovery,journal prompts for presence and awareness,2021-05-17,2021-05-17,Crystal Raypole
"What about your work feels real, necessary, or important to you?",https://psychcentral.com/blog/ready-set-journal-64-journaling-prompts-for-self-discovery,journal prompts for presence and awareness,2021-05-17,2021-05-17,Crystal Raypole
How does work fulfill you? Does it leave you wanting more?,https://psychcentral.com/blog/ready-set-journal-64-journaling-prompts-for-self-discovery,journal prompts for presence and awareness,2021-05-17,2021-05-17,Crystal Raypole
What part of your workday do you most enjoy?,https://psychcentral.com/blog/ready-set-journal-64-journaling-prompts-for-self-discovery,journal prompts for presence and awareness,2021-05-17,2021-05-17,Crystal Raypole
Do you see yourself in the same job in 10 years?,https://psychcentral.com/blog/ready-set-journal-64-journaling-prompts-for-self-discovery,journal prompts for presence and awareness,2021-05-17,2021-05-17,Crystal Raypole
What three things can help you begin working to accomplish those goals?,https://psychcentral.com/blog/ready-set-journal-64-journaling-prompts-for-self-discovery,journal prompts for presence and awareness,2021-05-17,2021-05-17,Crystal Raypole
What can you do to improve your work performance?,https://psychcentral.com/blog/ready-set-journal-64-journaling-prompts-for-self-discovery,journal prompts for presence and awareness,2021-05-17,2021-05-17,Crystal Raypole
What are your career ambitions?,https://psychcentral.com/blog/ready-set-journal-64-journaling-prompts-for-self-discovery,journal prompts for presence and awareness,2021-05-17,2021-05-17,Crystal Raypole
What does your work teach you? Does it offer continued opportunities for learning and growth?,https://psychcentral.com/blog/ready-set-journal-64-journaling-prompts-for-self-discovery,journal prompts for presence and awareness,2021-05-17,2021-05-17,Crystal Raypole
What three changes can you make to live according to your personal values?,https://psychcentral.com/blog/ready-set-journal-64-journaling-prompts-for-self-discovery,journal prompts for presence and awareness,2021-05-17,2021-05-17,Crystal Raypole
"Describe yourself using the first 10 words that come to mind. Then, list 10 words that you’d like to use to describe yourself. List a few ways to transform those descriptions into reality.",https://psychcentral.com/blog/ready-set-journal-64-journaling-prompts-for-self-discovery,journal prompts for presence and awareness,2021-05-17,2021-05-17,Crystal Raypole
"What values do you consider most important in life (honesty, justice, altruism, loyalty, etc.)? How do your actions align with those values?",https://psychcentral.com/blog/ready-set-journal-64-journaling-prompts-for-self-discovery,journal prompts for presence and awareness,2021-05-17,2021-05-17,Crystal Raypole
Explore an opinion or two that you held in the past but have since questioned or changed. What led you to change that opinion?,https://psychcentral.com/blog/ready-set-journal-64-journaling-prompts-for-self-discovery,journal prompts for presence and awareness,2021-05-17,2021-05-17,Crystal Raypole
List three personal beliefs that you’re willing to reconsider or further explore.,https://psychcentral.com/blog/ready-set-journal-64-journaling-prompts-for-self-discovery,journal prompts for presence and awareness,2021-05-17,2021-05-17,Crystal Raypole
Does your work drain or overwhelm you? Why? Is this something you can change?,https://psychcentral.com/blog/ready-set-journal-64-journaling-prompts-for-self-discovery,journal prompts for presence and awareness,2021-05-17,2021-05-17,Crystal Raypole
Finish this sentence: “My life would be incomplete without …”,https://psychcentral.com/blog/ready-set-journal-64-journaling-prompts-for-self-discovery,journal prompts for presence and awareness,2021-05-17,2021-05-17,Crystal Raypole
Describe one or two significant life events that helped shape you into who you are today.,https://psychcentral.com/blog/ready-set-journal-64-journaling-prompts-for-self-discovery,journal prompts for presence and awareness,2021-05-17,2021-05-17,Crystal Raypole
What do you appreciate most about your personality? What aspects do you find harder to accept?,https://psychcentral.com/blog/ready-set-journal-64-journaling-prompts-for-self-discovery,journal prompts for presence and awareness,2021-05-17,2021-05-17,Crystal Raypole
When do you trust yourself most? When do you find it harder to have faith in your instincts?,https://psychcentral.com/blog/ready-set-journal-64-journaling-prompts-for-self-discovery,journal prompts for presence and awareness,2021-05-17,2021-05-17,Crystal Raypole
"What three things would you most like others (loved ones, potential friends and partners, professional acquaintances, etc.) to know about you?",https://psychcentral.com/blog/ready-set-journal-64-journaling-prompts-for-self-discovery,journal prompts for presence and awareness,2021-05-17,2021-05-17,Crystal Raypole
What difficult thoughts or emotions come up most frequently for you?,https://psychcentral.com/blog/ready-set-journal-64-journaling-prompts-for-self-discovery,journal prompts for presence and awareness,2021-05-17,2021-05-17,Crystal Raypole
"Which emotions do you find hardest to accept (guilt, anger, disappointment, etc.)? How do you handle these emotions?",https://psychcentral.com/blog/ready-set-journal-64-journaling-prompts-for-self-discovery,journal prompts for presence and awareness,2021-05-17,2021-05-17,Crystal Raypole
Describe a choice you regret. What did you learn from it?,https://psychcentral.com/blog/ready-set-journal-64-journaling-prompts-for-self-discovery,journal prompts for presence and awareness,2021-05-17,2021-05-17,Crystal Raypole
What are three things that can instantly disrupt a good mood and bring you down? What strategies do you use to counter these effects?,https://psychcentral.com/blog/ready-set-journal-64-journaling-prompts-for-self-discovery,journal prompts for presence and awareness,2021-05-17,2021-05-17,Crystal Raypole
"What parts of daily life cause stress, frustration, or sadness? What can you do to change those experiences?",https://psychcentral.com/blog/ready-set-journal-64-journaling-prompts-for-self-discovery,journal prompts for presence and awareness,2021-05-17,2021-05-17,Crystal Raypole
What go-to coping strategies help you get through moments of emotional or physical pain?,https://psychcentral.com/blog/ready-set-journal-64-journaling-prompts-for-self-discovery,journal prompts for presence and awareness,2021-05-17,2021-05-17,Crystal Raypole
What are three self-defeating thoughts that show up in your self-talk? How can you reframe them to encourage yourself instead?,https://psychcentral.com/blog/ready-set-journal-64-journaling-prompts-for-self-discovery,journal prompts for presence and awareness,2021-05-17,2021-05-17,Crystal Raypole
Who do you trust with your most painful and upsetting feelings? How can you connect with them when feeling low?,https://psychcentral.com/blog/ready-set-journal-64-journaling-prompts-for-self-discovery,journal prompts for presence and awareness,2021-05-17,2021-05-17,Crystal Raypole
What do you fear most? Have your fears changed throughout life?,https://psychcentral.com/blog/ready-set-journal-64-journaling-prompts-for-self-discovery,journal prompts for presence and awareness,2021-05-17,2021-05-17,Crystal Raypole
Describe your favorite thing to do when feeling low.,https://psychcentral.com/blog/ready-set-journal-64-journaling-prompts-for-self-discovery,journal prompts for presence and awareness,2021-05-17,2021-05-17,Crystal Raypole
What three ordinary things bring you the most joy?,https://psychcentral.com/blog/ready-set-journal-64-journaling-prompts-for-self-discovery,journal prompts for presence and awareness,2021-05-17,2021-05-17,Crystal Raypole
How do you prioritize self-care?,https://psychcentral.com/blog/ready-set-journal-64-journaling-prompts-for-self-discovery,journal prompts for presence and awareness,2021-05-17,2021-05-17,Crystal Raypole
Describe two or three things you do to relax.,https://psychcentral.com/blog/ready-set-journal-64-journaling-prompts-for-self-discovery,journal prompts for presence and awareness,2021-05-17,2021-05-17,Crystal Raypole
What aspects of your life are you most grateful for?,https://psychcentral.com/blog/ready-set-journal-64-journaling-prompts-for-self-discovery,journal prompts for presence and awareness,2021-05-17,2021-05-17,Crystal Raypole
How do you show yourself kindness and compassion each day?,https://psychcentral.com/blog/ready-set-journal-64-journaling-prompts-for-self-discovery,journal prompts for presence and awareness,2021-05-17,2021-05-17,Crystal Raypole
Write a short love letter to some object or place that makes you happy.,https://psychcentral.com/blog/ready-set-journal-64-journaling-prompts-for-self-discovery,journal prompts for presence and awareness,2021-05-17,2021-05-17,Crystal Raypole
What place makes you feel most peaceful? Describe that place using all five senses.,https://psychcentral.com/blog/ready-set-journal-64-journaling-prompts-for-self-discovery,journal prompts for presence and awareness,2021-05-17,2021-05-17,Crystal Raypole
What parts of life surprised you most? What turned out the way you expected it would?,https://psychcentral.com/blog/ready-set-journal-64-journaling-prompts-for-self-discovery,journal prompts for presence and awareness,2021-05-17,2021-05-17,Crystal Raypole
What are your favorite hobbies? Why?,https://psychcentral.com/blog/ready-set-journal-64-journaling-prompts-for-self-discovery,journal prompts for presence and awareness,2021-05-17,2021-05-17,Crystal Raypole
List three important goals. How do they match up to your goals from 5 years ago?,https://psychcentral.com/blog/ready-set-journal-64-journaling-prompts-for-self-discovery,journal prompts for presence and awareness,2021-05-17,2021-05-17,Crystal Raypole
"Do your goals truly reflect your desires? Or do they reflect what someone else (a parent, partner, friend, etc.) wants for you?",https://psychcentral.com/blog/ready-set-journal-64-journaling-prompts-for-self-discovery,journal prompts for presence and awareness,2021-05-17,2021-05-17,Crystal Raypole
What three things would you share with your teenage self? What three questions would you want to ask an older version of yourself?,https://psychcentral.com/blog/ready-set-journal-64-journaling-prompts-for-self-discovery,journal prompts for presence and awareness,2021-05-17,2021-05-17,Crystal Raypole
What helps you stay focused and motivated when you feel discouraged?,https://psychcentral.com/blog/ready-set-journal-64-journaling-prompts-for-self-discovery,journal prompts for presence and awareness,2021-05-17,2021-05-17,Crystal Raypole
"Identify one area where you’d like to improve. Then, list three specific actions you can take to create that change.",https://psychcentral.com/blog/ready-set-journal-64-journaling-prompts-for-self-discovery,journal prompts for presence and awareness,2021-05-17,2021-05-17,Crystal Raypole
What do you look forward to most in the future?,https://psychcentral.com/blog/ready-set-journal-64-journaling-prompts-for-self-discovery,journal prompts for presence and awareness,2021-05-17,2021-05-17,Crystal Raypole
How do you make time for yourself each day?,https://psychcentral.com/blog/ready-set-journal-64-journaling-prompts-for-self-discovery,journal prompts for presence and awareness,2021-05-17,2021-05-17,Crystal Raypole
What do you most want to accomplish in life?,https://psychcentral.com/blog/ready-set-journal-64-journaling-prompts-for-self-discovery,journal prompts for presence and awareness,2021-05-17,2021-05-17,Crystal Raypole
Do you struggle with showing yourself compassion? How does showing yourself compassion make you feel?,https://seekingserotonin.com/shadow-work-journal-prompts/,journal prompts for presence and awareness,2023-10-01,2023-10-01,Nia Griffiths
What are five self-care activities that make you feel safe and secure?,https://seekingserotonin.com/shadow-work-journal-prompts/,journal prompts for presence and awareness,2023-10-01,2023-10-01,Nia Griffiths
"Write about a time you showed someone else compassion. Why, and how did that feel?",https://seekingserotonin.com/shadow-work-journal-prompts/,journal prompts for presence and awareness,2023-10-01,2023-10-01,Nia Griffiths
"List three obstacles lying in the way of your contentment or happiness. Then, list two potential solutions to begin overcoming each obstacle.",https://psychcentral.com/blog/ready-set-journal-64-journaling-prompts-for-self-discovery,journal prompts for presence and awareness,2021-05-17,2021-05-17,Crystal Raypole
When was the last time you truly gave yourself grace and forgave yourself for a mistake? What was the mistake?,https://seekingserotonin.com/shadow-work-journal-prompts/,journal prompts for presence and awareness,2023-10-01,2023-10-01,Nia Griffiths
Write about a time when someone else showed you compassion. How did it feel?,https://seekingserotonin.com/shadow-work-journal-prompts/,journal prompts for presence and awareness,2023-10-01,2023-10-01,Nia Griffiths
When are you hardest on yourself? Where do you think this stems from?,https://seekingserotonin.com/shadow-work-journal-prompts/,journal prompts for presence and awareness,2023-10-01,2023-10-01,Nia Griffiths
Why are you so reluctant to be kind to yourself?,https://seekingserotonin.com/shadow-work-journal-prompts/,journal prompts for presence and awareness,2023-10-01,2023-10-01,Nia Griffiths
Write about a time you put yourself under unnecessary pressure. Why do you think you did this? Were you put under pressure by parents/caregivers?,https://seekingserotonin.com/shadow-work-journal-prompts/,journal prompts for presence and awareness,2023-10-01,2023-10-01,Nia Griffiths
Write about a time you messed up and needed forgiveness. How did this play out?,https://seekingserotonin.com/shadow-work-journal-prompts/,journal prompts for presence and awareness,2023-10-01,2023-10-01,Nia Griffiths
What types of body movement feel good to you?,https://seekingserotonin.com/shadow-work-journal-prompts/,journal prompts for presence and awareness,2023-10-01,2023-10-01,Nia Griffiths
What are three ways you can be kind to yourself today?,https://seekingserotonin.com/shadow-work-journal-prompts/,journal prompts for presence and awareness,2023-10-01,2023-10-01,Nia Griffiths
What are three main goals you want to achieve with shadow work?,https://seekingserotonin.com/shadow-work-journal-prompts/,journal prompts for presence and awareness,2023-10-01,2023-10-01,Nia Griffiths
What Jungian archetype do you most identify with and why?,https://seekingserotonin.com/shadow-work-journal-prompts/,journal prompts for presence and awareness,2023-10-01,2023-10-01,Nia Griffiths
How do you set and enforce boundaries? What are your boundaries?,https://seekingserotonin.com/shadow-work-journal-prompts/,journal prompts for presence and awareness,2023-10-01,2023-10-01,Nia Griffiths
"When you really think about it, is there anything you’re currently in denial about and avoiding?",https://seekingserotonin.com/shadow-work-journal-prompts/,journal prompts for presence and awareness,2023-10-01,2023-10-01,Nia Griffiths
What does “love” mean to you?,https://seekingserotonin.com/shadow-work-journal-prompts/,journal prompts for presence and awareness,2023-10-01,2023-10-01,Nia Griffiths
What situations make you feel less than or not good enough? Why do you think this is?,https://seekingserotonin.com/shadow-work-journal-prompts/,journal prompts for presence and awareness,2023-10-01,2023-10-01,Nia Griffiths
How do you feel when people overstep your boundaries?,https://seekingserotonin.com/shadow-work-journal-prompts/,journal prompts for presence and awareness,2023-10-01,2023-10-01,Nia Griffiths
Have you ever found yourself manipulating others to protect yourself? When did this start and how does this make you feel?,https://seekingserotonin.com/shadow-work-journal-prompts/,journal prompts for presence and awareness,2023-10-01,2023-10-01,Nia Griffiths
What’s one regret you have? Why is it a regret? How do you feel about it? Is this something you can correct in future?,https://seekingserotonin.com/shadow-work-journal-prompts/,journal prompts for presence and awareness,2023-10-01,2023-10-01,Nia Griffiths
How is your current relationship with your family?,https://seekingserotonin.com/shadow-work-journal-prompts/,journal prompts for presence and awareness,2023-10-01,2023-10-01,Nia Griffiths
Did your parents show you compassion and forgiveness as a child?,https://seekingserotonin.com/shadow-work-journal-prompts/,journal prompts for presence and awareness,2023-10-01,2023-10-01,Nia Griffiths
"What were your parents’/caregivers’ morals and values? How do your own morals and values reflect these today, and why do you think that is?",https://seekingserotonin.com/shadow-work-journal-prompts/,journal prompts for presence and awareness,2023-10-01,2023-10-01,Nia Griffiths
What was one time you can remember feeling wronged as a child? How did you react? How has this affected you in adulthood?,https://seekingserotonin.com/shadow-work-journal-prompts/,journal prompts for presence and awareness,2023-10-01,2023-10-01,Nia Griffiths
What are your core values as a human being? What’s more important to you? What are you morally passionate about?,https://seekingserotonin.com/shadow-work-journal-prompts/,journal prompts for presence and awareness,2023-10-01,2023-10-01,Nia Griffiths
How do you perceive failure? How does it make you feel?,https://seekingserotonin.com/shadow-work-journal-prompts/,journal prompts for presence and awareness,2023-10-01,2023-10-01,Nia Griffiths
How did your parents react to failure?,https://seekingserotonin.com/shadow-work-journal-prompts/,journal prompts for presence and awareness,2023-10-01,2023-10-01,Nia Griffiths
